ISBN;Book-Title;Book-Author;Year-Of-Publication;Publisher;Image-URL-S;Image-URL-M;Image-URL-L
038081840X;Year's Best Fantasy (Year's Best Fantasy);David G. Hartwell;2001;Eos;http://images.amazon.com/images/P/038081840X.01.THUMBZZZ.jpg;http://images.amazon.com/images/P/038081840X.01.MZZZZZZZ.jpg;http://images.amazon.com/images/P/038081840X.01.LZZZZZZZ.jpg
0140382658;You Can Surf the Net: Your Guide to the World of the Internet;Marc Gascoigne;1996;Puffin Books;http://images.amazon.com/images/P/0140382658.01.THUMBZZZ.jpg;http://images.amazon.com/images/P/0140382658.01.MZZZZZZZ.jpg;http://images.amazon.com/images/P/0140382658.01.LZZZZZZZ.jpg
0308102282;Your Erroneous Zones;Wayne W. Dyer;1976;Harpercollins;http://images.amazon.com/images/P/0308102282.01.THUMBZZZ.jpg;http://images.amazon.com/images/P/0308102282.01.MZZZZZZZ.jpg;http://images.amazon.com/images/P/0308102282.01.LZZZZZZZ.jpg
0590418858;You Be the Jury #02;Marvin Miller;1989;Scholastic;http://images.amazon.com/images/P/0590418858.01.THUMBZZZ.jpg;http://images.amazon.com/images/P/0590418858.01.MZZZZZZZ.jpg;http://images.amazon.com/images/P/0590418858.01.LZZZZZZZ.jpg
0399148582;You Cannot Be Serious;John McEnroe;2002;Putnam Publishing Group;http://images.amazon.com/images/P/0399148582.01.THUMBZZZ.jpg;http://images.amazon.com/images/P/0399148582.01.MZZZZZZZ.jpg;http://images.amazon.com/images/P/0399148582.01.LZZZZZZZ.jpg
0345401123;Your Blues Ain't Like Mine;BEBE MOORE CAMPBELL;1995;Ballantine Books;http://images.amazon.com/images/P/0345401123.01.THUMBZZZ.jpg;http://images.amazon.com/images/P/0345401123.01.MZZZZZZZ.jpg;http://images.amazon.com/images/P/0345401123.01.LZZZZZZZ.jpg
0312314256;Year's Best Fantasy and Horror: Sixteenth Edition;Terri Windling;2003;St. Martin's Griffin;http://images.amazon.com/images/P/0312314256.01.THUMBZZZ.jpg;http://images.amazon.com/images/P/0312314256.01.MZZZZZZZ.jpg;http://images.amazon.com/images/P/0312314256.01.LZZZZZZZ.jpg
0375412972;Yeats Is Dead! A Mystery by 15 Irish Writers;Roddy Doyle;2001;Alfred A. Knopf;http://images.amazon.com/images/P/0375412972.01.THUMBZZZ.jpg;http://images.amazon.com/images/P/0375412972.01.MZZZZZZZ.jpg;http://images.amazon.com/images/P/0375412972.01.LZZZZZZZ.jpg
0330312367;Year In Provence;Peter Mayle;0;Pan Books Ltd;http://images.amazon.com/images/P/0330312367.01.THUMBZZZ.jpg;http://images.amazon.com/images/P/0330312367.01.MZZZZZZZ.jpg;http://images.amazon.com/images/P/0330312367.01.LZZZZZZZ.jpg
0375727566;Yeats Is Dead! (Vintage Crime/Black Lizard);Joseph O'Connor;2002;Vintage Books USA;http://images.amazon.com/images/P/0375727566.01.THUMBZZZ.jpg;http://images.amazon.com/images/P/0375727566.01.MZZZZZZZ.jpg;http://images.amazon.com/images/P/0375727566.01.LZZZZZZZ.jpg
0609605623;You're Fifty--Now What?: Investing for the Second Half of Your Life;Charles R. Schwab;2000;Crown Business;http://images.amazon.com/images/P/0609605623.01.THUMBZZZ.jpg;http://images.amazon.com/images/P/0609605623.01.MZZZZZZZ.jpg;http://images.amazon.com/images/P/0609605623.01.LZZZZZZZ.jpg
1563521024;You're Not a Kid Anymore When...;Jeff Foxworthy;1993;Longstreet Press;http://images.amazon.com/images/P/1563521024.01.THUMBZZZ.jpg;http://images.amazon.com/images/P/1563521024.01.MZZZZZZZ.jpg;http://images.amazon.com/images/P/1563521024.01.LZZZZZZZ.jpg
0060175532;Young Wives;Olivia Goldsmith;2000;HarperCollins Publishers;http://images.amazon.com/images/P/0060175532.01.THUMBZZZ.jpg;http://images.amazon.com/images/P/0060175532.01.MZZZZZZZ.jpg;http://images.amazon.com/images/P/0060175532.01.LZZZZZZZ.jpg
0836221966;You Don't Need Experience if You've Got Attitude;Scott Adams;1996;Andrews McMeel Publishing;http://images.amazon.com/images/P/0836221966.01.THUMBZZZ.jpg;http://images.amazon.com/images/P/0836221966.01.MZZZZZZZ.jpg;http://images.amazon.com/images/P/0836221966.01.LZZZZZZZ.jpg
0671004549;You Belong To Me;Mary Higgins Clark;1999;Pocket Books;http://images.amazon.com/images/P/0671004549.01.THUMBZZZ.jpg;http://images.amazon.com/images/P/0671004549.01.MZZZZZZZ.jpg;http://images.amazon.com/images/P/0671004549.01.LZZZZZZZ.jpg
0803287100;Yuwipi: Vision and Experience in Oglala Ritual;William K. Powers;1984;University of Nebraska Press;http://images.amazon.com/images/P/0803287100.01.THUMBZZZ.jpg;http://images.amazon.com/images/P/0803287100.01.MZZZZZZZ.jpg;http://images.amazon.com/images/P/0803287100.01.LZZZZZZZ.jpg
0590428098;Yours Truly, Shirley;Ann M. Martin;1990;Scholastic Paperbacks (Mm);http://images.amazon.com/images/P/0590428098.01.THUMBZZZ.jpg;http://images.amazon.com/images/P/0590428098.01.MZZZZZZZ.jpg;http://images.amazon.com/images/P/0590428098.01.LZZZZZZZ.jpg
3548680291;Yeats ist tot! 15 Autoren schreiben einen sehr irischen Roman.;Marian Keyes;2001;Ullstein TB-Vlg;http://images.amazon.com/images/P/3548680291.01.THUMBZZZ.jpg;http://images.amazon.com/images/P/3548680291.01.MZZZZZZZ.jpg;http://images.amazon.com/images/P/3548680291.01.LZZZZZZZ.jpg
0886251788;You'Ve Lost Your Marbles, Lickety Spilt;H Williams;1988;Durkin Hayes Publishing Ltd.;http://images.amazon.com/images/P/0886251788.01.THUMBZZZ.jpg;http://images.amazon.com/images/P/0886251788.01.MZZZZZZZ.jpg;http://images.amazon.com/images/P/0886251788.01.LZZZZZZZ.jpg
0836218353;Yukon Ho!;Bill Watterson;1989;Andrews McMeel Publishing;http://images.amazon.com/images/P/0836218353.01.THUMBZZZ.jpg;http://images.amazon.com/images/P/0836218353.01.MZZZZZZZ.jpg;http://images.amazon.com/images/P/0836218353.01.LZZZZZZZ.jpg
042515517X;Year of the Tiger;Jack Higgins;1996;Berkley Publishing Group;http://images.amazon.com/images/P/042515517X.01.THUMBZZZ.jpg;http://images.amazon.com/images/P/042515517X.01.MZZZZZZZ.jpg;http://images.amazon.com/images/P/042515517X.01.LZZZZZZZ.jpg
006447335X;Year of the Griffin;Diana Wynne Jones;2001;HarperTrophy;http://images.amazon.com/images/P/006447335X.01.THUMBZZZ.jpg;http://images.amazon.com/images/P/006447335X.01.MZZZZZZZ.jpg;http://images.amazon.com/images/P/006447335X.01.LZZZZZZZ.jpg
0385501676;You Are Not a Stranger Here;Adam Haslett;2002;Nan A. Talese;http://images.amazon.com/images/P/0385501676.01.THUMBZZZ.jpg;http://images.amazon.com/images/P/0385501676.01.MZZZZZZZ.jpg;http://images.amazon.com/images/P/0385501676.01.LZZZZZZZ.jpg
0142001430;Year of Wonders;Geraldine Brooks;2002;Penguin Books;http://images.amazon.com/images/P/0142001430.01.THUMBZZZ.jpg;http://images.amazon.com/images/P/0142001430.01.MZZZZZZZ.jpg;http://images.amazon.com/images/P/0142001430.01.LZZZZZZZ.jpg
0944031072;Your Body Believes Every Word You Say;Barbara Hoberman Levine;1990;Aslan Publishing;http://images.amazon.com/images/P/0944031072.01.THUMBZZZ.jpg;http://images.amazon.com/images/P/0944031072.01.MZZZZZZZ.jpg;http://images.amazon.com/images/P/0944031072.01.LZZZZZZZ.jpg
0380016699;Your Erroneous Zones;Wayne W. Dyer;1977;Avon Books;http://images.amazon.com/images/P/0380016699.01.THUMBZZZ.jpg;http://images.amazon.com/images/P/0380016699.01.MZZZZZZZ.jpg;http://images.amazon.com/images/P/0380016699.01.LZZZZZZZ.jpg
957131577X;Yu shang 100% de nu hai (in traditional Chinese, NOT in English);shang chun shu Cun;1995;Shi Bao;http://images.amazon.com/images/P/957131577X.01.THUMBZZZ.jpg;http://images.amazon.com/images/P/957131577X.01.MZZZZZZZ.jpg;http://images.amazon.com/images/P/957131577X.01.LZZZZZZZ.jpg
0590457233;You Be the Jury: Courtroom IV (You Be the Jury);Marvin Miller;1992;Scholastic Paperbacks (Mm);http://images.amazon.com/images/P/0590457233.01.THUMBZZZ.jpg;http://images.amazon.com/images/P/0590457233.01.MZZZZZZZ.jpg;http://images.amazon.com/images/P/0590457233.01.LZZZZZZZ.jpg
0590769588;You're Invited to Mary-Kate & Ashley's Christmas Party (You're Invited to Mary-Kate & Ashley's);Ellen Reymes;1997;Scholastic;http://images.amazon.com/images/P/0590769588.01.THUMBZZZ.jpg;http://images.amazon.com/images/P/0590769588.01.MZZZZZZZ.jpg;http://images.amazon.com/images/P/0590769588.01.LZZZZZZZ.jpg
0804106576;You Can't Count a Billion Dollars and Other Little-Known Facts About Money;Barbara Seuling;1991;Ivy Books;http://images.amazon.com/images/P/0804106576.01.THUMBZZZ.jpg;http://images.amazon.com/images/P/0804106576.01.MZZZZZZZ.jpg;http://images.amazon.com/images/P/0804106576.01.LZZZZZZZ.jpg
0761516735;You Can Save the Animals: 251 Ways to Stop Thoughtless Cruelty;Ingrid Newkirk;1999;Prima Lifestyles;http://images.amazon.com/images/P/0761516735.01.THUMBZZZ.jpg;http://images.amazon.com/images/P/0761516735.01.MZZZZZZZ.jpg;http://images.amazon.com/images/P/0761516735.01.LZZZZZZZ.jpg
0684835959;YOU BELONG TO ME;Mary Higgins Clark;1998;Simon & Schuster;http://images.amazon.com/images/P/0684835959.01.THUMBZZZ.jpg;http://images.amazon.com/images/P/0684835959.01.MZZZZZZZ.jpg;http://images.amazon.com/images/P/0684835959.01.LZZZZZZZ.jpg
0802730981;You Have Yourself a Deal;James Hadley Chase;1984;Walker & Co;http://images.amazon.com/images/P/0802730981.01.THUMBZZZ.jpg;http://images.amazon.com/images/P/0802730981.01.MZZZZZZZ.jpg;http://images.amazon.com/images/P/0802730981.01.LZZZZZZZ.jpg
0843953101;You Are SO Cursed!;Naomi Nash;2004;Smooch;http://images.amazon.com/images/P/0843953101.01.THUMBZZZ.jpg;http://images.amazon.com/images/P/0843953101.01.MZZZZZZZ.jpg;http://images.amazon.com/images/P/0843953101.01.LZZZZZZZ.jpg
0451121082;You Only Live Twice;Ian Fleming;1982;Signet Book;http://images.amazon.com/images/P/0451121082.01.THUMBZZZ.jpg;http://images.amazon.com/images/P/0451121082.01.MZZZZZZZ.jpg;http://images.amazon.com/images/P/0451121082.01.LZZZZZZZ.jpg
0671648462;YOU WERE BORN AGAIN : YOU WERE BORN AGAIN;Dick Sutphen;1987;Pocket;http://images.amazon.com/images/P/0671648462.01.THUMBZZZ.jpg;http://images.amazon.com/images/P/0671648462.01.MZZZZZZZ.jpg;http://images.amazon.com/images/P/0671648462.01.LZZZZZZZ.jpg
0449002985;Your Oasis on Flame Lake (Ballantine Reader's Circle);LORNA LANDVIK;1998;Ballantine Books;http://images.amazon.com/images/P/0449002985.01.THUMBZZZ.jpg;http://images.amazon.com/images/P/0449002985.01.MZZZZZZZ.jpg;http://images.amazon.com/images/P/0449002985.01.LZZZZZZZ.jpg
0821767852;Yesterday;Fern Michaels;2001;Zebra Books;http://images.amazon.com/images/P/0821767852.01.THUMBZZZ.jpg;http://images.amazon.com/images/P/0821767852.01.MZZZZZZZ.jpg;http://images.amazon.com/images/P/0821767852.01.LZZZZZZZ.jpg
0061061433;Year's Best SF 7;David G. Hartwell;2002;Eos;http://images.amazon.com/images/P/0061061433.01.THUMBZZZ.jpg;http://images.amazon.com/images/P/0061061433.01.MZZZZZZZ.jpg;http://images.amazon.com/images/P/0061061433.01.LZZZZZZZ.jpg
0312863934;Yarrow;Charles de Lint;1997;Orb Books;http://images.amazon.com/images/P/0312863934.01.THUMBZZZ.jpg;http://images.amazon.com/images/P/0312863934.01.MZZZZZZZ.jpg;http://images.amazon.com/images/P/0312863934.01.LZZZZZZZ.jpg
0671793543;You Belong to Me and Other True Cases (Ann Rule's Crime Files: Vol. 2);Ann Rule;1994;Pocket;http://images.amazon.com/images/P/0671793543.01.THUMBZZZ.jpg;http://images.amazon.com/images/P/0671793543.01.MZZZZZZZ.jpg;http://images.amazon.com/images/P/0671793543.01.LZZZZZZZ.jpg
0970335555;You Shall Know Our Velocity;Dave Eggers;2002;McSweeney's Books;http://images.amazon.com/images/P/0970335555.01.THUMBZZZ.jpg;http://images.amazon.com/images/P/0970335555.01.MZZZZZZZ.jpg;http://images.amazon.com/images/P/0970335555.01.LZZZZZZZ.jpg
0061000124;Yogi: It Ain't over;Yogi Berra;1997;HarperCollins Publishers;http://images.amazon.com/images/P/0061000124.01.THUMBZZZ.jpg;http://images.amazon.com/images/P/0061000124.01.MZZZZZZZ.jpg;http://images.amazon.com/images/P/0061000124.01.LZZZZZZZ.jpg
8432245607;Yo, Tu Madre/I, Your Mother;Christiane Collange;1985;Aims Intl Books;http://images.amazon.com/images/P/8432245607.01.THUMBZZZ.jpg;http://images.amazon.com/images/P/8432245607.01.MZZZZZZZ.jpg;http://images.amazon.com/images/P/8432245607.01.LZZZZZZZ.jpg
0590502077;You Can't Eat Your Chicken Pox, Amber Brown (Amber Brown (Paperback));Paula Danziger;1996;Little Apple;http://images.amazon.com/images/P/0590502077.01.THUMBZZZ.jpg;http://images.amazon.com/images/P/0590502077.01.MZZZZZZZ.jpg;http://images.amazon.com/images/P/0590502077.01.LZZZZZZZ.jpg
0385509529;You Are Not a Stranger Here (Today Show Book Club #2);ADAM HASLETT;2002;Nan A. Talese;http://images.amazon.com/images/P/0385509529.01.THUMBZZZ.jpg;http://images.amazon.com/images/P/0385509529.01.MZZZZZZZ.jpg;http://images.amazon.com/images/P/0385509529.01.LZZZZZZZ.jpg
0345372050;You Just Don't Understand;DEBORAH TANNEN;1991;Ballantine Books;http://images.amazon.com/images/P/0345372050.01.THUMBZZZ.jpg;http://images.amazon.com/images/P/0345372050.01.MZZZZZZZ.jpg;http://images.amazon.com/images/P/0345372050.01.LZZZZZZZ.jpg
0590457241;You Be the Jury: Courtroom III (You Be the Jury);Marvin Miller;1992;Scholastic Paperbacks (Mm);http://images.amazon.com/images/P/0590457241.01.THUMBZZZ.jpg;http://images.amazon.com/images/P/0590457241.01.MZZZZZZZ.jpg;http://images.amazon.com/images/P/0590457241.01.LZZZZZZZ.jpg
0590426265;Yours Till the Meatball Bounces (Friends 4-Ever, No 2);Deirdre Corey;1990;Scholastic Paperbacks (Mm);http://images.amazon.com/images/P/0590426265.01.THUMBZZZ.jpg;http://images.amazon.com/images/P/0590426265.01.MZZZZZZZ.jpg;http://images.amazon.com/images/P/0590426265.01.LZZZZZZZ.jpg
0440404975;Your Move, J.P.!;Lois Lowry;1991;Yearling Books;http://images.amazon.com/images/P/0440404975.01.THUMBZZZ.jpg;http://images.amazon.com/images/P/0440404975.01.MZZZZZZZ.jpg;http://images.amazon.com/images/P/0440404975.01.LZZZZZZZ.jpg
0440407591;Year of Impossible Goodbyes;Sook Nyul Choi;1993;Yearling Books;http://images.amazon.com/images/P/0440407591.01.THUMBZZZ.jpg;http://images.amazon.com/images/P/0440407591.01.MZZZZZZZ.jpg;http://images.amazon.com/images/P/0440407591.01.LZZZZZZZ.jpg
0486270602;Young Goodman Brown and Other Short Stories (Dover Thrift Editions);Nathaniel Hawthorne;1992;Dover Publications;http://images.amazon.com/images/P/0486270602.01.THUMBZZZ.jpg;http://images.amazon.com/images/P/0486270602.01.MZZZZZZZ.jpg;http://images.amazon.com/images/P/0486270602.01.LZZZZZZZ.jpg
0060955635;Young Wives: A Novel;Olivia Goldsmith;2000;HarperCollins Publishers;http://images.amazon.com/images/P/0060955635.01.THUMBZZZ.jpg;http://images.amazon.com/images/P/0060955635.01.MZZZZZZZ.jpg;http://images.amazon.com/images/P/0060955635.01.LZZZZZZZ.jpg
0060919760;Your Erroneous Zones : Step-by-Step Advice for Escaping the Trap of Negative Thinking and Taking Control of Your Life;Wayne W. Dyer;1991;Quill;http://images.amazon.com/images/P/0060919760.01.THUMBZZZ.jpg;http://images.amazon.com/images/P/0060919760.01.MZZZZZZZ.jpg;http://images.amazon.com/images/P/0060919760.01.LZZZZZZZ.jpg
1568654383;Year's Best SF 2;David G. Hartwell;1997;Doubleday Books;http://images.amazon.com/images/P/1568654383.01.THUMBZZZ.jpg;http://images.amazon.com/images/P/1568654383.01.MZZZZZZZ.jpg;http://images.amazon.com/images/P/1568654383.01.LZZZZZZZ.jpg
0440506743;Your Six-Year-Old: Loving and Defiant;Louise Bates Ames;1981;Dell Publishing Company;http://images.amazon.com/images/P/0440506743.01.THUMBZZZ.jpg;http://images.amazon.com/images/P/0440506743.01.MZZZZZZZ.jpg;http://images.amazon.com/images/P/0440506743.01.LZZZZZZZ.jpg
1561795992;Yours Forever (Christy Miller);Robin Jones Gunn;1998;Focus on the Family Publishing;http://images.amazon.com/images/P/1561795992.01.THUMBZZZ.jpg;http://images.amazon.com/images/P/1561795992.01.MZZZZZZZ.jpg;http://images.amazon.com/images/P/1561795992.01.LZZZZZZZ.jpg
0140167153;Your Money or Your Life: Transforming Your Relationship With Money and Achieving Financial Independence;Joe Dominguez;1993;Penguin Books;http://images.amazon.com/images/P/0140167153.01.THUMBZZZ.jpg;http://images.amazon.com/images/P/0140167153.01.MZZZZZZZ.jpg;http://images.amazon.com/images/P/0140167153.01.LZZZZZZZ.jpg
0802139779;Young Adam;Alexander Trocchi;2003;Grove Press;http://images.amazon.com/images/P/0802139779.01.THUMBZZZ.jpg;http://images.amazon.com/images/P/0802139779.01.MZZZZZZZ.jpg;http://images.amazon.com/images/P/0802139779.01.LZZZZZZZ.jpg
0937611018;You Can Heal Your Life/101;Louise L. Hay;1985;Hay House;http://images.amazon.com/images/P/0937611018.01.THUMBZZZ.jpg;http://images.amazon.com/images/P/0937611018.01.MZZZZZZZ.jpg;http://images.amazon.com/images/P/0937611018.01.LZZZZZZZ.jpg
0843946954;You Come When I Call You;Douglas Clegg;2000;Leisure Books;http://images.amazon.com/images/P/0843946954.01.THUMBZZZ.jpg;http://images.amazon.com/images/P/0843946954.01.MZZZZZZZ.jpg;http://images.amazon.com/images/P/0843946954.01.LZZZZZZZ.jpg
0590494503;You Can't Scare Me! (Goosebumps, No 15);R. L. Stine;1995;Scholastic;http://images.amazon.com/images/P/0590494503.01.THUMBZZZ.jpg;http://images.amazon.com/images/P/0590494503.01.MZZZZZZZ.jpg;http://images.amazon.com/images/P/0590494503.01.LZZZZZZZ.jpg
0452280192;You Must Remember This;Joyce Carol Oates;1998;Plume Books;http://images.amazon.com/images/P/0452280192.01.THUMBZZZ.jpg;http://images.amazon.com/images/P/0452280192.01.MZZZZZZZ.jpg;http://images.amazon.com/images/P/0452280192.01.LZZZZZZZ.jpg
0441944604;Yendi;Steven Brust;1987;Ace Books;http://images.amazon.com/images/P/0441944604.01.THUMBZZZ.jpg;http://images.amazon.com/images/P/0441944604.01.MZZZZZZZ.jpg;http://images.amazon.com/images/P/0441944604.01.LZZZZZZZ.jpg
0312969767;You Might As Well Laugh : Because crying will only smear your mascara;Sandi Kahn Shelton;1999;St. Martin's Paperbacks;http://images.amazon.com/images/P/0312969767.01.THUMBZZZ.jpg;http://images.amazon.com/images/P/0312969767.01.MZZZZZZZ.jpg;http://images.amazon.com/images/P/0312969767.01.LZZZZZZZ.jpg
0394486986;Your Isadora: The Love Story of Isadora Duncan & Gordon Craig;Francis Steegmuller;1974;Random House Inc;http://images.amazon.com/images/P/0394486986.01.THUMBZZZ.jpg;http://images.amazon.com/images/P/0394486986.01.MZZZZZZZ.jpg;http://images.amazon.com/images/P/0394486986.01.LZZZZZZZ.jpg
0761512195;Your First Year in Network Marketing: Overcome Your Fears, Experience Success, and Achieve Your Dreams!;MARK YARNELL;1998;Prima Lifestyles;http://images.amazon.com/images/P/0761512195.01.THUMBZZZ.jpg;http://images.amazon.com/images/P/0761512195.01.MZZZZZZZ.jpg;http://images.amazon.com/images/P/0761512195.01.LZZZZZZZ.jpg
0773728805;Yankee Doodle Dandy: Brian Mulroney and the American Agenda;Marci McDonald;1995;Stoddart;http://images.amazon.com/images/P/0773728805.01.THUMBZZZ.jpg;http://images.amazon.com/images/P/0773728805.01.MZZZZZZZ.jpg;http://images.amazon.com/images/P/0773728805.01.LZZZZZZZ.jpg
0385720726;You Are Not a Stranger Here : Stories;ADAM HASLETT;2003;Anchor;http://images.amazon.com/images/P/0385720726.01.THUMBZZZ.jpg;http://images.amazon.com/images/P/0385720726.01.MZZZZZZZ.jpg;http://images.amazon.com/images/P/0385720726.01.LZZZZZZZ.jpg
8437600723;Yerma (Letras hispánicas);Federico Garcia Lorca;1998;Continental Book Company;http://images.amazon.com/images/P/8437600723.01.THUMBZZZ.jpg;http://images.amazon.com/images/P/8437600723.01.MZZZZZZZ.jpg;http://images.amazon.com/images/P/8437600723.01.LZZZZZZZ.jpg
0373706987;You Again (Showcase) (Harlequin Superromance, No 698);Peggy Nicholson;1996;Harlequin;http://images.amazon.com/images/P/0373706987.01.THUMBZZZ.jpg;http://images.amazon.com/images/P/0373706987.01.MZZZZZZZ.jpg;http://images.amazon.com/images/P/0373706987.01.LZZZZZZZ.jpg
0684867486;Yesterday I Cried : Celebrating The Lessons Of Living And Loving;Iyanla Vanzant;2000;Fireside;http://images.amazon.com/images/P/0684867486.01.THUMBZZZ.jpg;http://images.amazon.com/images/P/0684867486.01.MZZZZZZZ.jpg;http://images.amazon.com/images/P/0684867486.01.LZZZZZZZ.jpg
0140286780;Your Money or Your Life: Transforming Your Relationship With Money and Achieving Financial Independence;Joe Dominguez;1999;Penguin Books;http://images.amazon.com/images/P/0140286780.01.THUMBZZZ.jpg;http://images.amazon.com/images/P/0140286780.01.MZZZZZZZ.jpg;http://images.amazon.com/images/P/0140286780.01.LZZZZZZZ.jpg
0793800153;Your First Parakeet;J. E. Lohr;1996;TFH Publications;http://images.amazon.com/images/P/0793800153.01.THUMBZZZ.jpg;http://images.amazon.com/images/P/0793800153.01.MZZZZZZZ.jpg;http://images.amazon.com/images/P/0793800153.01.LZZZZZZZ.jpg
1555610889;Your Pregnancy After 30 (Your Pregnancy Series);Glade B. Curtis;1996;Perseus Publishing;http://images.amazon.com/images/P/1555610889.01.THUMBZZZ.jpg;http://images.amazon.com/images/P/1555610889.01.MZZZZZZZ.jpg;http://images.amazon.com/images/P/1555610889.01.LZZZZZZZ.jpg
1556522347;Your Second Pregnancy: What to Expect This Time;Katie Tamony;1995;Chicago Review Press;http://images.amazon.com/images/P/1556522347.01.THUMBZZZ.jpg;http://images.amazon.com/images/P/1556522347.01.MZZZZZZZ.jpg;http://images.amazon.com/images/P/1556522347.01.LZZZZZZZ.jpg
0931580242;You Can't Afford the Luxury of a Negative Thought (The Life 101 Series);Peter McWilliams;1995;Prelude Press;http://images.amazon.com/images/P/0931580242.01.THUMBZZZ.jpg;http://images.amazon.com/images/P/0931580242.01.MZZZZZZZ.jpg;http://images.amazon.com/images/P/0931580242.01.LZZZZZZZ.jpg
1584790679;Your Friendship Means the World to Me (Sandra Magsamen);Sandra Magsamen;2001;Stuart, Tabori and Chang;http://images.amazon.com/images/P/1584790679.01.THUMBZZZ.jpg;http://images.amazon.com/images/P/1584790679.01.MZZZZZZZ.jpg;http://images.amazon.com/images/P/1584790679.01.LZZZZZZZ.jpg
0195154991;Your Name Is Renee: Ruth Kapp Hartz's Story As a Hidden Child in Nazi-Occupied France;Stacy Cretzmeyer;2002;Oxford University Press;http://images.amazon.com/images/P/0195154991.01.THUMBZZZ.jpg;http://images.amazon.com/images/P/0195154991.01.MZZZZZZZ.jpg;http://images.amazon.com/images/P/0195154991.01.LZZZZZZZ.jpg
1577311108;You Can Be Happy No Matter What: Five Principles for Keeping Life in Perspective;Richard Carlson;1999;New World Library;http://images.amazon.com/images/P/1577311108.01.THUMBZZZ.jpg;http://images.amazon.com/images/P/1577311108.01.MZZZZZZZ.jpg;http://images.amazon.com/images/P/1577311108.01.LZZZZZZZ.jpg
1565121570;Yo!;Julia Alvarez;1997;Algonquin Books of Chapel Hill;http://images.amazon.com/images/P/1565121570.01.THUMBZZZ.jpg;http://images.amazon.com/images/P/1565121570.01.MZZZZZZZ.jpg;http://images.amazon.com/images/P/1565121570.01.LZZZZZZZ.jpg
842530654X;Yo Estoy Bien Tu Estas Bien;Thomas A., Dr. Harris;1983;Grijalbo;http://images.amazon.com/images/P/842530654X.01.THUMBZZZ.jpg;http://images.amazon.com/images/P/842530654X.01.MZZZZZZZ.jpg;http://images.amazon.com/images/P/842530654X.01.LZZZZZZZ.jpg
0156997789;You Can't Keep a Good Woman Down;Alice Walker;1982;Harvest Books;http://images.amazon.com/images/P/0156997789.01.THUMBZZZ.jpg;http://images.amazon.com/images/P/0156997789.01.MZZZZZZZ.jpg;http://images.amazon.com/images/P/0156997789.01.LZZZZZZZ.jpg
0373096828;Yours, Mine And ...Ours (Silhouette Special Edition, No 682);Carole Halston;1991;Silhouette;http://images.amazon.com/images/P/0373096828.01.THUMBZZZ.jpg;http://images.amazon.com/images/P/0373096828.01.MZZZZZZZ.jpg;http://images.amazon.com/images/P/0373096828.01.LZZZZZZZ.jpg
0821771418;You're the One;Judi McCoy;2001;Zebra Books;http://images.amazon.com/images/P/0821771418.01.THUMBZZZ.jpg;http://images.amazon.com/images/P/0821771418.01.MZZZZZZZ.jpg;http://images.amazon.com/images/P/0821771418.01.LZZZZZZZ.jpg
0142002003;Youth;J. M. Coetzee;2003;Penguin Books;http://images.amazon.com/images/P/0142002003.01.THUMBZZZ.jpg;http://images.amazon.com/images/P/0142002003.01.MZZZZZZZ.jpg;http://images.amazon.com/images/P/0142002003.01.LZZZZZZZ.jpg
0061097667;Young Wives;Olivia Goldsmith;2000;HarperTorch;http://images.amazon.com/images/P/0061097667.01.THUMBZZZ.jpg;http://images.amazon.com/images/P/0061097667.01.MZZZZZZZ.jpg;http://images.amazon.com/images/P/0061097667.01.LZZZZZZZ.jpg
0375810838;You Read to Me & I'll Read to You: Stories to Share from the 20th Century;Janet Schulman;2001;Alfred A. Knopf;http://images.amazon.com/images/P/0375810838.01.THUMBZZZ.jpg;http://images.amazon.com/images/P/0375810838.01.MZZZZZZZ.jpg;http://images.amazon.com/images/P/0375810838.01.LZZZZZZZ.jpg
039923392X;You Are My I Love You;Maryann K. Cusimano;2001;Philomel Books;http://images.amazon.com/images/P/039923392X.01.THUMBZZZ.jpg;http://images.amazon.com/images/P/039923392X.01.MZZZZZZZ.jpg;http://images.amazon.com/images/P/039923392X.01.LZZZZZZZ.jpg
0812568672;Y2K;R. J. Pineiro;1999;Tor Books (Mm);http://images.amazon.com/images/P/0812568672.01.THUMBZZZ.jpg;http://images.amazon.com/images/P/0812568672.01.MZZZZZZZ.jpg;http://images.amazon.com/images/P/0812568672.01.LZZZZZZZ.jpg
0671695843;YESTERDAY'S NEWS : YESTERDAY'S NEWS;Jeremiah Healy;1990;Pocket;http://images.amazon.com/images/P/0671695843.01.THUMBZZZ.jpg;http://images.amazon.com/images/P/0671695843.01.MZZZZZZZ.jpg;http://images.amazon.com/images/P/0671695843.01.LZZZZZZZ.jpg
0373217242;Yuletide Brides (2 Novels in 1);Marie Ferrarella;2001;Silhouette;http://images.amazon.com/images/P/0373217242.01.THUMBZZZ.jpg;http://images.amazon.com/images/P/0373217242.01.MZZZZZZZ.jpg;http://images.amazon.com/images/P/0373217242.01.LZZZZZZZ.jpg
0836282868;Yesh! Mutts Iv (Mutts);Patrick McDonnell;1999;Andrews McMeel Publishing;http://images.amazon.com/images/P/0836282868.01.THUMBZZZ.jpg;http://images.amazon.com/images/P/0836282868.01.MZZZZZZZ.jpg;http://images.amazon.com/images/P/0836282868.01.LZZZZZZZ.jpg
0316197475;Your Blue-Eyed Boy : A Novel;Helen Dunmore;1999;Back Bay Books;http://images.amazon.com/images/P/0316197475.01.THUMBZZZ.jpg;http://images.amazon.com/images/P/0316197475.01.MZZZZZZZ.jpg;http://images.amazon.com/images/P/0316197475.01.LZZZZZZZ.jpg
0060096772;Your Mouth Is Lovely : A Novel;Nancy Richler;2002;Ecco;http://images.amazon.com/images/P/0060096772.01.THUMBZZZ.jpg;http://images.amazon.com/images/P/0060096772.01.MZZZZZZZ.jpg;http://images.amazon.com/images/P/0060096772.01.LZZZZZZZ.jpg
0449912787;Your Oasis on Flame Lake;Lorna Landvik;1997;Fawcett Books;http://images.amazon.com/images/P/0449912787.01.THUMBZZZ.jpg;http://images.amazon.com/images/P/0449912787.01.MZZZZZZZ.jpg;http://images.amazon.com/images/P/0449912787.01.LZZZZZZZ.jpg
156305115X;You Know You're Grown Up When...;Jeanne Hanson;1991;Workman Publishing;http://images.amazon.com/images/P/156305115X.01.THUMBZZZ.jpg;http://images.amazon.com/images/P/156305115X.01.MZZZZZZZ.jpg;http://images.amazon.com/images/P/156305115X.01.LZZZZZZZ.jpg
0373230117;Yesterday's Memories  (By Request 2's);Tara Taylor Quinn;2003;Harlequin;http://images.amazon.com/images/P/0373230117.01.THUMBZZZ.jpg;http://images.amazon.com/images/P/0373230117.01.MZZZZZZZ.jpg;http://images.amazon.com/images/P/0373230117.01.LZZZZZZZ.jpg
0373250460;You Have To Kiss A Lot Of Frogs;Laurie Graff;2004;Red Dress Ink;http://images.amazon.com/images/P/0373250460.01.THUMBZZZ.jpg;http://images.amazon.com/images/P/0373250460.01.MZZZZZZZ.jpg;http://images.amazon.com/images/P/0373250460.01.LZZZZZZZ.jpg
0684815311;YOU MEAN I'M NOT LAZY, STUPID OR CRAZY?!: A Self-help Book for Adults with Attention Deficit Disorder;Kate Kelly;1996;Scribner;http://images.amazon.com/images/P/0684815311.01.THUMBZZZ.jpg;http://images.amazon.com/images/P/0684815311.01.MZZZZZZZ.jpg;http://images.amazon.com/images/P/0684815311.01.LZZZZZZZ.jpg
0380818418;Year's Best Fantasy (Volume 2);David G. Hartwell;2002;Eos;http://images.amazon.com/images/P/0380818418.01.THUMBZZZ.jpg;http://images.amazon.com/images/P/0380818418.01.MZZZZZZZ.jpg;http://images.amazon.com/images/P/0380818418.01.LZZZZZZZ.jpg
843396710X;Yo Amo a Mi Mami;Jaime Bayly;2003;Distribooks Inc;http://images.amazon.com/images/P/843396710X.01.THUMBZZZ.jpg;http://images.amazon.com/images/P/843396710X.01.MZZZZZZZ.jpg;http://images.amazon.com/images/P/843396710X.01.LZZZZZZZ.jpg
0060560789;Your Wicked Ways;Eloisa James;2004;Avon;http://images.amazon.com/images/P/0060560789.01.THUMBZZZ.jpg;http://images.amazon.com/images/P/0060560789.01.MZZZZZZZ.jpg;http://images.amazon.com/images/P/0060560789.01.LZZZZZZZ.jpg
0813190355;Yates Paul, His Grand Flights, His Tootings;James Baker Hall;2002;University Press of Kentucky;http://images.amazon.com/images/P/0813190355.01.THUMBZZZ.jpg;http://images.amazon.com/images/P/0813190355.01.MZZZZZZZ.jpg;http://images.amazon.com/images/P/0813190355.01.LZZZZZZZ.jpg
0689813279;Yolonda's Genius;Carol Fenner;1997;Aladdin;http://images.amazon.com/images/P/0689813279.01.THUMBZZZ.jpg;http://images.amazon.com/images/P/0689813279.01.MZZZZZZZ.jpg;http://images.amazon.com/images/P/0689813279.01.LZZZZZZZ.jpg
0060959622;You Just Don't Understand: Women and Men in Conversation;Deborah Tannen;2001;Perennial Currents;http://images.amazon.com/images/P/0060959622.01.THUMBZZZ.jpg;http://images.amazon.com/images/P/0060959622.01.MZZZZZZZ.jpg;http://images.amazon.com/images/P/0060959622.01.LZZZZZZZ.jpg
1558320547;You and Your Newborn Baby: A Guide to the First Months After Birth;Linda Todd;1993;Harvard Common Press;http://images.amazon.com/images/P/1558320547.01.THUMBZZZ.jpg;http://images.amazon.com/images/P/1558320547.01.MZZZZZZZ.jpg;http://images.amazon.com/images/P/1558320547.01.LZZZZZZZ.jpg
0890875197;You Are Your Child's 1st Teacher;Rahima Baldwin;1989;Celestial Arts;http://images.amazon.com/images/P/0890875197.01.THUMBZZZ.jpg;http://images.amazon.com/images/P/0890875197.01.MZZZZZZZ.jpg;http://images.amazon.com/images/P/0890875197.01.LZZZZZZZ.jpg
068483720X;Your Mental Health: A Layman's Guide to the Psychiatrist's Bible;Allen Frances;1999;Scribner;http://images.amazon.com/images/P/068483720X.01.THUMBZZZ.jpg;http://images.amazon.com/images/P/068483720X.01.MZZZZZZZ.jpg;http://images.amazon.com/images/P/068483720X.01.LZZZZZZZ.jpg
1555131085;You Gotta Keep Dancin';Tim Hansel;1985;Cook Communications Ministries intl;http://images.amazon.com/images/P/1555131085.01.THUMBZZZ.jpg;http://images.amazon.com/images/P/1555131085.01.MZZZZZZZ.jpg;http://images.amazon.com/images/P/1555131085.01.LZZZZZZZ.jpg
0882077112;You Can Be the Wife of a Happy Husband (An Input book);Darien B. Cooper;1974;Cook Communications Ministries intl;http://images.amazon.com/images/P/0882077112.01.THUMBZZZ.jpg;http://images.amazon.com/images/P/0882077112.01.MZZZZZZZ.jpg;http://images.amazon.com/images/P/0882077112.01.LZZZZZZZ.jpg
0449236129;You Can If You Think You Can;Norman Vincent Peale;1976;Ballantine Books (Mm);http://images.amazon.com/images/P/0449236129.01.THUMBZZZ.jpg;http://images.amazon.com/images/P/0449236129.01.MZZZZZZZ.jpg;http://images.amazon.com/images/P/0449236129.01.LZZZZZZZ.jpg
0849905273;You bring the confetti;Luci Swindoll;1986;Word Books;http://images.amazon.com/images/P/0849905273.01.THUMBZZZ.jpg;http://images.amazon.com/images/P/0849905273.01.MZZZZZZZ.jpg;http://images.amazon.com/images/P/0849905273.01.LZZZZZZZ.jpg
0696017288;Your Baby: Healthy Eating;Better Homes and Gardens;1988;Meredith Books;http://images.amazon.com/images/P/0696017288.01.THUMBZZZ.jpg;http://images.amazon.com/images/P/0696017288.01.MZZZZZZZ.jpg;http://images.amazon.com/images/P/0696017288.01.LZZZZZZZ.jpg
086622064X;Your First Puppy (Your First Series);Marcel Carpentier;1991;TFH Publications;http://images.amazon.com/images/P/086622064X.01.THUMBZZZ.jpg;http://images.amazon.com/images/P/086622064X.01.MZZZZZZZ.jpg;http://images.amazon.com/images/P/086622064X.01.LZZZZZZZ.jpg
0804101396;Your Incredible Cat: Understanding the Secret Powers of Your Pet;David Greene;1990;Ivy Books;http://images.amazon.com/images/P/0804101396.01.THUMBZZZ.jpg;http://images.amazon.com/images/P/0804101396.01.MZZZZZZZ.jpg;http://images.amazon.com/images/P/0804101396.01.LZZZZZZZ.jpg
0874068118;You Can Draw Kittens and Cats;Debby Henwood;1996;Pages Publishing Group;http://images.amazon.com/images/P/0874068118.01.THUMBZZZ.jpg;http://images.amazon.com/images/P/0874068118.01.MZZZZZZZ.jpg;http://images.amazon.com/images/P/0874068118.01.LZZZZZZZ.jpg
0590401939;You Be the Jury;Marvin Miller;1987;Scholastic;http://images.amazon.com/images/P/0590401939.01.THUMBZZZ.jpg;http://images.amazon.com/images/P/0590401939.01.MZZZZZZZ.jpg;http://images.amazon.com/images/P/0590401939.01.LZZZZZZZ.jpg
0590456903;You Be the Detective II (You Be the Detective);Marvin Miller;1992;Scholastic Paperbacks (Mm);http://images.amazon.com/images/P/0590456903.01.THUMBZZZ.jpg;http://images.amazon.com/images/P/0590456903.01.MZZZZZZZ.jpg;http://images.amazon.com/images/P/0590456903.01.LZZZZZZZ.jpg
8483100355;Yo No Tengo LA Culpa De Haber Nacido Tan Sexy (Andanzas);Eduardo Mendicutti;2000;Tusquets;http://images.amazon.com/images/P/8483100355.01.THUMBZZZ.jpg;http://images.amazon.com/images/P/8483100355.01.MZZZZZZZ.jpg;http://images.amazon.com/images/P/8483100355.01.LZZZZZZZ.jpg
0380762587;You Belong to Me;Johanna Lindsey;1994;Avon;http://images.amazon.com/images/P/0380762587.01.THUMBZZZ.jpg;http://images.amazon.com/images/P/0380762587.01.MZZZZZZZ.jpg;http://images.amazon.com/images/P/0380762587.01.LZZZZZZZ.jpg
006019779X;You Know Better: A Novel;Tina McElroy Ansa;2002;William Morrow & Company;http://images.amazon.com/images/P/006019779X.01.THUMBZZZ.jpg;http://images.amazon.com/images/P/006019779X.01.MZZZZZZZ.jpg;http://images.amazon.com/images/P/006019779X.01.LZZZZZZZ.jpg
0061014095;Your Cheatin' Heart : A Novel;Nancy Bartholomew;2000;HarperTorch;http://images.amazon.com/images/P/0061014095.01.THUMBZZZ.jpg;http://images.amazon.com/images/P/0061014095.01.MZZZZZZZ.jpg;http://images.amazon.com/images/P/0061014095.01.LZZZZZZZ.jpg
0385481969;Youth in Revolt;C.D. PAYNE;1996;Main Street Books;http://images.amazon.com/images/P/0385481969.01.THUMBZZZ.jpg;http://images.amazon.com/images/P/0385481969.01.MZZZZZZZ.jpg;http://images.amazon.com/images/P/0385481969.01.LZZZZZZZ.jpg
0312957017;Your Numbers of Destiny: Discovering a Personal Life Path from the Month, Day and Year of Your Birth;Urna Gray;1996;St. Martin's Press;http://images.amazon.com/images/P/0312957017.01.THUMBZZZ.jpg;http://images.amazon.com/images/P/0312957017.01.MZZZZZZZ.jpg;http://images.amazon.com/images/P/0312957017.01.LZZZZZZZ.jpg
0061091480;Your Erroneous Zones;Wayne W., Dr. Dyer;1997;HarperTorch;http://images.amazon.com/images/P/0061091480.01.THUMBZZZ.jpg;http://images.amazon.com/images/P/0061091480.01.MZZZZZZZ.jpg;http://images.amazon.com/images/P/0061091480.01.LZZZZZZZ.jpg
0709927827;Youth, Education and Employment: International Perspectives;Keith Watson;1984;Routledge;http://images.amazon.com/images/P/0709927827.01.THUMBZZZ.jpg;http://images.amazon.com/images/P/0709927827.01.MZZZZZZZ.jpg;http://images.amazon.com/images/P/0709927827.01.LZZZZZZZ.jpg
1588720004;You Can Find Anybody!;Joseph Culligan;2000;Jodere Group;http://images.amazon.com/images/P/1588720004.01.THUMBZZZ.jpg;http://images.amazon.com/images/P/1588720004.01.MZZZZZZZ.jpg;http://images.amazon.com/images/P/1588720004.01.LZZZZZZZ.jpg
0850307872;Your Hands Can Heal: How to Channel Healing Energy;Ric A. Weinman;1989;HarperCollins Publishers;http://images.amazon.com/images/P/0850307872.01.THUMBZZZ.jpg;http://images.amazon.com/images/P/0850307872.01.MZZZZZZZ.jpg;http://images.amazon.com/images/P/0850307872.01.LZZZZZZZ.jpg
1555611435;Your Pregnancy: Week by Week (Your Pregnancy Series);Glade B. Curtis M.D. OB/GYN;1997;Perseus Books Group;http://images.amazon.com/images/P/1555611435.01.THUMBZZZ.jpg;http://images.amazon.com/images/P/1555611435.01.MZZZZZZZ.jpg;http://images.amazon.com/images/P/1555611435.01.LZZZZZZZ.jpg
0553341456;Your Ticket to Medical or Dental School: Getting in and Staying in;Lawrence Graham;1985;Bantam Dell Pub Group;http://images.amazon.com/images/P/0553341456.01.THUMBZZZ.jpg;http://images.amazon.com/images/P/0553341456.01.MZZZZZZZ.jpg;http://images.amazon.com/images/P/0553341456.01.LZZZZZZZ.jpg
0316285919;Years of Upheaval;Henry Kissinger;1982;Little Brown & Co;http://images.amazon.com/images/P/0316285919.01.THUMBZZZ.jpg;http://images.amazon.com/images/P/0316285919.01.MZZZZZZZ.jpg;http://images.amazon.com/images/P/0316285919.01.LZZZZZZZ.jpg
0937611964;Your Heart, Your Planet;Harvey Diamond;1990;Hay House Inc;http://images.amazon.com/images/P/0937611964.01.THUMBZZZ.jpg;http://images.amazon.com/images/P/0937611964.01.MZZZZZZZ.jpg;http://images.amazon.com/images/P/0937611964.01.LZZZZZZZ.jpg
0028600037;Your Child's Emotional Health: Adolescence;Jack Maguire;1995;Macmillan General Reference;http://images.amazon.com/images/P/0028600037.01.THUMBZZZ.jpg;http://images.amazon.com/images/P/0028600037.01.MZZZZZZZ.jpg;http://images.amazon.com/images/P/0028600037.01.LZZZZZZZ.jpg
0439042984;Your Unofficial Guide to Everything Spice;Alexandra E. Fischer;1998;Scholastic;http://images.amazon.com/images/P/0439042984.01.THUMBZZZ.jpg;http://images.amazon.com/images/P/0439042984.01.MZZZZZZZ.jpg;http://images.amazon.com/images/P/0439042984.01.LZZZZZZZ.jpg
039332110X;Yellow Jack: A Novel;Josh Russell;2000;W.W. Norton & Company;http://images.amazon.com/images/P/039332110X.01.THUMBZZZ.jpg;http://images.amazon.com/images/P/039332110X.01.MZZZZZZZ.jpg;http://images.amazon.com/images/P/039332110X.01.LZZZZZZZ.jpg
0060803037;"You are the world;: Authentic report of talks and discussions in American universities (Perennial library)";J Krishnamurti;1973;Harper & Row;http://images.amazon.com/images/P/0060803037.01.THUMBZZZ.jpg;http://images.amazon.com/images/P/0060803037.01.MZZZZZZZ.jpg;http://images.amazon.com/images/P/0060803037.01.LZZZZZZZ.jpg
0812590260;Younger Than Springtime (O'Malley Novels (Forge Paperback));Andrew M. Greeley;2000;Forge;http://images.amazon.com/images/P/0812590260.01.THUMBZZZ.jpg;http://images.amazon.com/images/P/0812590260.01.MZZZZZZZ.jpg;http://images.amazon.com/images/P/0812590260.01.LZZZZZZZ.jpg
0694522597;Young Wives;Olivia Goldsmith;2000;HarperAudio;http://images.amazon.com/images/P/0694522597.01.THUMBZZZ.jpg;http://images.amazon.com/images/P/0694522597.01.MZZZZZZZ.jpg;http://images.amazon.com/images/P/0694522597.01.LZZZZZZZ.jpg
1552660001;Yesterday's News;John Miller;1999;Independent Pub Group;http://images.amazon.com/images/P/1552660001.01.THUMBZZZ.jpg;http://images.amazon.com/images/P/1552660001.01.MZZZZZZZ.jpg;http://images.amazon.com/images/P/1552660001.01.LZZZZZZZ.jpg
0671741535;YOU MUST BE DREAMING;Barbara Noel;1992;Simon & Schuster;http://images.amazon.com/images/P/0671741535.01.THUMBZZZ.jpg;http://images.amazon.com/images/P/0671741535.01.MZZZZZZZ.jpg;http://images.amazon.com/images/P/0671741535.01.LZZZZZZZ.jpg
067091021X;Year of Wonders: A Novel of the Plague;Geraldine Brooks;2001;Viking Books;http://images.amazon.com/images/P/067091021X.01.THUMBZZZ.jpg;http://images.amazon.com/images/P/067091021X.01.MZZZZZZZ.jpg;http://images.amazon.com/images/P/067091021X.01.LZZZZZZZ.jpg
0880888008;Your Golden Angel;Christina Anello;1996;Peter Pauper Press;http://images.amazon.com/images/P/0880888008.01.THUMBZZZ.jpg;http://images.amazon.com/images/P/0880888008.01.MZZZZZZZ.jpg;http://images.amazon.com/images/P/0880888008.01.LZZZZZZZ.jpg
0859051595;Yammatji: Aboriginal memories of the Gascoyne;Bryan Clark;1992;Hesperian Press;http://images.amazon.com/images/P/0859051595.01.THUMBZZZ.jpg;http://images.amazon.com/images/P/0859051595.01.MZZZZZZZ.jpg;http://images.amazon.com/images/P/0859051595.01.LZZZZZZZ.jpg
0582022843;"York Notes on \The Merchant of Venice\"" by William Shakespeare (York Notes)""";A.N. Jeffares;1988;Pearson York Notes;http://images.amazon.com/images/P/0582022843.01.THUMBZZZ.jpg;http://images.amazon.com/images/P/0582022843.01.MZZZZZZZ.jpg;http://images.amazon.com/images/P/0582022843.01.LZZZZZZZ.jpg
0812555104;Yon Ill Wind : A Xanth Novel (Xanth);Piers Anthony;1997;Tor Fantasy;http://images.amazon.com/images/P/0812555104.01.THUMBZZZ.jpg;http://images.amazon.com/images/P/0812555104.01.MZZZZZZZ.jpg;http://images.amazon.com/images/P/0812555104.01.LZZZZZZZ.jpg
0399137467;Your Blues Ain't Like Mine;Bebe Moore Campbell;1992;Putnam Publishing Group;http://images.amazon.com/images/P/0399137467.01.THUMBZZZ.jpg;http://images.amazon.com/images/P/0399137467.01.MZZZZZZZ.jpg;http://images.amazon.com/images/P/0399137467.01.LZZZZZZZ.jpg
0553050931;Yeager: An Autobiography;Chuck Yeager;1985;Bantam Books;http://images.amazon.com/images/P/0553050931.01.THUMBZZZ.jpg;http://images.amazon.com/images/P/0553050931.01.MZZZZZZZ.jpg;http://images.amazon.com/images/P/0553050931.01.LZZZZZZZ.jpg
0870715224;Yamsi: A Year in the Life of a Wilderness Ranch (Northwest Reprints);Dayton O. Hyde;1996;Oregon State University Press;http://images.amazon.com/images/P/0870715224.01.THUMBZZZ.jpg;http://images.amazon.com/images/P/0870715224.01.MZZZZZZZ.jpg;http://images.amazon.com/images/P/0870715224.01.LZZZZZZZ.jpg
0553256742;Yeager: An Autobiography;Chuck Yeager;1986;Bantam Books;http://images.amazon.com/images/P/0553256742.01.THUMBZZZ.jpg;http://images.amazon.com/images/P/0553256742.01.MZZZZZZZ.jpg;http://images.amazon.com/images/P/0553256742.01.LZZZZZZZ.jpg
0875969313;Your Naturally Healthy Home: Stylish, Safe, Simple;Alan Berman;2001;Rodale Press;http://images.amazon.com/images/P/0875969313.01.THUMBZZZ.jpg;http://images.amazon.com/images/P/0875969313.01.MZZZZZZZ.jpg;http://images.amazon.com/images/P/0875969313.01.LZZZZZZZ.jpg
0966410076;You Are Being Lied To: The Disinformation Guide to Media Distortion, Historical Whitewashes and Cultural Myths;Russ Kick;2001;The Disinformation Company;http://images.amazon.com/images/P/0966410076.01.THUMBZZZ.jpg;http://images.amazon.com/images/P/0966410076.01.MZZZZZZZ.jpg;http://images.amazon.com/images/P/0966410076.01.LZZZZZZZ.jpg
0060982020;You've Got to Read This : Contemporary American Writers Introduce Stories that Held Them in Awe;Ron Hansen;1994;Perennial;http://images.amazon.com/images/P/0060982020.01.THUMBZZZ.jpg;http://images.amazon.com/images/P/0060982020.01.MZZZZZZZ.jpg;http://images.amazon.com/images/P/0060982020.01.LZZZZZZZ.jpg
0060969776;You Are Not Alone: Words of Experience and Hope for the Journey Through Depression;Julia Thorne;1993;Perennial;http://images.amazon.com/images/P/0060969776.01.THUMBZZZ.jpg;http://images.amazon.com/images/P/0060969776.01.MZZZZZZZ.jpg;http://images.amazon.com/images/P/0060969776.01.LZZZZZZZ.jpg
1577310853;You Can Be Happy No Matter What Five Pri;Richard Carlson;0;New World Library;http://images.amazon.com/images/P/1577310853.01.THUMBZZZ.jpg;http://images.amazon.com/images/P/1577310853.01.MZZZZZZZ.jpg;http://images.amazon.com/images/P/1577310853.01.LZZZZZZZ.jpg
0061094757;Your Sacred Self: Making the Decision to Be Free;Wayne W. Dyer;1996;HarperTorch;http://images.amazon.com/images/P/0061094757.01.THUMBZZZ.jpg;http://images.amazon.com/images/P/0061094757.01.MZZZZZZZ.jpg;http://images.amazon.com/images/P/0061094757.01.LZZZZZZZ.jpg
0373120702;Yuletide Child (Expecting!) (Harlequin Presents, No. 2070);Arnette Lamb;1999;Harlequin;http://images.amazon.com/images/P/0373120702.01.THUMBZZZ.jpg;http://images.amazon.com/images/P/0373120702.01.MZZZZZZZ.jpg;http://images.amazon.com/images/P/0373120702.01.LZZZZZZZ.jpg
0446349798;You Can Remember Your Past Lives;Henry Reed;1989;Warner Books;http://images.amazon.com/images/P/0446349798.01.THUMBZZZ.jpg;http://images.amazon.com/images/P/0446349798.01.MZZZZZZZ.jpg;http://images.amazon.com/images/P/0446349798.01.LZZZZZZZ.jpg
0060177861;Your Sacred Self;Wayne W. Dyer;1995;Harpercollins;http://images.amazon.com/images/P/0060177861.01.THUMBZZZ.jpg;http://images.amazon.com/images/P/0060177861.01.MZZZZZZZ.jpg;http://images.amazon.com/images/P/0060177861.01.LZZZZZZZ.jpg
0451406826;You Can't Catch Me;Rosamond Smith;1996;Onyx Books;http://images.amazon.com/images/P/0451406826.01.THUMBZZZ.jpg;http://images.amazon.com/images/P/0451406826.01.MZZZZZZZ.jpg;http://images.amazon.com/images/P/0451406826.01.LZZZZZZZ.jpg
0962994235;Your Body's Many Cries for Water;F. Batmanghelidj;1992;Global Health Solutions;http://images.amazon.com/images/P/0962994235.01.THUMBZZZ.jpg;http://images.amazon.com/images/P/0962994235.01.MZZZZZZZ.jpg;http://images.amazon.com/images/P/0962994235.01.LZZZZZZZ.jpg
0960475206;Your Right to Fly;James E. Melton;1979;Global Academic Publishing;http://images.amazon.com/images/P/0960475206.01.THUMBZZZ.jpg;http://images.amazon.com/images/P/0960475206.01.MZZZZZZZ.jpg;http://images.amazon.com/images/P/0960475206.01.LZZZZZZZ.jpg
0439142474;Y2K-9: The Dog Who Saved the World;Todd Strasser;1999;Scholastic;http://images.amazon.com/images/P/0439142474.01.THUMBZZZ.jpg;http://images.amazon.com/images/P/0439142474.01.MZZZZZZZ.jpg;http://images.amazon.com/images/P/0439142474.01.LZZZZZZZ.jpg
0373760825;You - Can'T - Make - Me Bride (How To Catch A Princess) (Silhouette Desire , Vol 1082);Ronnie Banks;1997;Silhouette;http://images.amazon.com/images/P/0373760825.01.THUMBZZZ.jpg;http://images.amazon.com/images/P/0373760825.01.MZZZZZZZ.jpg;http://images.amazon.com/images/P/0373760825.01.LZZZZZZZ.jpg
0061056413;Year's Best SF;David G. Hartwell;1996;Eos;http://images.amazon.com/images/P/0061056413.01.THUMBZZZ.jpg;http://images.amazon.com/images/P/0061056413.01.MZZZZZZZ.jpg;http://images.amazon.com/images/P/0061056413.01.LZZZZZZZ.jpg
0970677111;Your Journey of Healing, A Workbook;Lois M. Grant;2001;Able Inc;http://images.amazon.com/images/P/0970677111.01.THUMBZZZ.jpg;http://images.amazon.com/images/P/0970677111.01.MZZZZZZZ.jpg;http://images.amazon.com/images/P/0970677111.01.LZZZZZZZ.jpg
0671869698;YOU JUST GLOW! AND OTHER LIES OF PREGNANCY, CHILDBIRTH, AND BEYOND;Lisa Weiss;1994;Fireside;http://images.amazon.com/images/P/0671869698.01.THUMBZZZ.jpg;http://images.amazon.com/images/P/0671869698.01.MZZZZZZZ.jpg;http://images.amazon.com/images/P/0671869698.01.LZZZZZZZ.jpg
0241122201;Year In Provence;Peter Mayle;0;Penguin Putnam~trade;http://images.amazon.com/images/P/0241122201.01.THUMBZZZ.jpg;http://images.amazon.com/images/P/0241122201.01.MZZZZZZZ.jpg;http://images.amazon.com/images/P/0241122201.01.LZZZZZZZ.jpg
0380787164;You and No Other;Cathy Maxwell;1996;Avon;http://images.amazon.com/images/P/0380787164.01.THUMBZZZ.jpg;http://images.amazon.com/images/P/0380787164.01.MZZZZZZZ.jpg;http://images.amazon.com/images/P/0380787164.01.LZZZZZZZ.jpg
0889951322;Yellow Pages: A Catalogue of Intentions (Fiction);Nicole Markotic;1995;Red Deer Press;http://images.amazon.com/images/P/0889951322.01.THUMBZZZ.jpg;http://images.amazon.com/images/P/0889951322.01.MZZZZZZZ.jpg;http://images.amazon.com/images/P/0889951322.01.LZZZZZZZ.jpg
0553138294;Yondering;Louis Lamour;0;Bantam Doubleday Dell;http://images.amazon.com/images/P/0553138294.01.THUMBZZZ.jpg;http://images.amazon.com/images/P/0553138294.01.MZZZZZZZ.jpg;http://images.amazon.com/images/P/0553138294.01.LZZZZZZZ.jpg
0671683322;YOU GOTTA PLAY HURT;Dan Jenkins;1991;Simon & Schuster;http://images.amazon.com/images/P/0671683322.01.THUMBZZZ.jpg;http://images.amazon.com/images/P/0671683322.01.MZZZZZZZ.jpg;http://images.amazon.com/images/P/0671683322.01.LZZZZZZZ.jpg
0590330454;Your Second Super Magic Show;Marvin Miller;1984;Scholastic Paperbacks (T);http://images.amazon.com/images/P/0590330454.01.THUMBZZZ.jpg;http://images.amazon.com/images/P/0590330454.01.MZZZZZZZ.jpg;http://images.amazon.com/images/P/0590330454.01.LZZZZZZZ.jpg
0340785004;You Must Be Joking, Jimmy (Definitely Daisy);Jenny Oldfield;2003;Hodder Children's Books;http://images.amazon.com/images/P/0340785004.01.THUMBZZZ.jpg;http://images.amazon.com/images/P/0340785004.01.MZZZZZZZ.jpg;http://images.amazon.com/images/P/0340785004.01.LZZZZZZZ.jpg
0340784989;You're a Disgrace, Daisy (Definitely Daisy);Jenny Oldfield;2003;Hodder Children's Books;http://images.amazon.com/images/P/0340784989.01.THUMBZZZ.jpg;http://images.amazon.com/images/P/0340784989.01.MZZZZZZZ.jpg;http://images.amazon.com/images/P/0340784989.01.LZZZZZZZ.jpg
0764551175;Yoga for Dummies;Georg  Feuerstein;1999;For Dummies;http://images.amazon.com/images/P/0764551175.01.THUMBZZZ.jpg;http://images.amazon.com/images/P/0764551175.01.MZZZZZZZ.jpg;http://images.amazon.com/images/P/0764551175.01.LZZZZZZZ.jpg
0451170725;You'll Never Eat Lunch in This Town Again;Julia Phillips;1992;Signet Book;http://images.amazon.com/images/P/0451170725.01.THUMBZZZ.jpg;http://images.amazon.com/images/P/0451170725.01.MZZZZZZZ.jpg;http://images.amazon.com/images/P/0451170725.01.LZZZZZZZ.jpg
0380821192;Yesterday's Shadow;Jon Cleary;2002;Avon;http://images.amazon.com/images/P/0380821192.01.THUMBZZZ.jpg;http://images.amazon.com/images/P/0380821192.01.MZZZZZZZ.jpg;http://images.amazon.com/images/P/0380821192.01.LZZZZZZZ.jpg
068930840X;You're Allegro Dead;Barbara Corcoran;1981;Simon & Schuster;http://images.amazon.com/images/P/068930840X.01.THUMBZZZ.jpg;http://images.amazon.com/images/P/068930840X.01.MZZZZZZZ.jpg;http://images.amazon.com/images/P/068930840X.01.LZZZZZZZ.jpg
0373705972;Yanqui Prince (Harlequin Super Romance No 597);Janice Kaiser;1994;Harlequin;http://images.amazon.com/images/P/0373705972.01.THUMBZZZ.jpg;http://images.amazon.com/images/P/0373705972.01.MZZZZZZZ.jpg;http://images.amazon.com/images/P/0373705972.01.LZZZZZZZ.jpg
0373097344;You Could Love Me (Silhoutte Special Edition, No. 734);Phyllis Halldorson;1992;Silhouette;http://images.amazon.com/images/P/0373097344.01.THUMBZZZ.jpg;http://images.amazon.com/images/P/0373097344.01.MZZZZZZZ.jpg;http://images.amazon.com/images/P/0373097344.01.LZZZZZZZ.jpg
0440409179;Yang the Youngest and his Terrible Ear;LENSEY NAMIOKA;1994;Yearling;http://images.amazon.com/images/P/0440409179.01.THUMBZZZ.jpg;http://images.amazon.com/images/P/0440409179.01.MZZZZZZZ.jpg;http://images.amazon.com/images/P/0440409179.01.LZZZZZZZ.jpg
0816733422;Yellow Dog (Digest Trim);Justine Korman;1994;Troll Communications;http://images.amazon.com/images/P/0816733422.01.THUMBZZZ.jpg;http://images.amazon.com/images/P/0816733422.01.MZZZZZZZ.jpg;http://images.amazon.com/images/P/0816733422.01.LZZZZZZZ.jpg
0805003169;You Come Too: Favorite Poems for Young Readers;Robert Frost;1987;Owl Publishing Company;http://images.amazon.com/images/P/0805003169.01.THUMBZZZ.jpg;http://images.amazon.com/images/P/0805003169.01.MZZZZZZZ.jpg;http://images.amazon.com/images/P/0805003169.01.LZZZZZZZ.jpg
0929264576;You Might Be a Redneck If...;Jeff Foxworthy;1989;Longstreet Press;http://images.amazon.com/images/P/0929264576.01.THUMBZZZ.jpg;http://images.amazon.com/images/P/0929264576.01.MZZZZZZZ.jpg;http://images.amazon.com/images/P/0929264576.01.LZZZZZZZ.jpg
078711118X;You'll Never Make Love in This Town Again;Jennie Louise Frankel;1996;Audio Literature;http://images.amazon.com/images/P/078711118X.01.THUMBZZZ.jpg;http://images.amazon.com/images/P/078711118X.01.MZZZZZZZ.jpg;http://images.amazon.com/images/P/078711118X.01.LZZZZZZZ.jpg
0684843994;You Have More Than You Think: The Motley Fool Guide to Investing What You Have;David Gardner;1998;Simon & Schuster;http://images.amazon.com/images/P/0684843994.01.THUMBZZZ.jpg;http://images.amazon.com/images/P/0684843994.01.MZZZZZZZ.jpg;http://images.amazon.com/images/P/0684843994.01.LZZZZZZZ.jpg
0805019510;You're the Jury: Solve Twelve Real-Life Court Cases Along With the Juries Who Decided Them;Norbert Ehrenfreund;1992;Henry Holt & Company;http://images.amazon.com/images/P/0805019510.01.THUMBZZZ.jpg;http://images.amazon.com/images/P/0805019510.01.MZZZZZZZ.jpg;http://images.amazon.com/images/P/0805019510.01.LZZZZZZZ.jpg
0553249630;You Are a Shark;Edward Packard;1985;Bantam Books;http://images.amazon.com/images/P/0553249630.01.THUMBZZZ.jpg;http://images.amazon.com/images/P/0553249630.01.MZZZZZZZ.jpg;http://images.amazon.com/images/P/0553249630.01.LZZZZZZZ.jpg
0373441665;You'll Be Mine In 99  The 100-Year Itch;Jennifer Drew;2003;Harlequin;http://images.amazon.com/images/P/0373441665.01.THUMBZZZ.jpg;http://images.amazon.com/images/P/0373441665.01.MZZZZZZZ.jpg;http://images.amazon.com/images/P/0373441665.01.LZZZZZZZ.jpg
0891079319;You Are Special;Max Lucado;1997;Crossway Books;http://images.amazon.com/images/P/0891079319.01.THUMBZZZ.jpg;http://images.amazon.com/images/P/0891079319.01.MZZZZZZZ.jpg;http://images.amazon.com/images/P/0891079319.01.LZZZZZZZ.jpg
9580464154;Y de Este Mundo Prostituto y Vano Solo Quise Un Cigarro Entre Mi Mano;Rubem Fonseca;2001;Norma;http://images.amazon.com/images/P/9580464154.01.THUMBZZZ.jpg;http://images.amazon.com/images/P/9580464154.01.MZZZZZZZ.jpg;http://images.amazon.com/images/P/9580464154.01.LZZZZZZZ.jpg
031286227X;Yon Ill Wind (Xanth Novels (Hardcover));Piers Anthony;1996;St Martins Pr;http://images.amazon.com/images/P/031286227X.01.THUMBZZZ.jpg;http://images.amazon.com/images/P/031286227X.01.MZZZZZZZ.jpg;http://images.amazon.com/images/P/031286227X.01.LZZZZZZZ.jpg
0582329302;"York Notes Advanced on \A Streetcar Named Desire\"" by Tennessee Williams (York Notes Advanced)""";Hana Sambrook;1998;Pearson York Notes;http://images.amazon.com/images/P/0582329302.01.THUMBZZZ.jpg;http://images.amazon.com/images/P/0582329302.01.MZZZZZZZ.jpg;http://images.amazon.com/images/P/0582329302.01.LZZZZZZZ.jpg
0888991169;You Can Pick Me Up at Peggy's Cove;Brian Doyle;1991;Groundwood Books;http://images.amazon.com/images/P/0888991169.01.THUMBZZZ.jpg;http://images.amazon.com/images/P/0888991169.01.MZZZZZZZ.jpg;http://images.amazon.com/images/P/0888991169.01.LZZZZZZZ.jpg
0373121415;Yuletide Seduction (Xmas) (Presents, 2141);Carole Mortimer;2000;Harlequin;http://images.amazon.com/images/P/0373121415.01.THUMBZZZ.jpg;http://images.amazon.com/images/P/0373121415.01.MZZZZZZZ.jpg;http://images.amazon.com/images/P/0373121415.01.LZZZZZZZ.jpg
031225296X;You Can't Catch Death: A Daughter's Memoir;Ianthe Brautigan;2000;St. Martin's Press;http://images.amazon.com/images/P/031225296X.01.THUMBZZZ.jpg;http://images.amazon.com/images/P/031225296X.01.MZZZZZZZ.jpg;http://images.amazon.com/images/P/031225296X.01.LZZZZZZZ.jpg
0915166100;Your Perfect Right: A Guide to Assertive Living;Robert E. Alberti;1990;Impact Pub;http://images.amazon.com/images/P/0915166100.01.THUMBZZZ.jpg;http://images.amazon.com/images/P/0915166100.01.MZZZZZZZ.jpg;http://images.amazon.com/images/P/0915166100.01.LZZZZZZZ.jpg
0590407910;You've Been Away All Summer;Sheila Hayes;1988;Scholastic;http://images.amazon.com/images/P/0590407910.01.THUMBZZZ.jpg;http://images.amazon.com/images/P/0590407910.01.MZZZZZZZ.jpg;http://images.amazon.com/images/P/0590407910.01.LZZZZZZZ.jpg
0819511048;Yellow Light: Poems (Wesleyan Poetry Series);Garrett Kaoru Hongo;1982;Wesleyan University Press;http://images.amazon.com/images/P/0819511048.01.THUMBZZZ.jpg;http://images.amazon.com/images/P/0819511048.01.MZZZZZZZ.jpg;http://images.amazon.com/images/P/0819511048.01.LZZZZZZZ.jpg
0380798425;You Only Die Twice: A Novel;Edna Buchanan;2002;Avon;http://images.amazon.com/images/P/0380798425.01.THUMBZZZ.jpg;http://images.amazon.com/images/P/0380798425.01.MZZZZZZZ.jpg;http://images.amazon.com/images/P/0380798425.01.LZZZZZZZ.jpg
0786301244;Your 401 (K Plan : How and Where to Invest);Mark L. Schwanbeck;1994;McGraw-Hill;http://images.amazon.com/images/P/0786301244.01.THUMBZZZ.jpg;http://images.amazon.com/images/P/0786301244.01.MZZZZZZZ.jpg;http://images.amazon.com/images/P/0786301244.01.LZZZZZZZ.jpg
0345383958;Your Blues Ain't Like Mine (Ballantine Reader's Circle);Bebe Moore Campbell;1993;Ballantine Books;http://images.amazon.com/images/P/0345383958.01.THUMBZZZ.jpg;http://images.amazon.com/images/P/0345383958.01.MZZZZZZZ.jpg;http://images.amazon.com/images/P/0345383958.01.LZZZZZZZ.jpg
0786803959;Yoko & Friends;Rosemary Wells;1998;Hyperion Books for Children;http://images.amazon.com/images/P/0786803959.01.THUMBZZZ.jpg;http://images.amazon.com/images/P/0786803959.01.MZZZZZZZ.jpg;http://images.amazon.com/images/P/0786803959.01.LZZZZZZZ.jpg
0060921153;You Know What They Say: The Truth About Popular Beliefs;Alfie Kohn;1991;Harpercollins;http://images.amazon.com/images/P/0060921153.01.THUMBZZZ.jpg;http://images.amazon.com/images/P/0060921153.01.MZZZZZZZ.jpg;http://images.amazon.com/images/P/0060921153.01.LZZZZZZZ.jpg
0870031279;Yeltsin's Russia: Myths and Reality;Lilia Shevtsova;1999;Carnegie Endowment for International Peace;http://images.amazon.com/images/P/0870031279.01.THUMBZZZ.jpg;http://images.amazon.com/images/P/0870031279.01.MZZZZZZZ.jpg;http://images.amazon.com/images/P/0870031279.01.LZZZZZZZ.jpg
0671852884;Yen;Guy Stanley;1994;Simon & Schuster (Trade Division);http://images.amazon.com/images/P/0671852884.01.THUMBZZZ.jpg;http://images.amazon.com/images/P/0671852884.01.MZZZZZZZ.jpg;http://images.amazon.com/images/P/0671852884.01.LZZZZZZZ.jpg
0553261738;You Can Get There from Here;Shirley MacLaine;1976;Bantam Books;http://images.amazon.com/images/P/0553261738.01.THUMBZZZ.jpg;http://images.amazon.com/images/P/0553261738.01.MZZZZZZZ.jpg;http://images.amazon.com/images/P/0553261738.01.LZZZZZZZ.jpg
0855330902;Your indoor garden: The comprehensive guide to living with plants (The Joy of living library);George Seddon;1976;Mitchell Beazley;http://images.amazon.com/images/P/0855330902.01.THUMBZZZ.jpg;http://images.amazon.com/images/P/0855330902.01.MZZZZZZZ.jpg;http://images.amazon.com/images/P/0855330902.01.LZZZZZZZ.jpg
1843580020;Your Personal Trainer;Kathy, Dr Fulcher;2002;Trafalgar Square;http://images.amazon.com/images/P/1843580020.01.THUMBZZZ.jpg;http://images.amazon.com/images/P/1843580020.01.MZZZZZZZ.jpg;http://images.amazon.com/images/P/1843580020.01.LZZZZZZZ.jpg
0884196615;You Are Not What You Weigh: Escaping the Lie and Living the Truth (Inner Beauty Series);Lisa Bevere;1998;Strang Communications Company;http://images.amazon.com/images/P/0884196615.01.THUMBZZZ.jpg;http://images.amazon.com/images/P/0884196615.01.MZZZZZZZ.jpg;http://images.amazon.com/images/P/0884196615.01.LZZZZZZZ.jpg
0740700251;You Are Worthless : Depressing Nuggets of Wisdom Sure to Ruin Your Day;Scott Dikkers;1999;Andrews McMeel Publishing;http://images.amazon.com/images/P/0740700251.01.THUMBZZZ.jpg;http://images.amazon.com/images/P/0740700251.01.MZZZZZZZ.jpg;http://images.amazon.com/images/P/0740700251.01.LZZZZZZZ.jpg
0394729846;You and Your Cat;David Taylor;1986;Alfred A. Knopf;http://images.amazon.com/images/P/0394729846.01.THUMBZZZ.jpg;http://images.amazon.com/images/P/0394729846.01.MZZZZZZZ.jpg;http://images.amazon.com/images/P/0394729846.01.LZZZZZZZ.jpg
0694009091;Your Dog Plays Hockey? (Peanuts Gang);Charles M. Schulz;1996;Harpercollins Juvenile Books;http://images.amazon.com/images/P/0694009091.01.THUMBZZZ.jpg;http://images.amazon.com/images/P/0694009091.01.MZZZZZZZ.jpg;http://images.amazon.com/images/P/0694009091.01.LZZZZZZZ.jpg
0930748093;Year In Music 1978;Judith Glassman;1978;Columbia House;http://images.amazon.com/images/P/0930748093.01.THUMBZZZ.jpg;http://images.amazon.com/images/P/0930748093.01.MZZZZZZZ.jpg;http://images.amazon.com/images/P/0930748093.01.LZZZZZZZ.jpg
0874779227;"Your Life As Story: Discovering the \New Autobiography\"" and Writing Memoir As Literature""";Tristine Rainer;1998;Putnam Publishing Group;http://images.amazon.com/images/P/0874779227.01.THUMBZZZ.jpg;http://images.amazon.com/images/P/0874779227.01.MZZZZZZZ.jpg;http://images.amazon.com/images/P/0874779227.01.LZZZZZZZ.jpg
1577310640;You Can Be Happy No Matter What: Five Principles Your Therapist Never Told You;Richard Carlson;1997;New World Library;http://images.amazon.com/images/P/1577310640.01.THUMBZZZ.jpg;http://images.amazon.com/images/P/1577310640.01.MZZZZZZZ.jpg;http://images.amazon.com/images/P/1577310640.01.LZZZZZZZ.jpg
0786800909;You Must Remember This;Karen L. B. Evans;1997;Disney Pr;http://images.amazon.com/images/P/0786800909.01.THUMBZZZ.jpg;http://images.amazon.com/images/P/0786800909.01.MZZZZZZZ.jpg;http://images.amazon.com/images/P/0786800909.01.LZZZZZZZ.jpg
0030899788;Yanomamo, the Fierce People (American Problem Studies);Napoleon A. Chagnon;1977;Holt Rinehart and Winston;http://images.amazon.com/images/P/0030899788.01.THUMBZZZ.jpg;http://images.amazon.com/images/P/0030899788.01.MZZZZZZZ.jpg;http://images.amazon.com/images/P/0030899788.01.LZZZZZZZ.jpg
0805045716;Yoga Journal's Yoga Basics: The Essential Beginner's Guide to Yoga for a Lifetime of Health and Fitness;Mara Carrico;1997;Owl Books (NY);http://images.amazon.com/images/P/0805045716.01.THUMBZZZ.jpg;http://images.amazon.com/images/P/0805045716.01.MZZZZZZZ.jpg;http://images.amazon.com/images/P/0805045716.01.LZZZZZZZ.jpg
068481448X;YOU CAN MAKE IT HAPPEN : A NINE STEP PLAN FOR SUCCESS;Stedman Graham;1997;Simon & Schuster;http://images.amazon.com/images/P/068481448X.01.THUMBZZZ.jpg;http://images.amazon.com/images/P/068481448X.01.MZZZZZZZ.jpg;http://images.amazon.com/images/P/068481448X.01.LZZZZZZZ.jpg
0373650175;You Must Rememeber This  (36 Hours) (36 Hours , No 12);Marilyn Pappano;1998;Harlequin;http://images.amazon.com/images/P/0373650175.01.THUMBZZZ.jpg;http://images.amazon.com/images/P/0373650175.01.MZZZZZZZ.jpg;http://images.amazon.com/images/P/0373650175.01.LZZZZZZZ.jpg
0373650485;You Belong To Me (Montana Mavericks) (Montana Mavericks);Jennifer Greene;2000;Silhouette;http://images.amazon.com/images/P/0373650485.01.THUMBZZZ.jpg;http://images.amazon.com/images/P/0373650485.01.MZZZZZZZ.jpg;http://images.amazon.com/images/P/0373650485.01.LZZZZZZZ.jpg
006097169X;You Must Remember This;Joyce Carol Oates;1988;HarperCollins;http://images.amazon.com/images/P/006097169X.01.THUMBZZZ.jpg;http://images.amazon.com/images/P/006097169X.01.MZZZZZZZ.jpg;http://images.amazon.com/images/P/006097169X.01.LZZZZZZZ.jpg
0690041535;Yankee Doodle's Literary Sampler of Prose, Poetry, and Pictures/31449;Virginia Haviland;1981;Bookthrift Co;http://images.amazon.com/images/P/0690041535.01.THUMBZZZ.jpg;http://images.amazon.com/images/P/0690041535.01.MZZZZZZZ.jpg;http://images.amazon.com/images/P/0690041535.01.LZZZZZZZ.jpg
0684865416;Your Handwriting Can Change Your Life!;Vimala Rodgers;2000;Fireside;http://images.amazon.com/images/P/0684865416.01.THUMBZZZ.jpg;http://images.amazon.com/images/P/0684865416.01.MZZZZZZZ.jpg;http://images.amazon.com/images/P/0684865416.01.LZZZZZZZ.jpg
0373077181;You Must Remember This;Clara Wimberly;1996;Silhouette;http://images.amazon.com/images/P/0373077181.01.THUMBZZZ.jpg;http://images.amazon.com/images/P/0373077181.01.MZZZZZZZ.jpg;http://images.amazon.com/images/P/0373077181.01.LZZZZZZZ.jpg
081673691X;You Can Never Go Home Again;Dyan Sheldon;1995;Troll Communications;http://images.amazon.com/images/P/081673691X.01.THUMBZZZ.jpg;http://images.amazon.com/images/P/081673691X.01.MZZZZZZZ.jpg;http://images.amazon.com/images/P/081673691X.01.LZZZZZZZ.jpg
1878702637;Yesterday's Fantasy;Pamela Macaluso;1991;Meteor Publishing Corporation;http://images.amazon.com/images/P/1878702637.01.THUMBZZZ.jpg;http://images.amazon.com/images/P/1878702637.01.MZZZZZZZ.jpg;http://images.amazon.com/images/P/1878702637.01.LZZZZZZZ.jpg
0863182887;You and Your Cat (You & Your);David Taylor;1988;Dorling Kindersley;http://images.amazon.com/images/P/0863182887.01.THUMBZZZ.jpg;http://images.amazon.com/images/P/0863182887.01.MZZZZZZZ.jpg;http://images.amazon.com/images/P/0863182887.01.LZZZZZZZ.jpg
1569319049;YuYu Hakusho, Vol. 1;Yoshihiro Togashi;2003;VIZ LLC;http://images.amazon.com/images/P/1569319049.01.THUMBZZZ.jpg;http://images.amazon.com/images/P/1569319049.01.MZZZZZZZ.jpg;http://images.amazon.com/images/P/1569319049.01.LZZZZZZZ.jpg
0805032681;Your Purebred Kitten: A Buyer's Guide;Michele Lowell;1995;Henry Holt & Co;http://images.amazon.com/images/P/0805032681.01.THUMBZZZ.jpg;http://images.amazon.com/images/P/0805032681.01.MZZZZZZZ.jpg;http://images.amazon.com/images/P/0805032681.01.LZZZZZZZ.jpg
0931580579;You Can't Afford the Luxury of a Negative Thought (The Life 101 Series);Peter McWilliams;1997;Prelude Press;http://images.amazon.com/images/P/0931580579.01.THUMBZZZ.jpg;http://images.amazon.com/images/P/0931580579.01.MZZZZZZZ.jpg;http://images.amazon.com/images/P/0931580579.01.LZZZZZZZ.jpg
0713634804;Yachtsman's Eight Language Dictionary: English, French, German, Dutch, Danish, Italian, Spanish, Portuguese;Barbara Webb;1983;A & C Black (Publishers) Ltd;http://images.amazon.com/images/P/0713634804.01.THUMBZZZ.jpg;http://images.amazon.com/images/P/0713634804.01.MZZZZZZZ.jpg;http://images.amazon.com/images/P/0713634804.01.LZZZZZZZ.jpg
0440998980;You Are the Rain;R. Roxanne Knudson;1978;Bantam Books (Mm);http://images.amazon.com/images/P/0440998980.01.THUMBZZZ.jpg;http://images.amazon.com/images/P/0440998980.01.MZZZZZZZ.jpg;http://images.amazon.com/images/P/0440998980.01.LZZZZZZZ.jpg
1568650000;You should be so lucky: A new comedy;Charles Busch;1994;Fireside Theatre;http://images.amazon.com/images/P/1568650000.01.THUMBZZZ.jpg;http://images.amazon.com/images/P/1568650000.01.MZZZZZZZ.jpg;http://images.amazon.com/images/P/1568650000.01.LZZZZZZZ.jpg
0553486128;Your Basic Nightmare (Sweet Valley High Senior Year, 6);Francine Pascal;1999;Sweet Valley;http://images.amazon.com/images/P/0553486128.01.THUMBZZZ.jpg;http://images.amazon.com/images/P/0553486128.01.MZZZZZZZ.jpg;http://images.amazon.com/images/P/0553486128.01.LZZZZZZZ.jpg
0553480960;Yours for a Day (Sweet Valley Twins and Friends, No 76);Jamie Suzanne;1994;Sweet Valley;http://images.amazon.com/images/P/0553480960.01.THUMBZZZ.jpg;http://images.amazon.com/images/P/0553480960.01.MZZZZZZZ.jpg;http://images.amazon.com/images/P/0553480960.01.LZZZZZZZ.jpg
0380807890;You Made Me Love You (Avon Light Contemporary Romances);Neesa Hart;2000;Avon;http://images.amazon.com/images/P/0380807890.01.THUMBZZZ.jpg;http://images.amazon.com/images/P/0380807890.01.MZZZZZZZ.jpg;http://images.amazon.com/images/P/0380807890.01.LZZZZZZZ.jpg
0670843318;Your Money or Your Life: Transforming Your Relationship With Money and Achieving Financial Independence;Joe Dominguez;1992;Penguin USA;http://images.amazon.com/images/P/0670843318.01.THUMBZZZ.jpg;http://images.amazon.com/images/P/0670843318.01.MZZZZZZZ.jpg;http://images.amazon.com/images/P/0670843318.01.LZZZZZZZ.jpg
0099267594;Yellow Dog;Martin Amis;2004;Vintage;http://images.amazon.com/images/P/0099267594.01.THUMBZZZ.jpg;http://images.amazon.com/images/P/0099267594.01.MZZZZZZZ.jpg;http://images.amazon.com/images/P/0099267594.01.LZZZZZZZ.jpg
0413306607;"You can't have your kayak and heat it;: Stories from My word!";Frank Muir;1973;Eyre Methuen;http://images.amazon.com/images/P/0413306607.01.THUMBZZZ.jpg;http://images.amazon.com/images/P/0413306607.01.MZZZZZZZ.jpg;http://images.amazon.com/images/P/0413306607.01.LZZZZZZZ.jpg
0226500624;Young Men & Fire;Norman Maclean;1993;University of Chicago Press;http://images.amazon.com/images/P/0226500624.01.THUMBZZZ.jpg;http://images.amazon.com/images/P/0226500624.01.MZZZZZZZ.jpg;http://images.amazon.com/images/P/0226500624.01.LZZZZZZZ.jpg
0449210596;You're Our Kind of Dog, Snoopy;Charles Schulz;1985;Ballantine Books;http://images.amazon.com/images/P/0449210596.01.THUMBZZZ.jpg;http://images.amazon.com/images/P/0449210596.01.MZZZZZZZ.jpg;http://images.amazon.com/images/P/0449210596.01.LZZZZZZZ.jpg
0553280198;Your Royal Hostage;Antonia Fraser;1989;Bantam Books;http://images.amazon.com/images/P/0553280198.01.THUMBZZZ.jpg;http://images.amazon.com/images/P/0553280198.01.MZZZZZZZ.jpg;http://images.amazon.com/images/P/0553280198.01.LZZZZZZZ.jpg
068486424X;YESTERDAY, I CRIED : Celebrating the Lessons of Living and Loving;Iyanla Vanzant;1999;Simon & Schuster;http://images.amazon.com/images/P/068486424X.01.THUMBZZZ.jpg;http://images.amazon.com/images/P/068486424X.01.MZZZZZZZ.jpg;http://images.amazon.com/images/P/068486424X.01.LZZZZZZZ.jpg
1400033543;You Shall Know Our Velocity;DAVE EGGERS;2003;Vintage;http://images.amazon.com/images/P/1400033543.01.THUMBZZZ.jpg;http://images.amazon.com/images/P/1400033543.01.MZZZZZZZ.jpg;http://images.amazon.com/images/P/1400033543.01.LZZZZZZZ.jpg
0803493762;Yesterday's Dream (Avalon Romance);Joann Sands;1999;Avalon Books;http://images.amazon.com/images/P/0803493762.01.THUMBZZZ.jpg;http://images.amazon.com/images/P/0803493762.01.MZZZZZZZ.jpg;http://images.amazon.com/images/P/0803493762.01.LZZZZZZZ.jpg
0743462610;Your Birthday Sign Through Time: A Chronicle of the Forces That Shape Your Destiny;Skye Alexander;2002;Atria Books;http://images.amazon.com/images/P/0743462610.01.THUMBZZZ.jpg;http://images.amazon.com/images/P/0743462610.01.MZZZZZZZ.jpg;http://images.amazon.com/images/P/0743462610.01.LZZZZZZZ.jpg
0940669153;You Said a Mouthful;Roger Karshner;1991;Dramaline Publications;http://images.amazon.com/images/P/0940669153.01.THUMBZZZ.jpg;http://images.amazon.com/images/P/0940669153.01.MZZZZZZZ.jpg;http://images.amazon.com/images/P/0940669153.01.LZZZZZZZ.jpg
0590411195;Your's Till Niagara Falls, Abby;Jane O'Connor;1987;Scholastic;http://images.amazon.com/images/P/0590411195.01.THUMBZZZ.jpg;http://images.amazon.com/images/P/0590411195.01.MZZZZZZZ.jpg;http://images.amazon.com/images/P/0590411195.01.LZZZZZZZ.jpg
0312987293;You've Got a Hold On Me;Tamara Sneed;2004;St. Martin's Paperbacks;http://images.amazon.com/images/P/0312987293.01.THUMBZZZ.jpg;http://images.amazon.com/images/P/0312987293.01.MZZZZZZZ.jpg;http://images.amazon.com/images/P/0312987293.01.LZZZZZZZ.jpg
0312030118;You'll Hear from Us;Marilyn Cooley;1989;St Martins Pr;http://images.amazon.com/images/P/0312030118.01.THUMBZZZ.jpg;http://images.amazon.com/images/P/0312030118.01.MZZZZZZZ.jpg;http://images.amazon.com/images/P/0312030118.01.LZZZZZZZ.jpg
0373790198;You Sexy Thing! (Blaze, 15);Tori Carrington;2001;Harlequin;http://images.amazon.com/images/P/0373790198.01.THUMBZZZ.jpg;http://images.amazon.com/images/P/0373790198.01.MZZZZZZZ.jpg;http://images.amazon.com/images/P/0373790198.01.LZZZZZZZ.jpg
0671881264;Your Guardian Angels : Use the Power of Angelic Messengers to Enrich and Empower Your Life;Linda Georgian;1994;Fireside;http://images.amazon.com/images/P/0671881264.01.THUMBZZZ.jpg;http://images.amazon.com/images/P/0671881264.01.MZZZZZZZ.jpg;http://images.amazon.com/images/P/0671881264.01.LZZZZZZZ.jpg
0385291795;Yonnondio: From the Thirties;Tillie Olsen;1979;Delta Trade Paperbacks;http://images.amazon.com/images/P/0385291795.01.THUMBZZZ.jpg;http://images.amazon.com/images/P/0385291795.01.MZZZZZZZ.jpg;http://images.amazon.com/images/P/0385291795.01.LZZZZZZZ.jpg
0375405283;You're an Animal, Viskovitz! (Vintage International);ALESSANDRO BOFFA;2002;Knopf;http://images.amazon.com/images/P/0375405283.01.THUMBZZZ.jpg;http://images.amazon.com/images/P/0375405283.01.MZZZZZZZ.jpg;http://images.amazon.com/images/P/0375405283.01.LZZZZZZZ.jpg
0375704833;You're an Animal, Viskovitz! (Vintage International (Paperback));Alessandro Boffa;2003;Vintage Books USA;http://images.amazon.com/images/P/0375704833.01.THUMBZZZ.jpg;http://images.amazon.com/images/P/0375704833.01.MZZZZZZZ.jpg;http://images.amazon.com/images/P/0375704833.01.LZZZZZZZ.jpg
0590428543;Yours Till Niagara Falls, Abby;Jane O'Connor;1989;Scholastic Paperbacks (Mm);http://images.amazon.com/images/P/0590428543.01.THUMBZZZ.jpg;http://images.amazon.com/images/P/0590428543.01.MZZZZZZZ.jpg;http://images.amazon.com/images/P/0590428543.01.LZZZZZZZ.jpg
0312308590;Year's Best Science Fiction: Twentieth Annual Collection;Gardner Dozois;2003;St. Martin's Press;http://images.amazon.com/images/P/0312308590.01.THUMBZZZ.jpg;http://images.amazon.com/images/P/0312308590.01.MZZZZZZZ.jpg;http://images.amazon.com/images/P/0312308590.01.LZZZZZZZ.jpg
0787104043;You'll Never Make Love in This Town Again;Jennie Louise Frankel;1996;Dove Books;http://images.amazon.com/images/P/0787104043.01.THUMBZZZ.jpg;http://images.amazon.com/images/P/0787104043.01.MZZZZZZZ.jpg;http://images.amazon.com/images/P/0787104043.01.LZZZZZZZ.jpg
1583225846;You Back the Attack, We'll Bomb Who We Want;Micah Ian Wright;2003;Seven Stories Press;http://images.amazon.com/images/P/1583225846.01.THUMBZZZ.jpg;http://images.amazon.com/images/P/1583225846.01.MZZZZZZZ.jpg;http://images.amazon.com/images/P/1583225846.01.LZZZZZZZ.jpg
1552093654;You Eat What You Are: People, Culture and Food Traditions;Thelma Barer-Stein;1999;Firefly Books Ltd;http://images.amazon.com/images/P/1552093654.01.THUMBZZZ.jpg;http://images.amazon.com/images/P/1552093654.01.MZZZZZZZ.jpg;http://images.amazon.com/images/P/1552093654.01.LZZZZZZZ.jpg
0743400542;You're Only as Good as Your Next One: 100 Great Films, 100 Good Films, and 100 for Which I Should Be Shot;Mike Medavoy;2002;Atria;http://images.amazon.com/images/P/0743400542.01.THUMBZZZ.jpg;http://images.amazon.com/images/P/0743400542.01.MZZZZZZZ.jpg;http://images.amazon.com/images/P/0743400542.01.LZZZZZZZ.jpg
0439297710;You Remind Me of You: A Poetry Memoir (Push Poetry);Eireann Corrigan;2002;Push;http://images.amazon.com/images/P/0439297710.01.THUMBZZZ.jpg;http://images.amazon.com/images/P/0439297710.01.MZZZZZZZ.jpg;http://images.amazon.com/images/P/0439297710.01.LZZZZZZZ.jpg
0515084891;Years;LaVyrle Spencer;1995;Jove Books;http://images.amazon.com/images/P/0515084891.01.THUMBZZZ.jpg;http://images.amazon.com/images/P/0515084891.01.MZZZZZZZ.jpg;http://images.amazon.com/images/P/0515084891.01.LZZZZZZZ.jpg
1840240679;Year of the Roasted Ear;Donna Carrere;1999;Summersdale Publishers;http://images.amazon.com/images/P/1840240679.01.THUMBZZZ.jpg;http://images.amazon.com/images/P/1840240679.01.MZZZZZZZ.jpg;http://images.amazon.com/images/P/1840240679.01.LZZZZZZZ.jpg
0152999442;You Shouldn't Have to Say Good-Bye;Patricia Hermes;1984;Harcourt Inc (J);http://images.amazon.com/images/P/0152999442.01.THUMBZZZ.jpg;http://images.amazon.com/images/P/0152999442.01.MZZZZZZZ.jpg;http://images.amazon.com/images/P/0152999442.01.LZZZZZZZ.jpg
0684187469;Yesterday's Daughter;Patricia Calvert;1986;Simon & Schuster Merchandise &;http://images.amazon.com/images/P/0684187469.01.THUMBZZZ.jpg;http://images.amazon.com/images/P/0684187469.01.MZZZZZZZ.jpg;http://images.amazon.com/images/P/0684187469.01.LZZZZZZZ.jpg
0446363715;Yesteryear;Dorothy Garlock;1995;Warner Books;http://images.amazon.com/images/P/0446363715.01.THUMBZZZ.jpg;http://images.amazon.com/images/P/0446363715.01.MZZZZZZZ.jpg;http://images.amazon.com/images/P/0446363715.01.LZZZZZZZ.jpg
1591163633;Yu-Gi-Oh! (Yu-Gi-Oh!);Kazuki Takahashi;2003;VIZ LLC;http://images.amazon.com/images/P/1591163633.01.THUMBZZZ.jpg;http://images.amazon.com/images/P/1591163633.01.MZZZZZZZ.jpg;http://images.amazon.com/images/P/1591163633.01.LZZZZZZZ.jpg
0316911488;You Know You Love Me: A Gossip Girl Novel;Cecily von Ziegesar;2002;Little, Brown;http://images.amazon.com/images/P/0316911488.01.THUMBZZZ.jpg;http://images.amazon.com/images/P/0316911488.01.MZZZZZZZ.jpg;http://images.amazon.com/images/P/0316911488.01.LZZZZZZZ.jpg
0394551907;You're Only Old Once! : A Book for Obsolete Children;DR SEUSS;1986;Random House;http://images.amazon.com/images/P/0394551907.01.THUMBZZZ.jpg;http://images.amazon.com/images/P/0394551907.01.MZZZZZZZ.jpg;http://images.amazon.com/images/P/0394551907.01.LZZZZZZZ.jpg
1904132138;You Are G8, We Are 6 Billion : The Truth Behind the Genoa Protests;Jonathan Neale;2003;Consortium;http://images.amazon.com/images/P/1904132138.01.THUMBZZZ.jpg;http://images.amazon.com/images/P/1904132138.01.MZZZZZZZ.jpg;http://images.amazon.com/images/P/1904132138.01.LZZZZZZZ.jpg
0449208540;You're a Good Man, Charlie Brown;Clark Gesner;1985;Ballantine Books (Mm);http://images.amazon.com/images/P/0449208540.01.THUMBZZZ.jpg;http://images.amazon.com/images/P/0449208540.01.MZZZZZZZ.jpg;http://images.amazon.com/images/P/0449208540.01.LZZZZZZZ.jpg
0803707002;You Take the High Road;Mary K. Pershall;1990;Penguin USA;http://images.amazon.com/images/P/0803707002.01.THUMBZZZ.jpg;http://images.amazon.com/images/P/0803707002.01.MZZZZZZZ.jpg;http://images.amazon.com/images/P/0803707002.01.LZZZZZZZ.jpg
0642005907;You Can Draw a Kangaroo;Dept Of Australiaa;1989;Australian Government Publishing Service;http://images.amazon.com/images/P/0642005907.01.THUMBZZZ.jpg;http://images.amazon.com/images/P/0642005907.01.MZZZZZZZ.jpg;http://images.amazon.com/images/P/0642005907.01.LZZZZZZZ.jpg
0679849262;Young Indiana Jones and the Lost Gold of Durango (Young Indiana Jones Book, No 10);Megan Stine;1993;Random House Children's Books;http://images.amazon.com/images/P/0679849262.01.THUMBZZZ.jpg;http://images.amazon.com/images/P/0679849262.01.MZZZZZZZ.jpg;http://images.amazon.com/images/P/0679849262.01.LZZZZZZZ.jpg
0373441355;You Call This Romance?/Are You for Real? (Duets, 69);Barbara Daly;2002;Harlequin;http://images.amazon.com/images/P/0373441355.01.THUMBZZZ.jpg;http://images.amazon.com/images/P/0373441355.01.MZZZZZZZ.jpg;http://images.amazon.com/images/P/0373441355.01.LZZZZZZZ.jpg
0505520605;Yesterday & Forever;Victoria Alexander;1995;Love Spell;http://images.amazon.com/images/P/0505520605.01.THUMBZZZ.jpg;http://images.amazon.com/images/P/0505520605.01.MZZZZZZZ.jpg;http://images.amazon.com/images/P/0505520605.01.LZZZZZZZ.jpg
0446519650;You Just Don't Duct Tape a Baby!: True Tales and Sensible Suggestions from a Veteran Pediatrician;Norman Weinberger;1997;Warner Books;http://images.amazon.com/images/P/0446519650.01.THUMBZZZ.jpg;http://images.amazon.com/images/P/0446519650.01.MZZZZZZZ.jpg;http://images.amazon.com/images/P/0446519650.01.LZZZZZZZ.jpg
0380793261;Yankee Doodle Dead (Death on Demand Mysteries (Paperback));Carolyn Hart;1999;Avon;http://images.amazon.com/images/P/0380793261.01.THUMBZZZ.jpg;http://images.amazon.com/images/P/0380793261.01.MZZZZZZZ.jpg;http://images.amazon.com/images/P/0380793261.01.LZZZZZZZ.jpg
0440506751;Your Four-Year-Old: Wild and Wonderful;Louise B. Ames;1980;Dell Publishing Company;http://images.amazon.com/images/P/0440506751.01.THUMBZZZ.jpg;http://images.amazon.com/images/P/0440506751.01.MZZZZZZZ.jpg;http://images.amazon.com/images/P/0440506751.01.LZZZZZZZ.jpg
0671206605;YOU MIGHT WELL LVE;John Keats;1970;Simon & Schuster;http://images.amazon.com/images/P/0671206605.01.THUMBZZZ.jpg;http://images.amazon.com/images/P/0671206605.01.MZZZZZZZ.jpg;http://images.amazon.com/images/P/0671206605.01.LZZZZZZZ.jpg
0895263335;Year of the Rat: How Bill Clinton Compromised U.S. Security for Chinese Cash;Edward Timperlake;1998;Regnery Publishing;http://images.amazon.com/images/P/0895263335.01.THUMBZZZ.jpg;http://images.amazon.com/images/P/0895263335.01.MZZZZZZZ.jpg;http://images.amazon.com/images/P/0895263335.01.LZZZZZZZ.jpg
0964372711;Yin for Change: Awakening Imagination for More Life in Your Living;Sonny Brewer;1996;Over the Transom Pub Co;http://images.amazon.com/images/P/0964372711.01.THUMBZZZ.jpg;http://images.amazon.com/images/P/0964372711.01.MZZZZZZZ.jpg;http://images.amazon.com/images/P/0964372711.01.LZZZZZZZ.jpg
094343310X;York Ferry;Annie Dawid;1993;Cane Hill Press;http://images.amazon.com/images/P/094343310X.01.THUMBZZZ.jpg;http://images.amazon.com/images/P/094343310X.01.MZZZZZZZ.jpg;http://images.amazon.com/images/P/094343310X.01.LZZZZZZZ.jpg
1570712190;Your First Business Plan: A Simple Question and Answer Format Designed to Help You Write Your Own Plan (Your First Business Plan);Joseph Covello;1998;Sourcebooks;http://images.amazon.com/images/P/1570712190.01.THUMBZZZ.jpg;http://images.amazon.com/images/P/1570712190.01.MZZZZZZZ.jpg;http://images.amazon.com/images/P/1570712190.01.LZZZZZZZ.jpg
0689820739;Yesterday's Child;Sonia Levitin;1998;Simon Pulse;http://images.amazon.com/images/P/0689820739.01.THUMBZZZ.jpg;http://images.amazon.com/images/P/0689820739.01.MZZZZZZZ.jpg;http://images.amazon.com/images/P/0689820739.01.LZZZZZZZ.jpg
0767909186;You Got Nothing Coming: Notes from a Prison Fish;JIMMY A. LERNER;2002;Broadway;http://images.amazon.com/images/P/0767909186.01.THUMBZZZ.jpg;http://images.amazon.com/images/P/0767909186.01.MZZZZZZZ.jpg;http://images.amazon.com/images/P/0767909186.01.LZZZZZZZ.jpg
0864730101;You are now entering the human heart: Stories ([New Zealand stories]);Janet Frame;1983;Victoria University Press;http://images.amazon.com/images/P/0864730101.01.THUMBZZZ.jpg;http://images.amazon.com/images/P/0864730101.01.MZZZZZZZ.jpg;http://images.amazon.com/images/P/0864730101.01.LZZZZZZZ.jpg
0345379438;Yvgenie;C.J. Cherryh;1992;Del Rey Books;http://images.amazon.com/images/P/0345379438.01.THUMBZZZ.jpg;http://images.amazon.com/images/P/0345379438.01.MZZZZZZZ.jpg;http://images.amazon.com/images/P/0345379438.01.LZZZZZZZ.jpg
0385121377;You Cant Eat Peanuts In Church and Other L;Barbara Seuling;1976;Bantam Doubleday Dell;http://images.amazon.com/images/P/0385121377.01.THUMBZZZ.jpg;http://images.amazon.com/images/P/0385121377.01.MZZZZZZZ.jpg;http://images.amazon.com/images/P/0385121377.01.LZZZZZZZ.jpg
0385240708;Your Hyperactive Child: A Parent's Guide to Coping With Attention Deficit Disorder;Barbara Ph.D. Ingersoll;1988;Main Street Books;http://images.amazon.com/images/P/0385240708.01.THUMBZZZ.jpg;http://images.amazon.com/images/P/0385240708.01.MZZZZZZZ.jpg;http://images.amazon.com/images/P/0385240708.01.LZZZZZZZ.jpg
0862421497;Your Rights 1994-95: A Guide to Money Benefits for Older People;Sally West;1994;Age Concern Books, Age Concern England;http://images.amazon.com/images/P/0862421497.01.THUMBZZZ.jpg;http://images.amazon.com/images/P/0862421497.01.MZZZZZZZ.jpg;http://images.amazon.com/images/P/0862421497.01.LZZZZZZZ.jpg
0866220666;Your First Guinea Pig;Anja J. Steinkamp;1991;TFH Publications;http://images.amazon.com/images/P/0866220666.01.THUMBZZZ.jpg;http://images.amazon.com/images/P/0866220666.01.MZZZZZZZ.jpg;http://images.amazon.com/images/P/0866220666.01.LZZZZZZZ.jpg
0060930055;You Can't Go Home Again;Thomas Wolfe;1998;Perennial;http://images.amazon.com/images/P/0060930055.01.THUMBZZZ.jpg;http://images.amazon.com/images/P/0060930055.01.MZZZZZZZ.jpg;http://images.amazon.com/images/P/0060930055.01.LZZZZZZZ.jpg
0373029500;You Can Love A Stranger (Harlequin Romance, No 2950);Arnette Lamb;1988;Harlequin;http://images.amazon.com/images/P/0373029500.01.THUMBZZZ.jpg;http://images.amazon.com/images/P/0373029500.01.MZZZZZZZ.jpg;http://images.amazon.com/images/P/0373029500.01.LZZZZZZZ.jpg
0373117817;Yuletide Bride (Wedlocked) (Harlequin Presents, No 1781);Mary Lyons;1995;Harlequin;http://images.amazon.com/images/P/0373117817.01.THUMBZZZ.jpg;http://images.amazon.com/images/P/0373117817.01.MZZZZZZZ.jpg;http://images.amazon.com/images/P/0373117817.01.LZZZZZZZ.jpg
0373117744;Yesterday'S Echoes (Presents Plus) (Harlequin Presents, No 1774);David P. Jordan;1995;Harlequin;http://images.amazon.com/images/P/0373117744.01.THUMBZZZ.jpg;http://images.amazon.com/images/P/0373117744.01.MZZZZZZZ.jpg;http://images.amazon.com/images/P/0373117744.01.LZZZZZZZ.jpg
0373119038;Yesterday'S Bride  (From Here To Paternity) (Harlequin Presents, No 1903);Alison Kelly;1997;Harlequin;http://images.amazon.com/images/P/0373119038.01.THUMBZZZ.jpg;http://images.amazon.com/images/P/0373119038.01.MZZZZZZZ.jpg;http://images.amazon.com/images/P/0373119038.01.LZZZZZZZ.jpg
1565300343;You Can Do It!: Balloon Animals;Ace Collins;1993;Summit Publishing Group;http://images.amazon.com/images/P/1565300343.01.THUMBZZZ.jpg;http://images.amazon.com/images/P/1565300343.01.MZZZZZZZ.jpg;http://images.amazon.com/images/P/1565300343.01.LZZZZZZZ.jpg
0786005173;Yellowstone;Gary McCarthy;1998;Pinnacle Books;http://images.amazon.com/images/P/0786005173.01.THUMBZZZ.jpg;http://images.amazon.com/images/P/0786005173.01.MZZZZZZZ.jpg;http://images.amazon.com/images/P/0786005173.01.LZZZZZZZ.jpg
0373286570;Yankee (Harlequin Historical, No 57);Kristin James;1990;Harlequin;http://images.amazon.com/images/P/0373286570.01.THUMBZZZ.jpg;http://images.amazon.com/images/P/0373286570.01.MZZZZZZZ.jpg;http://images.amazon.com/images/P/0373286570.01.LZZZZZZZ.jpg
0345377168;Yellow Dog Party (Thomas Black Mysteries);Earl Emerson;1996;Fawcett Books;http://images.amazon.com/images/P/0345377168.01.THUMBZZZ.jpg;http://images.amazon.com/images/P/0345377168.01.MZZZZZZZ.jpg;http://images.amazon.com/images/P/0345377168.01.LZZZZZZZ.jpg
0802711693;Your Child's First School: A Handbook for Parents;Diana Townsend-Butterworth;1992;Walker & Company;http://images.amazon.com/images/P/0802711693.01.THUMBZZZ.jpg;http://images.amazon.com/images/P/0802711693.01.MZZZZZZZ.jpg;http://images.amazon.com/images/P/0802711693.01.LZZZZZZZ.jpg
0446910503;You Must Remember This 1973 (You Must Remember This);Mary Pradt;1995;Warner Books Inc;http://images.amazon.com/images/P/0446910503.01.THUMBZZZ.jpg;http://images.amazon.com/images/P/0446910503.01.MZZZZZZZ.jpg;http://images.amazon.com/images/P/0446910503.01.LZZZZZZZ.jpg
0762403756;You Don't Know Jack: The TV Book;Steven Heinrich;1998;Running Press Book Publishers;http://images.amazon.com/images/P/0762403756.01.THUMBZZZ.jpg;http://images.amazon.com/images/P/0762403756.01.MZZZZZZZ.jpg;http://images.amazon.com/images/P/0762403756.01.LZZZZZZZ.jpg
0786703423;You Could Call It Murder;Lawrence Block;1996;Carroll & Graf Publishers;http://images.amazon.com/images/P/0786703423.01.THUMBZZZ.jpg;http://images.amazon.com/images/P/0786703423.01.MZZZZZZZ.jpg;http://images.amazon.com/images/P/0786703423.01.LZZZZZZZ.jpg
3426617048;Y2K. Der letzte Tag. Der Roman der Jahrtausendwende.;Mark Joseph;1999;Droemer Knaur;http://images.amazon.com/images/P/3426617048.01.THUMBZZZ.jpg;http://images.amazon.com/images/P/3426617048.01.MZZZZZZZ.jpg;http://images.amazon.com/images/P/3426617048.01.LZZZZZZZ.jpg
3576131086;Yoga f�?¼r jeden Tag.;Rosamund Bell;1998;Mosaik;http://images.amazon.com/images/P/3576131086.01.THUMBZZZ.jpg;http://images.amazon.com/images/P/3576131086.01.MZZZZZZZ.jpg;http://images.amazon.com/images/P/3576131086.01.LZZZZZZZ.jpg
1560251387;Yesterday: Photographs of the Beatles;Robert Freeman;1997;Publishers Group West;http://images.amazon.com/images/P/1560251387.01.THUMBZZZ.jpg;http://images.amazon.com/images/P/1560251387.01.MZZZZZZZ.jpg;http://images.amazon.com/images/P/1560251387.01.LZZZZZZZ.jpg
037319675X;You're Marrying Her?;Angie Ray;2003;Silhouette;http://images.amazon.com/images/P/037319675X.01.THUMBZZZ.jpg;http://images.amazon.com/images/P/037319675X.01.MZZZZZZZ.jpg;http://images.amazon.com/images/P/037319675X.01.LZZZZZZZ.jpg
0385292066;Your One Year Old;Louise Bates Ames;1983;Bantam Doubleday Dell;http://images.amazon.com/images/P/0385292066.01.THUMBZZZ.jpg;http://images.amazon.com/images/P/0385292066.01.MZZZZZZZ.jpg;http://images.amazon.com/images/P/0385292066.01.LZZZZZZZ.jpg
0679724257;Your Baby and Child: From Birth to Age Five;Penelope Leach;1989;Random House Inc;http://images.amazon.com/images/P/0679724257.01.THUMBZZZ.jpg;http://images.amazon.com/images/P/0679724257.01.MZZZZZZZ.jpg;http://images.amazon.com/images/P/0679724257.01.LZZZZZZZ.jpg
9529646496;Yli uusien rantojen;Kimmo Lehtonen;2000;Loki-Kirjat;http://images.amazon.com/images/P/9529646496.01.THUMBZZZ.jpg;http://images.amazon.com/images/P/9529646496.01.MZZZZZZZ.jpg;http://images.amazon.com/images/P/9529646496.01.LZZZZZZZ.jpg
0684192578;YOU MEAN I DONT HAVE TO FEEL THIS WAY;Colette Dowling;1992;Scribner;http://images.amazon.com/images/P/0684192578.01.THUMBZZZ.jpg;http://images.amazon.com/images/P/0684192578.01.MZZZZZZZ.jpg;http://images.amazon.com/images/P/0684192578.01.LZZZZZZZ.jpg
0804116776;Your Top Health Concerns (Ask Dr. Weil);Andrew Weil;1997;Ivy Books;http://images.amazon.com/images/P/0804116776.01.THUMBZZZ.jpg;http://images.amazon.com/images/P/0804116776.01.MZZZZZZZ.jpg;http://images.amazon.com/images/P/0804116776.01.LZZZZZZZ.jpg
1578630479;Your Aura & Your Chakras: The Owner's Manual;Karla McLaren;1998;Weiser Books;http://images.amazon.com/images/P/1578630479.01.THUMBZZZ.jpg;http://images.amazon.com/images/P/1578630479.01.MZZZZZZZ.jpg;http://images.amazon.com/images/P/1578630479.01.LZZZZZZZ.jpg
1557044015;Your Child at Play: Five to Eight Years: Problem-Solving, Relationships, and Going to School;Marilyn Segal;2000;Newmarket Press;http://images.amazon.com/images/P/1557044015.01.THUMBZZZ.jpg;http://images.amazon.com/images/P/1557044015.01.MZZZZZZZ.jpg;http://images.amazon.com/images/P/1557044015.01.LZZZZZZZ.jpg
0375504141;You Don't Have to Be Thin to Win: The Official Chub Club Coach's Workout Program;Judy Molnar;2000;Villard Books;http://images.amazon.com/images/P/0375504141.01.THUMBZZZ.jpg;http://images.amazon.com/images/P/0375504141.01.MZZZZZZZ.jpg;http://images.amazon.com/images/P/0375504141.01.LZZZZZZZ.jpg
0671765914;YOU CAN IF YOU THINK YOU CAN;Norman Vincent Peale;1987;Fireside Books;http://images.amazon.com/images/P/0671765914.01.THUMBZZZ.jpg;http://images.amazon.com/images/P/0671765914.01.MZZZZZZZ.jpg;http://images.amazon.com/images/P/0671765914.01.LZZZZZZZ.jpg
1885061625;You Know You're a Minnesotan If...;Ed Fischer;2000;Adventure Publications;http://images.amazon.com/images/P/1885061625.01.THUMBZZZ.jpg;http://images.amazon.com/images/P/1885061625.01.MZZZZZZZ.jpg;http://images.amazon.com/images/P/1885061625.01.LZZZZZZZ.jpg
0312264186;You Can't Catch Death: A Daughter's Memoir;Ianthe Brautigan;2001;St. Martin's Press;http://images.amazon.com/images/P/0312264186.01.THUMBZZZ.jpg;http://images.amazon.com/images/P/0312264186.01.MZZZZZZZ.jpg;http://images.amazon.com/images/P/0312264186.01.LZZZZZZZ.jpg
0395389909;Yummers Too: The Second Course;James Marshall;1986;Houghton Mifflin Co;http://images.amazon.com/images/P/0395389909.01.THUMBZZZ.jpg;http://images.amazon.com/images/P/0395389909.01.MZZZZZZZ.jpg;http://images.amazon.com/images/P/0395389909.01.LZZZZZZZ.jpg
0743406125;Year Zero;Jeff Long;2003;Pocket Star;http://images.amazon.com/images/P/0743406125.01.THUMBZZZ.jpg;http://images.amazon.com/images/P/0743406125.01.MZZZZZZZ.jpg;http://images.amazon.com/images/P/0743406125.01.LZZZZZZZ.jpg
068981755X;YUMMY! : Eating through a Day;Lee  Bennett Hopkins;2000;Simon & Schuster Children's Publishing;http://images.amazon.com/images/P/068981755X.01.THUMBZZZ.jpg;http://images.amazon.com/images/P/068981755X.01.MZZZZZZZ.jpg;http://images.amazon.com/images/P/068981755X.01.LZZZZZZZ.jpg
0060935839;Your Sacred Self: Making the Decision to Be Free;Wayne W. Dyer;2001;Perennial Currents;http://images.amazon.com/images/P/0060935839.01.THUMBZZZ.jpg;http://images.amazon.com/images/P/0060935839.01.MZZZZZZZ.jpg;http://images.amazon.com/images/P/0060935839.01.LZZZZZZZ.jpg
1564583201;Young Rider;Lucinda Green;1993;Dorling Kindersley Publishing;http://images.amazon.com/images/P/1564583201.01.THUMBZZZ.jpg;http://images.amazon.com/images/P/1564583201.01.MZZZZZZZ.jpg;http://images.amazon.com/images/P/1564583201.01.LZZZZZZZ.jpg
0385291418;Your Two Year Old;Louise Bates Ames;1980;Delta Trade Paperbacks;http://images.amazon.com/images/P/0385291418.01.THUMBZZZ.jpg;http://images.amazon.com/images/P/0385291418.01.MZZZZZZZ.jpg;http://images.amazon.com/images/P/0385291418.01.LZZZZZZZ.jpg
0806943394;Yoga For Wimps: Poses for The Flexibly Impaired;Miriam Austin;1999;Sterling Publishing;http://images.amazon.com/images/P/0806943394.01.THUMBZZZ.jpg;http://images.amazon.com/images/P/0806943394.01.MZZZZZZZ.jpg;http://images.amazon.com/images/P/0806943394.01.LZZZZZZZ.jpg
1860192912;Yeats: Romantic Visionary (Illustrated Poetry Anthology);W. B. Yeats;1997;Chelsea House Publications;http://images.amazon.com/images/P/1860192912.01.THUMBZZZ.jpg;http://images.amazon.com/images/P/1860192912.01.MZZZZZZZ.jpg;http://images.amazon.com/images/P/1860192912.01.LZZZZZZZ.jpg
0373201338;Yours Mine & Ours (By Request) (Harlequin by Request);Penny Jordan;1997;Harlequin;http://images.amazon.com/images/P/0373201338.01.THUMBZZZ.jpg;http://images.amazon.com/images/P/0373201338.01.MZZZZZZZ.jpg;http://images.amazon.com/images/P/0373201338.01.LZZZZZZZ.jpg
1555611265;Your Baby and Your Work: Balancing You Life (National Childbirth Trust Guide);Teresa Wilson;1997;Perseus Publishing;http://images.amazon.com/images/P/1555611265.01.THUMBZZZ.jpg;http://images.amazon.com/images/P/1555611265.01.MZZZZZZZ.jpg;http://images.amazon.com/images/P/1555611265.01.LZZZZZZZ.jpg
0310610710;Your aging parent;Maxine Dowd Jensen;1985;Chosen Books;http://images.amazon.com/images/P/0310610710.01.THUMBZZZ.jpg;http://images.amazon.com/images/P/0310610710.01.MZZZZZZZ.jpg;http://images.amazon.com/images/P/0310610710.01.LZZZZZZZ.jpg
0949659606;Yami: The autobiography of Yami Lester;Yami Lester;1993;Institute for Aboriginal Development Publications;http://images.amazon.com/images/P/0949659606.01.THUMBZZZ.jpg;http://images.amazon.com/images/P/0949659606.01.MZZZZZZZ.jpg;http://images.amazon.com/images/P/0949659606.01.LZZZZZZZ.jpg
0373108338;You Owe Me (Harlequin Presents);Penny Jordan;1985;Harlequin;http://images.amazon.com/images/P/0373108338.01.THUMBZZZ.jpg;http://images.amazon.com/images/P/0373108338.01.MZZZZZZZ.jpg;http://images.amazon.com/images/P/0373108338.01.LZZZZZZZ.jpg
0695307444;You Can Go Jump (Follett Beginning-To-Read Book: Level One);V. McLenighan;1989;Follett;http://images.amazon.com/images/P/0695307444.01.THUMBZZZ.jpg;http://images.amazon.com/images/P/0695307444.01.MZZZZZZZ.jpg;http://images.amazon.com/images/P/0695307444.01.LZZZZZZZ.jpg
067972236X;You Can't Take It With You, So Eat It Now!  Everyday Strategies from Sylvia;Nicole Hollander;1989;Random House Inc;http://images.amazon.com/images/P/067972236X.01.THUMBZZZ.jpg;http://images.amazon.com/images/P/067972236X.01.MZZZZZZZ.jpg;http://images.amazon.com/images/P/067972236X.01.LZZZZZZZ.jpg
0425085058;Young Rissa (Rissa Kerguelen Saga Bk 1);F. M. Busby;1985;Berkley Pub Group;http://images.amazon.com/images/P/0425085058.01.THUMBZZZ.jpg;http://images.amazon.com/images/P/0425085058.01.MZZZZZZZ.jpg;http://images.amazon.com/images/P/0425085058.01.LZZZZZZZ.jpg
0439376181;You Are Here This Is Now: The Best Young Writers and Artists in America;David Levithan;2002;Push;http://images.amazon.com/images/P/0439376181.01.THUMBZZZ.jpg;http://images.amazon.com/images/P/0439376181.01.MZZZZZZZ.jpg;http://images.amazon.com/images/P/0439376181.01.LZZZZZZZ.jpg
0881330388;Yoruba of Southwestern Nigeria;William Bascom;1984;Waveland Press;http://images.amazon.com/images/P/0881330388.01.THUMBZZZ.jpg;http://images.amazon.com/images/P/0881330388.01.MZZZZZZZ.jpg;http://images.amazon.com/images/P/0881330388.01.LZZZZZZZ.jpg
0399131043;You Can Fool All of the People All of the Time;Art Buchwald;1987;Putnam Pub Group;http://images.amazon.com/images/P/0399131043.01.THUMBZZZ.jpg;http://images.amazon.com/images/P/0399131043.01.MZZZZZZZ.jpg;http://images.amazon.com/images/P/0399131043.01.LZZZZZZZ.jpg
0061020540;Year's Best SF 5;David G. Hartwell;2000;Eos;http://images.amazon.com/images/P/0061020540.01.THUMBZZZ.jpg;http://images.amazon.com/images/P/0061020540.01.MZZZZZZZ.jpg;http://images.amazon.com/images/P/0061020540.01.LZZZZZZZ.jpg
0679805796;Young Indiana Jones and the Plantation Treasure (Young Indiana Jones, Book 1);William McCay;1990;Random House Trade;http://images.amazon.com/images/P/0679805796.01.THUMBZZZ.jpg;http://images.amazon.com/images/P/0679805796.01.MZZZZZZZ.jpg;http://images.amazon.com/images/P/0679805796.01.LZZZZZZZ.jpg
0918259207;Your Guide to Corporate Survival;Scott Choate;1989;CCC Publications;http://images.amazon.com/images/P/0918259207.01.THUMBZZZ.jpg;http://images.amazon.com/images/P/0918259207.01.MZZZZZZZ.jpg;http://images.amazon.com/images/P/0918259207.01.LZZZZZZZ.jpg
0061020559;Year's Best Sf 6 (Year's Best SF (Science Fiction));David G. Hartwell;2001;Eos;http://images.amazon.com/images/P/0061020559.01.THUMBZZZ.jpg;http://images.amazon.com/images/P/0061020559.01.MZZZZZZZ.jpg;http://images.amazon.com/images/P/0061020559.01.LZZZZZZZ.jpg
0061059021;Year's Best SF 4;David G. Hartwell;1999;Eos;http://images.amazon.com/images/P/0061059021.01.THUMBZZZ.jpg;http://images.amazon.com/images/P/0061059021.01.MZZZZZZZ.jpg;http://images.amazon.com/images/P/0061059021.01.LZZZZZZZ.jpg
0061059013;Year's Best SF 3;David G. Hartwell;1998;Eos;http://images.amazon.com/images/P/0061059013.01.THUMBZZZ.jpg;http://images.amazon.com/images/P/0061059013.01.MZZZZZZZ.jpg;http://images.amazon.com/images/P/0061059013.01.LZZZZZZZ.jpg
0844255475;You and Science Fiction;Bernard Hollister;2001;Glencoe/McGraw-Hill;http://images.amazon.com/images/P/0844255475.01.THUMBZZZ.jpg;http://images.amazon.com/images/P/0844255475.01.MZZZZZZZ.jpg;http://images.amazon.com/images/P/0844255475.01.LZZZZZZZ.jpg
0553579045;Your Baby's First Year;Steven P. Shelov;1998;Bantam;http://images.amazon.com/images/P/0553579045.01.THUMBZZZ.jpg;http://images.amazon.com/images/P/0553579045.01.MZZZZZZZ.jpg;http://images.amazon.com/images/P/0553579045.01.LZZZZZZZ.jpg
0671737554;Yankee Wife;Linda Lael Miller;1993;Pocket;http://images.amazon.com/images/P/0671737554.01.THUMBZZZ.jpg;http://images.amazon.com/images/P/0671737554.01.MZZZZZZZ.jpg;http://images.amazon.com/images/P/0671737554.01.LZZZZZZZ.jpg
0373971001;Yellow Rain (Worldwide Mystery);Steven Spetz;1989;Worldwide Library;http://images.amazon.com/images/P/0373971001.01.THUMBZZZ.jpg;http://images.amazon.com/images/P/0373971001.01.MZZZZZZZ.jpg;http://images.amazon.com/images/P/0373971001.01.LZZZZZZZ.jpg
0671473158;YESTERDAY SON;A.C. Crispin;1983;Star Trek;http://images.amazon.com/images/P/0671473158.01.THUMBZZZ.jpg;http://images.amazon.com/images/P/0671473158.01.MZZZZZZZ.jpg;http://images.amazon.com/images/P/0671473158.01.LZZZZZZZ.jpg
006057559X;Year's Best Sf 9 (Year's Best SF (Science Fiction));David G. Hartwell;2004;Eos;http://images.amazon.com/images/P/006057559X.01.THUMBZZZ.jpg;http://images.amazon.com/images/P/006057559X.01.MZZZZZZZ.jpg;http://images.amazon.com/images/P/006057559X.01.LZZZZZZZ.jpg
0898798299;You Can Write Children's Books (You Can Write It Series);Tracey E. Dils;1998;Writer's Digest Books;http://images.amazon.com/images/P/0898798299.01.THUMBZZZ.jpg;http://images.amazon.com/images/P/0898798299.01.MZZZZZZZ.jpg;http://images.amazon.com/images/P/0898798299.01.LZZZZZZZ.jpg
0394832973;You're a Good Sport, Charlie Brown;Charles M. Schulz;1976;Random House Childrens Pub;http://images.amazon.com/images/P/0394832973.01.THUMBZZZ.jpg;http://images.amazon.com/images/P/0394832973.01.MZZZZZZZ.jpg;http://images.amazon.com/images/P/0394832973.01.LZZZZZZZ.jpg
059044168X;Yukon Ho;Bill Watterson;0;Scholastic Inc;http://images.amazon.com/images/P/059044168X.01.THUMBZZZ.jpg;http://images.amazon.com/images/P/059044168X.01.MZZZZZZZ.jpg;http://images.amazon.com/images/P/059044168X.01.LZZZZZZZ.jpg
0871832380;You, your child and drugs;Child Study Association of America;1971;Child Study Press;http://images.amazon.com/images/P/0871832380.01.THUMBZZZ.jpg;http://images.amazon.com/images/P/0871832380.01.MZZZZZZZ.jpg;http://images.amazon.com/images/P/0871832380.01.LZZZZZZZ.jpg
8423918807;Yerma;Federico Garcia Lorca;1989;Continental Book Company;http://images.amazon.com/images/P/8423918807.01.THUMBZZZ.jpg;http://images.amazon.com/images/P/8423918807.01.MZZZZZZZ.jpg;http://images.amazon.com/images/P/8423918807.01.LZZZZZZZ.jpg
006106453X;Year's Best: Sf 8 (Year's Best SF (Science Fiction));David G. Hartwell;2003;Eos;http://images.amazon.com/images/P/006106453X.01.THUMBZZZ.jpg;http://images.amazon.com/images/P/006106453X.01.MZZZZZZZ.jpg;http://images.amazon.com/images/P/006106453X.01.LZZZZZZZ.jpg
189939835X;Your Body's Many Cries for Water;F. Batmanhelidj;1996;Tagman Press;http://images.amazon.com/images/P/189939835X.01.THUMBZZZ.jpg;http://images.amazon.com/images/P/189939835X.01.MZZZZZZZ.jpg;http://images.amazon.com/images/P/189939835X.01.LZZZZZZZ.jpg
0060513659;Yours Until Dawn;Teresa Medeiros;2004;Avon Books;http://images.amazon.com/images/P/0060513659.01.THUMBZZZ.jpg;http://images.amazon.com/images/P/0060513659.01.MZZZZZZZ.jpg;http://images.amazon.com/images/P/0060513659.01.LZZZZZZZ.jpg
0590400800;You're No Friend of Mine (Canby Hall, No 3);Emily Chase;1986;Scholastic Paperbacks;http://images.amazon.com/images/P/0590400800.01.THUMBZZZ.jpg;http://images.amazon.com/images/P/0590400800.01.MZZZZZZZ.jpg;http://images.amazon.com/images/P/0590400800.01.LZZZZZZZ.jpg
8420767255;Y decirte alguna estupidez, por ejemplo, te quiero (Espacio abierto);Martín Casariego;1995;Anaya;http://images.amazon.com/images/P/8420767255.01.THUMBZZZ.jpg;http://images.amazon.com/images/P/8420767255.01.MZZZZZZZ.jpg;http://images.amazon.com/images/P/8420767255.01.LZZZZZZZ.jpg
0310239591;Yucatan Deep;Tom Morrisey;2002;Zondervan Publishing Company;http://images.amazon.com/images/P/0310239591.01.THUMBZZZ.jpg;http://images.amazon.com/images/P/0310239591.01.MZZZZZZZ.jpg;http://images.amazon.com/images/P/0310239591.01.LZZZZZZZ.jpg
0439573653;You Can't Scare Me (Goosebumps);R. L. Stine;2004;Apple;http://images.amazon.com/images/P/0439573653.01.THUMBZZZ.jpg;http://images.amazon.com/images/P/0439573653.01.MZZZZZZZ.jpg;http://images.amazon.com/images/P/0439573653.01.LZZZZZZZ.jpg
0060393920;Your Own Worst Enemy : Breaking the Habit of Adult Underachievement;Kenneth W. Christian;2002;Regan Books;http://images.amazon.com/images/P/0060393920.01.THUMBZZZ.jpg;http://images.amazon.com/images/P/0060393920.01.MZZZZZZZ.jpg;http://images.amazon.com/images/P/0060393920.01.LZZZZZZZ.jpg
8408020064;Yo Mate a Kennedy;M. Vazquez;0;Editorial Planeta, S.A.;http://images.amazon.com/images/P/8408020064.01.THUMBZZZ.jpg;http://images.amazon.com/images/P/8408020064.01.MZZZZZZZ.jpg;http://images.amazon.com/images/P/8408020064.01.LZZZZZZZ.jpg
1581342195;You Are Special;Max Lucado;2000;Crossway Books;http://images.amazon.com/images/P/1581342195.01.THUMBZZZ.jpg;http://images.amazon.com/images/P/1581342195.01.MZZZZZZZ.jpg;http://images.amazon.com/images/P/1581342195.01.LZZZZZZZ.jpg
0874775434;Your Mythic Journey: Finding Meaning in Your Life Through Writing and Storytelling;Sam Keen;1989;Jeremy P. Tarcher;http://images.amazon.com/images/P/0874775434.01.THUMBZZZ.jpg;http://images.amazon.com/images/P/0874775434.01.MZZZZZZZ.jpg;http://images.amazon.com/images/P/0874775434.01.LZZZZZZZ.jpg
0385291434;Your Four Year Old;Louise Bates Ames;1980;Delta Trade Paperbacks;http://images.amazon.com/images/P/0385291434.01.THUMBZZZ.jpg;http://images.amazon.com/images/P/0385291434.01.MZZZZZZZ.jpg;http://images.amazon.com/images/P/0385291434.01.LZZZZZZZ.jpg
0445409061;You Bet Your Life;Stuart M. Kaminsky;1990;Warner Books (Mm);http://images.amazon.com/images/P/0445409061.01.THUMBZZZ.jpg;http://images.amazon.com/images/P/0445409061.01.MZZZZZZZ.jpg;http://images.amazon.com/images/P/0445409061.01.LZZZZZZZ.jpg
039920900X;Yeh Shen: A Cinderella Story from China;Ai-Ling Louie;1982;Philomel Books;http://images.amazon.com/images/P/039920900X.01.THUMBZZZ.jpg;http://images.amazon.com/images/P/039920900X.01.MZZZZZZZ.jpg;http://images.amazon.com/images/P/039920900X.01.LZZZZZZZ.jpg
1852791683;Your First Fancy Rat (Your First...series);Marianne Mays;0;TFH Publications;http://images.amazon.com/images/P/1852791683.01.THUMBZZZ.jpg;http://images.amazon.com/images/P/1852791683.01.MZZZZZZZ.jpg;http://images.amazon.com/images/P/1852791683.01.LZZZZZZZ.jpg
0951354248;Your Marriage: an Owner's Manual;Martin Baxendale;1993;Silent But Deadly Publications;http://images.amazon.com/images/P/0951354248.01.THUMBZZZ.jpg;http://images.amazon.com/images/P/0951354248.01.MZZZZZZZ.jpg;http://images.amazon.com/images/P/0951354248.01.LZZZZZZZ.jpg
087113604X;Yakuza Diary: Doing Time in the Japanese Underworld;Christopher Seymour;1996;Pub Group West;http://images.amazon.com/images/P/087113604X.01.THUMBZZZ.jpg;http://images.amazon.com/images/P/087113604X.01.MZZZZZZZ.jpg;http://images.amazon.com/images/P/087113604X.01.LZZZZZZZ.jpg
0670899909;Year of the Fires: The Story of the Great Fires of 1910;Stephen J. Pyne;2001;Viking Books;http://images.amazon.com/images/P/0670899909.01.THUMBZZZ.jpg;http://images.amazon.com/images/P/0670899909.01.MZZZZZZZ.jpg;http://images.amazon.com/images/P/0670899909.01.LZZZZZZZ.jpg
8420633577;Yerma;Frederico Garcia Lorca;1981;Distribooks Inc;http://images.amazon.com/images/P/8420633577.01.THUMBZZZ.jpg;http://images.amazon.com/images/P/8420633577.01.MZZZZZZZ.jpg;http://images.amazon.com/images/P/8420633577.01.LZZZZZZZ.jpg
0425189457;You've Got Murder;Donna Andrews;2003;Berkley Publishing Group;http://images.amazon.com/images/P/0425189457.01.THUMBZZZ.jpg;http://images.amazon.com/images/P/0425189457.01.MZZZZZZZ.jpg;http://images.amazon.com/images/P/0425189457.01.LZZZZZZZ.jpg
0963536508;Your Owner's Manual;Burt Hotchkiss;1992;Fernwood Management Co;http://images.amazon.com/images/P/0963536508.01.THUMBZZZ.jpg;http://images.amazon.com/images/P/0963536508.01.MZZZZZZZ.jpg;http://images.amazon.com/images/P/0963536508.01.LZZZZZZZ.jpg
0974694002;Yesterday's Warrior;Heather Harrison;2004;Word Warriors Pr Llc;http://images.amazon.com/images/P/0974694002.01.THUMBZZZ.jpg;http://images.amazon.com/images/P/0974694002.01.MZZZZZZZ.jpg;http://images.amazon.com/images/P/0974694002.01.LZZZZZZZ.jpg
0394575741;You'll Never Eat Lunch in This Town Again;Julia Phillips;1991;Random House Inc;http://images.amazon.com/images/P/0394575741.01.THUMBZZZ.jpg;http://images.amazon.com/images/P/0394575741.01.MZZZZZZZ.jpg;http://images.amazon.com/images/P/0394575741.01.LZZZZZZZ.jpg
0062513591;Your Sixth Sense: Unlocking the Power of Your Intuition;Belleruth Naparstek;1997;HarperSanFrancisco;http://images.amazon.com/images/P/0062513591.01.THUMBZZZ.jpg;http://images.amazon.com/images/P/0062513591.01.MZZZZZZZ.jpg;http://images.amazon.com/images/P/0062513591.01.LZZZZZZZ.jpg
0449220222;You're Not Alone, Charlie Brown;Charles M. Schulz;1992;Fawcett Books;http://images.amazon.com/images/P/0449220222.01.THUMBZZZ.jpg;http://images.amazon.com/images/P/0449220222.01.MZZZZZZZ.jpg;http://images.amazon.com/images/P/0449220222.01.LZZZZZZZ.jpg
0866221042;Your First Tropical Fish;Herbert R., Dr. Axelrod;1993;TFH Publications;http://images.amazon.com/images/P/0866221042.01.THUMBZZZ.jpg;http://images.amazon.com/images/P/0866221042.01.MZZZZZZZ.jpg;http://images.amazon.com/images/P/0866221042.01.LZZZZZZZ.jpg
0312308604;Year's Best Science Fiction: Twentieth Annual Collection;Gardner Dozois;2003;St. Martin's Press;http://images.amazon.com/images/P/0312308604.01.THUMBZZZ.jpg;http://images.amazon.com/images/P/0312308604.01.MZZZZZZZ.jpg;http://images.amazon.com/images/P/0312308604.01.LZZZZZZZ.jpg
0962331813;You Can Be a Columnist: Writing and Selling Your Way to Prestige;Charlotte Digregorio;1993;Civetta Press;http://images.amazon.com/images/P/0962331813.01.THUMBZZZ.jpg;http://images.amazon.com/images/P/0962331813.01.MZZZZZZZ.jpg;http://images.amazon.com/images/P/0962331813.01.LZZZZZZZ.jpg
0393047687;Yellow Jack: A Novel;Josh Russell;1999;W.W. Norton & Company;http://images.amazon.com/images/P/0393047687.01.THUMBZZZ.jpg;http://images.amazon.com/images/P/0393047687.01.MZZZZZZZ.jpg;http://images.amazon.com/images/P/0393047687.01.LZZZZZZZ.jpg
0688031870;You've Got It Made: Make-Ahead Meals for the Family and for Cooperative Dinner Parties;Marian Burros;1984;William Morrow & Company;http://images.amazon.com/images/P/0688031870.01.THUMBZZZ.jpg;http://images.amazon.com/images/P/0688031870.01.MZZZZZZZ.jpg;http://images.amazon.com/images/P/0688031870.01.LZZZZZZZ.jpg
1880599538;You Can Be a Woman Marine Biologist;Florence McAlary;2001;Cascade Pass, Inc.;http://images.amazon.com/images/P/1880599538.01.THUMBZZZ.jpg;http://images.amazon.com/images/P/1880599538.01.MZZZZZZZ.jpg;http://images.amazon.com/images/P/1880599538.01.LZZZZZZZ.jpg
0891077162;You Can Always Trust a Spotted Horse (A Nathan T. Riggins Western Adventure Series, Book 3);Stephen A. Bly;1993;Good News Pub;http://images.amazon.com/images/P/0891077162.01.THUMBZZZ.jpg;http://images.amazon.com/images/P/0891077162.01.MZZZZZZZ.jpg;http://images.amazon.com/images/P/0891077162.01.LZZZZZZZ.jpg
0761533338;Your First Year as a Nurse: Making the Transition from Total Novice to Successful Professional;DONNA RN CARDILLO;2001;Prima Lifestyles;http://images.amazon.com/images/P/0761533338.01.THUMBZZZ.jpg;http://images.amazon.com/images/P/0761533338.01.MZZZZZZZ.jpg;http://images.amazon.com/images/P/0761533338.01.LZZZZZZZ.jpg
1555612326;Your Baby's First Year Week by Week;Glade B. Curtis;2000;Perseus Publishing;http://images.amazon.com/images/P/1555612326.01.THUMBZZZ.jpg;http://images.amazon.com/images/P/1555612326.01.MZZZZZZZ.jpg;http://images.amazon.com/images/P/1555612326.01.LZZZZZZZ.jpg
1558535950;You Are So Nashville If;The Readers of the Nashville Scene;1998;Thomas Nelson Inc;http://images.amazon.com/images/P/1558535950.01.THUMBZZZ.jpg;http://images.amazon.com/images/P/1558535950.01.MZZZZZZZ.jpg;http://images.amazon.com/images/P/1558535950.01.LZZZZZZZ.jpg
0340825227;You Can Change Your Life: A Future Different from Your Past with the Hoffman Process;Tim Laurence;2003;Hodder & Stoughton General Division;http://images.amazon.com/images/P/0340825227.01.THUMBZZZ.jpg;http://images.amazon.com/images/P/0340825227.01.MZZZZZZZ.jpg;http://images.amazon.com/images/P/0340825227.01.LZZZZZZZ.jpg
052284572X;Youth Homelessness: Courage and Hope;Helen Sykes;1994;Independent Pub Group;http://images.amazon.com/images/P/052284572X.01.THUMBZZZ.jpg;http://images.amazon.com/images/P/052284572X.01.MZZZZZZZ.jpg;http://images.amazon.com/images/P/052284572X.01.LZZZZZZZ.jpg
0743218582;Yesterday, I Cried : Celebrating the Lessons of Living and Loving;Iyanla Vanzant;2001;Fireside;http://images.amazon.com/images/P/0743218582.01.THUMBZZZ.jpg;http://images.amazon.com/images/P/0743218582.01.MZZZZZZZ.jpg;http://images.amazon.com/images/P/0743218582.01.LZZZZZZZ.jpg
0201479656;Yes, You Can!: 1,200 Inspiring Ideas for Work, Home, and Happiness;Samuel D. Deep;1996;Perseus Books Group;http://images.amazon.com/images/P/0201479656.01.THUMBZZZ.jpg;http://images.amazon.com/images/P/0201479656.01.MZZZZZZZ.jpg;http://images.amazon.com/images/P/0201479656.01.LZZZZZZZ.jpg
0140196293;Yoga for Transformation: Ancient Teachings and Practices for Healing the Body, Mind, and Heart;Gary Kraftsow;2002;Penguin Books;http://images.amazon.com/images/P/0140196293.01.THUMBZZZ.jpg;http://images.amazon.com/images/P/0140196293.01.MZZZZZZZ.jpg;http://images.amazon.com/images/P/0140196293.01.LZZZZZZZ.jpg
1899171398;Yoga and the Path of the Urban Mystic;Darren John Main;2002;Findhorn Press;http://images.amazon.com/images/P/1899171398.01.THUMBZZZ.jpg;http://images.amazon.com/images/P/1899171398.01.MZZZZZZZ.jpg;http://images.amazon.com/images/P/1899171398.01.LZZZZZZZ.jpg
0449238431;Young Lady Fashion;Mary A. Gibbs;1979;Fawcett Books;http://images.amazon.com/images/P/0449238431.01.THUMBZZZ.jpg;http://images.amazon.com/images/P/0449238431.01.MZZZZZZZ.jpg;http://images.amazon.com/images/P/0449238431.01.LZZZZZZZ.jpg
0874779448;Your Fat Is Not Your Fault: Overcome Your Body's Resistance to Permanent Weight Loss;Carol Simontacchi;1998;Putnam Publishing Group;http://images.amazon.com/images/P/0874779448.01.THUMBZZZ.jpg;http://images.amazon.com/images/P/0874779448.01.MZZZZZZZ.jpg;http://images.amazon.com/images/P/0874779448.01.LZZZZZZZ.jpg
0316197386;Your Blue-Eyed Boy: A Novel;Helen Dunmore;1998;Little Brown & Co;http://images.amazon.com/images/P/0316197386.01.THUMBZZZ.jpg;http://images.amazon.com/images/P/0316197386.01.MZZZZZZZ.jpg;http://images.amazon.com/images/P/0316197386.01.LZZZZZZZ.jpg
0440506786;Your Ten to Fourteen Year Old;Louise Bates Ames;1989;Dell Publishing Company;http://images.amazon.com/images/P/0440506786.01.THUMBZZZ.jpg;http://images.amazon.com/images/P/0440506786.01.MZZZZZZZ.jpg;http://images.amazon.com/images/P/0440506786.01.LZZZZZZZ.jpg
0373116683;Yesterday's Affair (Harlequin Presents No 1668);Sally Wentworth;1994;Harlequin;http://images.amazon.com/images/P/0373116683.01.THUMBZZZ.jpg;http://images.amazon.com/images/P/0373116683.01.MZZZZZZZ.jpg;http://images.amazon.com/images/P/0373116683.01.LZZZZZZZ.jpg
0380725592;Year One: An Intimate Look Inside Harvard Business School;Robert Reid;1995;Quill;http://images.amazon.com/images/P/0380725592.01.THUMBZZZ.jpg;http://images.amazon.com/images/P/0380725592.01.MZZZZZZZ.jpg;http://images.amazon.com/images/P/0380725592.01.LZZZZZZZ.jpg
0553274740;You Are a Monster (Choose Your Own Adventure,, No 84);Edward Packard;1990;Skylark Books;http://images.amazon.com/images/P/0553274740.01.THUMBZZZ.jpg;http://images.amazon.com/images/P/0553274740.01.MZZZZZZZ.jpg;http://images.amazon.com/images/P/0553274740.01.LZZZZZZZ.jpg
1563054701;You Know You're a Workaholic When...;Jeanne Hanson;1993;Workman Publishing;http://images.amazon.com/images/P/1563054701.01.THUMBZZZ.jpg;http://images.amazon.com/images/P/1563054701.01.MZZZZZZZ.jpg;http://images.amazon.com/images/P/1563054701.01.LZZZZZZZ.jpg
0060809868;You Can't Go Home Again (Perennial Library);Thomas Wolfe;1995;Harpercollins;http://images.amazon.com/images/P/0060809868.01.THUMBZZZ.jpg;http://images.amazon.com/images/P/0060809868.01.MZZZZZZZ.jpg;http://images.amazon.com/images/P/0060809868.01.LZZZZZZZ.jpg
0862419050;Young Adam;Alexander Trocchi;2001;Canongate Books;http://images.amazon.com/images/P/0862419050.01.THUMBZZZ.jpg;http://images.amazon.com/images/P/0862419050.01.MZZZZZZZ.jpg;http://images.amazon.com/images/P/0862419050.01.LZZZZZZZ.jpg
0971386757;Your Love Life and Reincarnation: Why The Past Is Affecting Your Present and How To Fix It;Stephen Petullo;2002;Metapub.;http://images.amazon.com/images/P/0971386757.01.THUMBZZZ.jpg;http://images.amazon.com/images/P/0971386757.01.MZZZZZZZ.jpg;http://images.amazon.com/images/P/0971386757.01.LZZZZZZZ.jpg
1555610242;Your Pregnancy Week-by-Week;Glade B Curtis;1989;Fisher Books;http://images.amazon.com/images/P/1555610242.01.THUMBZZZ.jpg;http://images.amazon.com/images/P/1555610242.01.MZZZZZZZ.jpg;http://images.amazon.com/images/P/1555610242.01.LZZZZZZZ.jpg
1563523892;You Don't Have to Be Dumb to Be Stupid;Bill Engvall;1997;Natl Book Network;http://images.amazon.com/images/P/1563523892.01.THUMBZZZ.jpg;http://images.amazon.com/images/P/1563523892.01.MZZZZZZZ.jpg;http://images.amazon.com/images/P/1563523892.01.LZZZZZZZ.jpg
0449222683;You Must Be Dreaming;Barbara Noel;1993;Fawcett Books;http://images.amazon.com/images/P/0449222683.01.THUMBZZZ.jpg;http://images.amazon.com/images/P/0449222683.01.MZZZZZZZ.jpg;http://images.amazon.com/images/P/0449222683.01.LZZZZZZZ.jpg
0312264208;Your Three- and Four-Year-Old: As They Grow;Parents Magazine;2000;Golden Guides from St. Martin's Press;http://images.amazon.com/images/P/0312264208.01.THUMBZZZ.jpg;http://images.amazon.com/images/P/0312264208.01.MZZZZZZZ.jpg;http://images.amazon.com/images/P/0312264208.01.LZZZZZZZ.jpg
0060559322;Yoga Hotel : Stories;Maura Moynihan;2003;Regan Books;http://images.amazon.com/images/P/0060559322.01.THUMBZZZ.jpg;http://images.amazon.com/images/P/0060559322.01.MZZZZZZZ.jpg;http://images.amazon.com/images/P/0060559322.01.LZZZZZZZ.jpg
1585747092;Yoga Wisdom: Daily Inspiration from Yoga Masters;Cassandra Powers;2002;The Lyons Press;http://images.amazon.com/images/P/1585747092.01.THUMBZZZ.jpg;http://images.amazon.com/images/P/1585747092.01.MZZZZZZZ.jpg;http://images.amazon.com/images/P/1585747092.01.LZZZZZZZ.jpg
0875968708;You Bet Your Tomatoes: Fun Facts, Tall Tales, and a Handful of Useful Gardening Tips;Mike McGrath;2002;Rodale Books;http://images.amazon.com/images/P/0875968708.01.THUMBZZZ.jpg;http://images.amazon.com/images/P/0875968708.01.MZZZZZZZ.jpg;http://images.amazon.com/images/P/0875968708.01.LZZZZZZZ.jpg
1557041164;Your Wealth-Building Years: Financial Planning for 18 to 38 Year-Olds;Adriane G. Berg;1991;Newmarket Press;http://images.amazon.com/images/P/1557041164.01.THUMBZZZ.jpg;http://images.amazon.com/images/P/1557041164.01.MZZZZZZZ.jpg;http://images.amazon.com/images/P/1557041164.01.LZZZZZZZ.jpg
0840795955;Yet Life Was a Triumph: Poems and Meditations;Sharon M. Carr;1991;Thomas Nelson Inc;http://images.amazon.com/images/P/0840795955.01.THUMBZZZ.jpg;http://images.amazon.com/images/P/0840795955.01.MZZZZZZZ.jpg;http://images.amazon.com/images/P/0840795955.01.LZZZZZZZ.jpg
0393308669;You May Plow Here: The Narrative of Sara Brooks;Thordis Simonsen;1992;W. W. Norton & Company;http://images.amazon.com/images/P/0393308669.01.THUMBZZZ.jpg;http://images.amazon.com/images/P/0393308669.01.MZZZZZZZ.jpg;http://images.amazon.com/images/P/0393308669.01.LZZZZZZZ.jpg
0590319574;Your's Till Niagara Falls, Abby;Jane O'Connor;1982;Scholastic;http://images.amazon.com/images/P/0590319574.01.THUMBZZZ.jpg;http://images.amazon.com/images/P/0590319574.01.MZZZZZZZ.jpg;http://images.amazon.com/images/P/0590319574.01.LZZZZZZZ.jpg
086020653X;Young Naturalist (Hobby Guides (Usborne Paperback));Andrew Mitchell;1984;E.D.C. Publishing;http://images.amazon.com/images/P/086020653X.01.THUMBZZZ.jpg;http://images.amazon.com/images/P/086020653X.01.MZZZZZZZ.jpg;http://images.amazon.com/images/P/086020653X.01.LZZZZZZZ.jpg
0394729854;You and Your Aquarium;Dick Mills;1986;Alfred A. Knopf;http://images.amazon.com/images/P/0394729854.01.THUMBZZZ.jpg;http://images.amazon.com/images/P/0394729854.01.MZZZZZZZ.jpg;http://images.amazon.com/images/P/0394729854.01.LZZZZZZZ.jpg
0671458949;Your Child: Birth to Age 6;Fitzhugh Dodson;1986;Simon & Schuster;http://images.amazon.com/images/P/0671458949.01.THUMBZZZ.jpg;http://images.amazon.com/images/P/0671458949.01.MZZZZZZZ.jpg;http://images.amazon.com/images/P/0671458949.01.LZZZZZZZ.jpg
0836270045;You Can With Beakman: : Science stuff You Can Do (You Can with Beakman & Jax);Jok Church;1992;Andrews McMeel Publishing;http://images.amazon.com/images/P/0836270045.01.THUMBZZZ.jpg;http://images.amazon.com/images/P/0836270045.01.MZZZZZZZ.jpg;http://images.amazon.com/images/P/0836270045.01.LZZZZZZZ.jpg
0553128558;Yargo;Jacqueline Susann;1979;Bantam Books (Mm);http://images.amazon.com/images/P/0553128558.01.THUMBZZZ.jpg;http://images.amazon.com/images/P/0553128558.01.MZZZZZZZ.jpg;http://images.amazon.com/images/P/0553128558.01.LZZZZZZZ.jpg
1575664674;Yesterday;Fern Michaels;1999;Kensington Publishing Corp.;http://images.amazon.com/images/P/1575664674.01.THUMBZZZ.jpg;http://images.amazon.com/images/P/1575664674.01.MZZZZZZZ.jpg;http://images.amazon.com/images/P/1575664674.01.LZZZZZZZ.jpg
0963124633;You Might As Well Laugh: Surviving the Joys of Parenthood;Sandi Kahn Shelton;1997;Bancroft Press;http://images.amazon.com/images/P/0963124633.01.THUMBZZZ.jpg;http://images.amazon.com/images/P/0963124633.01.MZZZZZZZ.jpg;http://images.amazon.com/images/P/0963124633.01.LZZZZZZZ.jpg
0060984406;Your Miracle Brain: Maximize Your Brainpower, Boost Your Memory, Lift Your Mood, Improve Your IQ and Creativity, Prevent and Reverse Mental Aging;Jean Carper;2002;Perennial Currents;http://images.amazon.com/images/P/0060984406.01.THUMBZZZ.jpg;http://images.amazon.com/images/P/0060984406.01.MZZZZZZZ.jpg;http://images.amazon.com/images/P/0060984406.01.LZZZZZZZ.jpg
0738204498;You Don't Need a Hysterectomy;Ivan K. Strausz;2001;Perseus Publishing;http://images.amazon.com/images/P/0738204498.01.THUMBZZZ.jpg;http://images.amazon.com/images/P/0738204498.01.MZZZZZZZ.jpg;http://images.amazon.com/images/P/0738204498.01.LZZZZZZZ.jpg
0380714701;Your Healing Mind;Reed C., M.D. Moskowitz;1993;Harpercollins;http://images.amazon.com/images/P/0380714701.01.THUMBZZZ.jpg;http://images.amazon.com/images/P/0380714701.01.MZZZZZZZ.jpg;http://images.amazon.com/images/P/0380714701.01.LZZZZZZZ.jpg
0603553397;"Your Favourite \Animals of Farthing Wood\"" Story Collection""";Colin Dann;1994;Egmont Childrens Books;http://images.amazon.com/images/P/0603553397.01.THUMBZZZ.jpg;http://images.amazon.com/images/P/0603553397.01.MZZZZZZZ.jpg;http://images.amazon.com/images/P/0603553397.01.LZZZZZZZ.jpg
031203007X;Year's Best Fantasy and Horror/Second Annual Collection;Datlow;1989;St. Martin's Press;http://images.amazon.com/images/P/031203007X.01.THUMBZZZ.jpg;http://images.amazon.com/images/P/031203007X.01.MZZZZZZZ.jpg;http://images.amazon.com/images/P/031203007X.01.LZZZZZZZ.jpg
031289662X;You bet your life;Stuart M Kaminsky;1978;St. Martin's Press;http://images.amazon.com/images/P/031289662X.01.THUMBZZZ.jpg;http://images.amazon.com/images/P/031289662X.01.MZZZZZZZ.jpg;http://images.amazon.com/images/P/031289662X.01.LZZZZZZZ.jpg
0880883936;You Go Girl!;Sonya Tinsley;1999;Peter Pauper Press;http://images.amazon.com/images/P/0880883936.01.THUMBZZZ.jpg;http://images.amazon.com/images/P/0880883936.01.MZZZZZZZ.jpg;http://images.amazon.com/images/P/0880883936.01.LZZZZZZZ.jpg
0413414507;Year of the King;Antony Sher;0;Reed Tr Ito;http://images.amazon.com/images/P/0413414507.01.THUMBZZZ.jpg;http://images.amazon.com/images/P/0413414507.01.MZZZZZZZ.jpg;http://images.amazon.com/images/P/0413414507.01.LZZZZZZZ.jpg
0396068219;"You've got me in stitches;: A new collection of the funniest cartoons of all time about doctors, patients, and hospitals";Lawrence Lariar;1973;Dodd, Mead;http://images.amazon.com/images/P/0396068219.01.THUMBZZZ.jpg;http://images.amazon.com/images/P/0396068219.01.MZZZZZZZ.jpg;http://images.amazon.com/images/P/0396068219.01.LZZZZZZZ.jpg
0440198410;Yankee;Dana Fuller Ross;1982;Dell Publishing Company;http://images.amazon.com/images/P/0440198410.01.THUMBZZZ.jpg;http://images.amazon.com/images/P/0440198410.01.MZZZZZZZ.jpg;http://images.amazon.com/images/P/0440198410.01.LZZZZZZZ.jpg
0380704706;Yesterday's Daughter;Patricia Calvert;1988;Harpercollins Juvenile Books;http://images.amazon.com/images/P/0380704706.01.THUMBZZZ.jpg;http://images.amazon.com/images/P/0380704706.01.MZZZZZZZ.jpg;http://images.amazon.com/images/P/0380704706.01.LZZZZZZZ.jpg
0440911605;Young Fu of the Upper Yangtze;Elizabeth Foreman Lewis;1996;Bantam Doubleday Dell Publishing Group;http://images.amazon.com/images/P/0440911605.01.THUMBZZZ.jpg;http://images.amazon.com/images/P/0440911605.01.MZZZZZZZ.jpg;http://images.amazon.com/images/P/0440911605.01.LZZZZZZZ.jpg
0380579359;You're Dumber in the Summer: And Over 100 Other Things No One Ever Told You;Jim Aylward;1983;Avon Books;http://images.amazon.com/images/P/0380579359.01.THUMBZZZ.jpg;http://images.amazon.com/images/P/0380579359.01.MZZZZZZZ.jpg;http://images.amazon.com/images/P/0380579359.01.LZZZZZZZ.jpg
0875961290;Your Backyard Wildlife Garden: How to Attract and Identify Wildlife in Your Yard;Marcus Schneck;1992;St Martins Pr;http://images.amazon.com/images/P/0875961290.01.THUMBZZZ.jpg;http://images.amazon.com/images/P/0875961290.01.MZZZZZZZ.jpg;http://images.amazon.com/images/P/0875961290.01.LZZZZZZZ.jpg
1565112199;Your Oasis on Flame Lake;Lorna Landvik;1997;Highbridge Audio;http://images.amazon.com/images/P/1565112199.01.THUMBZZZ.jpg;http://images.amazon.com/images/P/1565112199.01.MZZZZZZZ.jpg;http://images.amazon.com/images/P/1565112199.01.LZZZZZZZ.jpg
0060959444;YELL-Oh Girls! Emerging Voices Explore Culture, Identity, and Growing Up Asian American;Vickie Nam;2001;Perennial Currents;http://images.amazon.com/images/P/0060959444.01.THUMBZZZ.jpg;http://images.amazon.com/images/P/0060959444.01.MZZZZZZZ.jpg;http://images.amazon.com/images/P/0060959444.01.LZZZZZZZ.jpg
0805059490;Yukon Alone: The World's Toughest Adventure Race;John Balzar;2000;Henry Holt & Company;http://images.amazon.com/images/P/0805059490.01.THUMBZZZ.jpg;http://images.amazon.com/images/P/0805059490.01.MZZZZZZZ.jpg;http://images.amazon.com/images/P/0805059490.01.LZZZZZZZ.jpg
0670838691;You Never Know;Isabel Huggan;1993;Penguin USA;http://images.amazon.com/images/P/0670838691.01.THUMBZZZ.jpg;http://images.amazon.com/images/P/0670838691.01.MZZZZZZZ.jpg;http://images.amazon.com/images/P/0670838691.01.LZZZZZZZ.jpg
030681224X;Yes Yes Y'All: The Experience Music Project Oral History of Hip-Hop's First Decade;Jim Fricke;2002;Da Capo Press;http://images.amazon.com/images/P/030681224X.01.THUMBZZZ.jpg;http://images.amazon.com/images/P/030681224X.01.MZZZZZZZ.jpg;http://images.amazon.com/images/P/030681224X.01.LZZZZZZZ.jpg
070637102X;Young Genius Book of Brain Teasers (Test Your Intelligence);Philip J. Carter;1993;Sterling Pub (J);http://images.amazon.com/images/P/070637102X.01.THUMBZZZ.jpg;http://images.amazon.com/images/P/070637102X.01.MZZZZZZZ.jpg;http://images.amazon.com/images/P/070637102X.01.LZZZZZZZ.jpg
0394735099;Your Baby and Child from Birth to Age Five;Penelope Leach;1980;Alfred A. Knopf;http://images.amazon.com/images/P/0394735099.01.THUMBZZZ.jpg;http://images.amazon.com/images/P/0394735099.01.MZZZZZZZ.jpg;http://images.amazon.com/images/P/0394735099.01.LZZZZZZZ.jpg
1564584682;Young Dancer;Darcey Bussell;1994;Dorling Kindersley Publishing;http://images.amazon.com/images/P/1564584682.01.THUMBZZZ.jpg;http://images.amazon.com/images/P/1564584682.01.MZZZZZZZ.jpg;http://images.amazon.com/images/P/1564584682.01.LZZZZZZZ.jpg
0962404918;You're a rock, Sister Lewis;Susan Dean Smallwood;1989;Hatrack River;http://images.amazon.com/images/P/0962404918.01.THUMBZZZ.jpg;http://images.amazon.com/images/P/0962404918.01.MZZZZZZZ.jpg;http://images.amazon.com/images/P/0962404918.01.LZZZZZZZ.jpg
0963062107;You, Too, Can Find Anybody;Joseph J. Culligan;1994;Hallmark Press;http://images.amazon.com/images/P/0963062107.01.THUMBZZZ.jpg;http://images.amazon.com/images/P/0963062107.01.MZZZZZZZ.jpg;http://images.amazon.com/images/P/0963062107.01.LZZZZZZZ.jpg
0590050435;Yikes!!!;Robert Florczak;2003;Blue Sky Press;http://images.amazon.com/images/P/0590050435.01.THUMBZZZ.jpg;http://images.amazon.com/images/P/0590050435.01.MZZZZZZZ.jpg;http://images.amazon.com/images/P/0590050435.01.LZZZZZZZ.jpg
067972947X;You Gotta Have Wa (Vintage Departures);ROBERT WHITING;1990;Vintage;http://images.amazon.com/images/P/067972947X.01.THUMBZZZ.jpg;http://images.amazon.com/images/P/067972947X.01.MZZZZZZZ.jpg;http://images.amazon.com/images/P/067972947X.01.LZZZZZZZ.jpg
158542031X;You Already Know What to Do: Ten Invitations to the Intuitive Life;Sharon Franquemont;2000;Jeremy P. Tarcher;http://images.amazon.com/images/P/158542031X.01.THUMBZZZ.jpg;http://images.amazon.com/images/P/158542031X.01.MZZZZZZZ.jpg;http://images.amazon.com/images/P/158542031X.01.LZZZZZZZ.jpg
0312094221;Year's Best Fantasy and Horror;Ellen Datlow;1993;St Martins Pr;http://images.amazon.com/images/P/0312094221.01.THUMBZZZ.jpg;http://images.amazon.com/images/P/0312094221.01.MZZZZZZZ.jpg;http://images.amazon.com/images/P/0312094221.01.LZZZZZZZ.jpg
0393323080;Yellow: Stories;Don Lee;2002;W. W. Norton & Company;http://images.amazon.com/images/P/0393323080.01.THUMBZZZ.jpg;http://images.amazon.com/images/P/0393323080.01.MZZZZZZZ.jpg;http://images.amazon.com/images/P/0393323080.01.LZZZZZZZ.jpg
0824515668;Your Sorrow Is My Sorrow: Hope and Strength in Times of Suffering;Joyce Rupp;1999;Crossroad Publishing Company;http://images.amazon.com/images/P/0824515668.01.THUMBZZZ.jpg;http://images.amazon.com/images/P/0824515668.01.MZZZZZZZ.jpg;http://images.amazon.com/images/P/0824515668.01.LZZZZZZZ.jpg
0915166038;Your perfect right: A guide to assertive behavior;Robert E Alberti;1978;Impact Publishers, Inc.;http://images.amazon.com/images/P/0915166038.01.THUMBZZZ.jpg;http://images.amazon.com/images/P/0915166038.01.MZZZZZZZ.jpg;http://images.amazon.com/images/P/0915166038.01.LZZZZZZZ.jpg
0373832478;Yesterday Comes Tomorrow  (Harlequin Big Summer Read);Rebecca Flanders;1992;Harlequin;http://images.amazon.com/images/P/0373832478.01.THUMBZZZ.jpg;http://images.amazon.com/images/P/0373832478.01.MZZZZZZZ.jpg;http://images.amazon.com/images/P/0373832478.01.LZZZZZZZ.jpg
0867307935;Your Patio and Deck;Stewart Walton;2000;Natl Book Network;http://images.amazon.com/images/P/0867307935.01.THUMBZZZ.jpg;http://images.amazon.com/images/P/0867307935.01.MZZZZZZZ.jpg;http://images.amazon.com/images/P/0867307935.01.LZZZZZZZ.jpg
0380810158;You Never Can Tell;Kathleen Eagle;2002;Avon;http://images.amazon.com/images/P/0380810158.01.THUMBZZZ.jpg;http://images.amazon.com/images/P/0380810158.01.MZZZZZZZ.jpg;http://images.amazon.com/images/P/0380810158.01.LZZZZZZZ.jpg
840147034X;"Y dijo el ángel, no habrá mas tiempo (Realismo fantástico ; 34)";Victoriano Domingo Loren;1977;Plaza & Janés;http://images.amazon.com/images/P/840147034X.01.THUMBZZZ.jpg;http://images.amazon.com/images/P/840147034X.01.MZZZZZZZ.jpg;http://images.amazon.com/images/P/840147034X.01.LZZZZZZZ.jpg
0696214393;Your Guide to Creativity: Crafting, Decorating, Quilting, Sewing;Joann Fabrics and Crafts;2001;Meredith Books;http://images.amazon.com/images/P/0696214393.01.THUMBZZZ.jpg;http://images.amazon.com/images/P/0696214393.01.MZZZZZZZ.jpg;http://images.amazon.com/images/P/0696214393.01.LZZZZZZZ.jpg
0349107637;Yesterday in the Back Lane;Rubens;1996;Little Brown and Company;http://images.amazon.com/images/P/0349107637.01.THUMBZZZ.jpg;http://images.amazon.com/images/P/0349107637.01.MZZZZZZZ.jpg;http://images.amazon.com/images/P/0349107637.01.LZZZZZZZ.jpg
0749000406;Yours;Philip Callow;0;Allison Busby;http://images.amazon.com/images/P/0749000406.01.THUMBZZZ.jpg;http://images.amazon.com/images/P/0749000406.01.MZZZZZZZ.jpg;http://images.amazon.com/images/P/0749000406.01.LZZZZZZZ.jpg
3453033256;Yoga f�?¼r Katzen.;Traudl Reiner;1989;Heyne;http://images.amazon.com/images/P/3453033256.01.THUMBZZZ.jpg;http://images.amazon.com/images/P/3453033256.01.MZZZZZZZ.jpg;http://images.amazon.com/images/P/3453033256.01.LZZZZZZZ.jpg
0671661108;YESTERDAY'S SON - STAR TREK #11;A. C. Crispin;1987;Star Trek;http://images.amazon.com/images/P/0671661108.01.THUMBZZZ.jpg;http://images.amazon.com/images/P/0671661108.01.MZZZZZZZ.jpg;http://images.amazon.com/images/P/0671661108.01.LZZZZZZZ.jpg
044691049X;You Must Remember This 1972 (You Must Remember This);Mary Pradt;1995;Warner Books Inc;http://images.amazon.com/images/P/044691049X.01.THUMBZZZ.jpg;http://images.amazon.com/images/P/044691049X.01.MZZZZZZZ.jpg;http://images.amazon.com/images/P/044691049X.01.LZZZZZZZ.jpg
0809225263;Your Wedding Your Way;Leah Ingram;1999;McGraw-Hill;http://images.amazon.com/images/P/0809225263.01.THUMBZZZ.jpg;http://images.amazon.com/images/P/0809225263.01.MZZZZZZZ.jpg;http://images.amazon.com/images/P/0809225263.01.LZZZZZZZ.jpg
2070388700;Yvette;Guy de Maupassant;1997;Gallimard;http://images.amazon.com/images/P/2070388700.01.THUMBZZZ.jpg;http://images.amazon.com/images/P/2070388700.01.MZZZZZZZ.jpg;http://images.amazon.com/images/P/2070388700.01.LZZZZZZZ.jpg
0915801604;Yoga For Your Life: A Practice Manual of Breath and Movement for Every Body;Margaret D. Pierce;1999;Sterling Publishing;http://images.amazon.com/images/P/0915801604.01.THUMBZZZ.jpg;http://images.amazon.com/images/P/0915801604.01.MZZZZZZZ.jpg;http://images.amazon.com/images/P/0915801604.01.LZZZZZZZ.jpg
0394878841;Yoo-Hoo, Little Rabbit! (Peek-a-Boo Books);J.P. Miller;1986;Random House Trade;http://images.amazon.com/images/P/0394878841.01.THUMBZZZ.jpg;http://images.amazon.com/images/P/0394878841.01.MZZZZZZZ.jpg;http://images.amazon.com/images/P/0394878841.01.LZZZZZZZ.jpg
0394484789;"You, my brother;: A novel based on the lives of Edmund & William Shakespeare";Philip Burton;1973;Random House;http://images.amazon.com/images/P/0394484789.01.THUMBZZZ.jpg;http://images.amazon.com/images/P/0394484789.01.MZZZZZZZ.jpg;http://images.amazon.com/images/P/0394484789.01.LZZZZZZZ.jpg
2207247384;Yurlunggur;Jean-Marc Ligny;1998;Deno�?«l;http://images.amazon.com/images/P/2207247384.01.THUMBZZZ.jpg;http://images.amazon.com/images/P/2207247384.01.MZZZZZZZ.jpg;http://images.amazon.com/images/P/2207247384.01.LZZZZZZZ.jpg
078946358X;Young Classics: The Wind in the Willows;Kenneth Grahame;2001;Dorling Kindersley Publishing;http://images.amazon.com/images/P/078946358X.01.THUMBZZZ.jpg;http://images.amazon.com/images/P/078946358X.01.MZZZZZZZ.jpg;http://images.amazon.com/images/P/078946358X.01.LZZZZZZZ.jpg
0709162456;Yorkshire (Hale's topographical paperbacks);Harry J Scott;1977;Hale;http://images.amazon.com/images/P/0709162456.01.THUMBZZZ.jpg;http://images.amazon.com/images/P/0709162456.01.MZZZZZZZ.jpg;http://images.amazon.com/images/P/0709162456.01.LZZZZZZZ.jpg
0553281097;You Can Negotiate Anything;Herb Cohen;1982;Bantam;http://images.amazon.com/images/P/0553281097.01.THUMBZZZ.jpg;http://images.amazon.com/images/P/0553281097.01.MZZZZZZZ.jpg;http://images.amazon.com/images/P/0553281097.01.LZZZZZZZ.jpg
0937539171;You and Your Network: Getting the Most Out of Life;Fred Smith;1991;Executive Books;http://images.amazon.com/images/P/0937539171.01.THUMBZZZ.jpg;http://images.amazon.com/images/P/0937539171.01.MZZZZZZZ.jpg;http://images.amazon.com/images/P/0937539171.01.LZZZZZZZ.jpg
0553203037;You Can Negotiate Anything;Herb Cohen;0;Bantam Doubleday Dell;http://images.amazon.com/images/P/0553203037.01.THUMBZZZ.jpg;http://images.amazon.com/images/P/0553203037.01.MZZZZZZZ.jpg;http://images.amazon.com/images/P/0553203037.01.LZZZZZZZ.jpg
0819150363;You're Our Child: The Adoption Experience;Jerome Smith;1987;Natl Book Network;http://images.amazon.com/images/P/0819150363.01.THUMBZZZ.jpg;http://images.amazon.com/images/P/0819150363.01.MZZZZZZZ.jpg;http://images.amazon.com/images/P/0819150363.01.LZZZZZZZ.jpg
0373710593;You're My Baby (9 Months Later) (Harlequin Superromance, No. 1059);Laura Abbot;2002;Harlequin;http://images.amazon.com/images/P/0373710593.01.THUMBZZZ.jpg;http://images.amazon.com/images/P/0373710593.01.MZZZZZZZ.jpg;http://images.amazon.com/images/P/0373710593.01.LZZZZZZZ.jpg
0373791151;Yours To Seduce : Women Who Dare (Harlequin Blaze, 111);Karen Anders;2003;Harlequin;http://images.amazon.com/images/P/0373791151.01.THUMBZZZ.jpg;http://images.amazon.com/images/P/0373791151.01.MZZZZZZZ.jpg;http://images.amazon.com/images/P/0373791151.01.LZZZZZZZ.jpg
0373271441;Younger Woman (Silhouette Intimate Moments, No 1074);Wendy Rosnau;2001;Silhouette;http://images.amazon.com/images/P/0373271441.01.THUMBZZZ.jpg;http://images.amazon.com/images/P/0373271441.01.MZZZZZZZ.jpg;http://images.amazon.com/images/P/0373271441.01.LZZZZZZZ.jpg
0451205332;You'll Never Eat Lunch in This Town Again;Julia Phillips;2002;New American Library;http://images.amazon.com/images/P/0451205332.01.THUMBZZZ.jpg;http://images.amazon.com/images/P/0451205332.01.MZZZZZZZ.jpg;http://images.amazon.com/images/P/0451205332.01.LZZZZZZZ.jpg
0312928491;Yvonne Goes to York (The Travelling Matchmaker Book 6);Marion Chesney;1992;St Martins Pr (Mm);http://images.amazon.com/images/P/0312928491.01.THUMBZZZ.jpg;http://images.amazon.com/images/P/0312928491.01.MZZZZZZZ.jpg;http://images.amazon.com/images/P/0312928491.01.LZZZZZZZ.jpg
0933478240;Yeast Connection Handbook;William G. Crook;1999;Professional Books/Future Health;http://images.amazon.com/images/P/0933478240.01.THUMBZZZ.jpg;http://images.amazon.com/images/P/0933478240.01.MZZZZZZZ.jpg;http://images.amazon.com/images/P/0933478240.01.LZZZZZZZ.jpg
0553151495;Your very own robot (Choose your own adventure);R. A Montgomery;1982;Bantam Books;http://images.amazon.com/images/P/0553151495.01.THUMBZZZ.jpg;http://images.amazon.com/images/P/0553151495.01.MZZZZZZZ.jpg;http://images.amazon.com/images/P/0553151495.01.LZZZZZZZ.jpg
1570624623;You Have to Say Something;DAININ KATAGIRI;2000;Shambhala;http://images.amazon.com/images/P/1570624623.01.THUMBZZZ.jpg;http://images.amazon.com/images/P/1570624623.01.MZZZZZZZ.jpg;http://images.amazon.com/images/P/1570624623.01.LZZZZZZZ.jpg
037383439X;Yesterday'S Scandal (Harlequin Promo);Gina Wilkins;2000;Harlequin;http://images.amazon.com/images/P/037383439X.01.THUMBZZZ.jpg;http://images.amazon.com/images/P/037383439X.01.MZZZZZZZ.jpg;http://images.amazon.com/images/P/037383439X.01.LZZZZZZZ.jpg
0373242824;Yours For Ninety Days (Silhouette Special Edition, 1282);Barbara McMahon;1999;Silhouette;http://images.amazon.com/images/P/0373242824.01.THUMBZZZ.jpg;http://images.amazon.com/images/P/0373242824.01.MZZZZZZZ.jpg;http://images.amazon.com/images/P/0373242824.01.LZZZZZZZ.jpg
0399227024;You Can't Eat Your Chicken Pox, Amber Brown (Amber Brown);Paula Danziger;1995;Putnam Publishing Group;http://images.amazon.com/images/P/0399227024.01.THUMBZZZ.jpg;http://images.amazon.com/images/P/0399227024.01.MZZZZZZZ.jpg;http://images.amazon.com/images/P/0399227024.01.LZZZZZZZ.jpg
3548603254;Yeats ist tot. 15 Autoren schreiben einen sehr irischen Roman.;Diethard Herles;2003;List Tb.;http://images.amazon.com/images/P/3548603254.01.THUMBZZZ.jpg;http://images.amazon.com/images/P/3548603254.01.MZZZZZZZ.jpg;http://images.amazon.com/images/P/3548603254.01.LZZZZZZZ.jpg
0898799236;You Can Write a Cookbook (You Can Write It!);J. Kevin Wolfe;2000;Writer's Digest Books;http://images.amazon.com/images/P/0898799236.01.THUMBZZZ.jpg;http://images.amazon.com/images/P/0898799236.01.MZZZZZZZ.jpg;http://images.amazon.com/images/P/0898799236.01.LZZZZZZZ.jpg
0020885105;YOUR GOD IS TOO SMALL;John Bertram Phillips;1987;Scribner Paper Fiction;http://images.amazon.com/images/P/0020885105.01.THUMBZZZ.jpg;http://images.amazon.com/images/P/0020885105.01.MZZZZZZZ.jpg;http://images.amazon.com/images/P/0020885105.01.LZZZZZZZ.jpg
1565650476;Your Guide to the Sky;Rick Shaffer;1994;McGraw-Hill;http://images.amazon.com/images/P/1565650476.01.THUMBZZZ.jpg;http://images.amazon.com/images/P/1565650476.01.MZZZZZZZ.jpg;http://images.amazon.com/images/P/1565650476.01.LZZZZZZZ.jpg
0937147087;You Are Becoming a Galactic Human;Virginia Essene;1994;S E E Pub;http://images.amazon.com/images/P/0937147087.01.THUMBZZZ.jpg;http://images.amazon.com/images/P/0937147087.01.MZZZZZZZ.jpg;http://images.amazon.com/images/P/0937147087.01.LZZZZZZZ.jpg
0553577964;Yesterday's Kings;Angus Wells;2001;Spectra Books;http://images.amazon.com/images/P/0553577964.01.THUMBZZZ.jpg;http://images.amazon.com/images/P/0553577964.01.MZZZZZZZ.jpg;http://images.amazon.com/images/P/0553577964.01.LZZZZZZZ.jpg
0446365726;Year of the Dragon;Robert Daley;1997;Warner Books;http://images.amazon.com/images/P/0446365726.01.THUMBZZZ.jpg;http://images.amazon.com/images/P/0446365726.01.MZZZZZZZ.jpg;http://images.amazon.com/images/P/0446365726.01.LZZZZZZZ.jpg
0800755499;You're Grounded for Life!: And 49 Other Crazy Things Parents Say;Joey O'Connor;1995;Revell;http://images.amazon.com/images/P/0800755499.01.THUMBZZZ.jpg;http://images.amazon.com/images/P/0800755499.01.MZZZZZZZ.jpg;http://images.amazon.com/images/P/0800755499.01.LZZZZZZZ.jpg
0708965326;Young Man's Fancy (Linford Romance);Nancy Bell;1988;Ulverscroft Large Print;http://images.amazon.com/images/P/0708965326.01.THUMBZZZ.jpg;http://images.amazon.com/images/P/0708965326.01.MZZZZZZZ.jpg;http://images.amazon.com/images/P/0708965326.01.LZZZZZZZ.jpg
0782114180;Your first computer;Alan Simpson;1994;Sybex;http://images.amazon.com/images/P/0782114180.01.THUMBZZZ.jpg;http://images.amazon.com/images/P/0782114180.01.MZZZZZZZ.jpg;http://images.amazon.com/images/P/0782114180.01.LZZZZZZZ.jpg
0582022568;"York Notes on \Antony and Cleopatra\"" by William Shakespeare (York Notes)""";A N Jeffares;1988;Pearson York Notes;http://images.amazon.com/images/P/0582022568.01.THUMBZZZ.jpg;http://images.amazon.com/images/P/0582022568.01.MZZZZZZZ.jpg;http://images.amazon.com/images/P/0582022568.01.LZZZZZZZ.jpg
0750921927;Young Elizabeth: The First Twenty-Five Years;Alison Plowden;1999;Alan Sutton Publishing, Ltd.;http://images.amazon.com/images/P/0750921927.01.THUMBZZZ.jpg;http://images.amazon.com/images/P/0750921927.01.MZZZZZZZ.jpg;http://images.amazon.com/images/P/0750921927.01.LZZZZZZZ.jpg
0316643750;Year What Life Was Like At the Turn;Robert Lacey;0;Little Brown Company;http://images.amazon.com/images/P/0316643750.01.THUMBZZZ.jpg;http://images.amazon.com/images/P/0316643750.01.MZZZZZZZ.jpg;http://images.amazon.com/images/P/0316643750.01.LZZZZZZZ.jpg
0140149872;You Never Know;Isabel Huggan;1994;Penguin Books;http://images.amazon.com/images/P/0140149872.01.THUMBZZZ.jpg;http://images.amazon.com/images/P/0140149872.01.MZZZZZZZ.jpg;http://images.amazon.com/images/P/0140149872.01.LZZZZZZZ.jpg
0374522685;Yes I Can : The Story of Sammy Davis, Jr.;Sammy Davis;1990;Noonday Press;http://images.amazon.com/images/P/0374522685.01.THUMBZZZ.jpg;http://images.amazon.com/images/P/0374522685.01.MZZZZZZZ.jpg;http://images.amazon.com/images/P/0374522685.01.LZZZZZZZ.jpg
1850586764;Your Brilliant Guide to the 1999 Total Solar Eclipse;Walter Berg;1999;Sigma Press;http://images.amazon.com/images/P/1850586764.01.THUMBZZZ.jpg;http://images.amazon.com/images/P/1850586764.01.MZZZZZZZ.jpg;http://images.amazon.com/images/P/1850586764.01.LZZZZZZZ.jpg
1568820194;Ye Booke of Monstres: New Nightmares for Call of Cthulhu (The Aniolowski Collection, Vol 1);Scott David Aniolowski;1994;Chaosium;http://images.amazon.com/images/P/1568820194.01.THUMBZZZ.jpg;http://images.amazon.com/images/P/1568820194.01.MZZZZZZZ.jpg;http://images.amazon.com/images/P/1568820194.01.LZZZZZZZ.jpg
0806524057;You Are All Sanpaku;George Ohsawa;2002;Citadel Press;http://images.amazon.com/images/P/0806524057.01.THUMBZZZ.jpg;http://images.amazon.com/images/P/0806524057.01.MZZZZZZZ.jpg;http://images.amazon.com/images/P/0806524057.01.LZZZZZZZ.jpg
0910313180;Your Best Wishes Can Come True (Tale from the Care Bears);Phyllis Fair Cowell;1984;Parker Brothers;http://images.amazon.com/images/P/0910313180.01.THUMBZZZ.jpg;http://images.amazon.com/images/P/0910313180.01.MZZZZZZZ.jpg;http://images.amazon.com/images/P/0910313180.01.LZZZZZZZ.jpg
0449215806;"You Can't Win Them All, Charlie Brown: Selected Cartoons from \Ha, Ha Herman, Charlie Brown\""""";Charles M. Schulz;1987;Ballantine Books;http://images.amazon.com/images/P/0449215806.01.THUMBZZZ.jpg;http://images.amazon.com/images/P/0449215806.01.MZZZZZZZ.jpg;http://images.amazon.com/images/P/0449215806.01.LZZZZZZZ.jpg
0671242571;YEAR 2081;Gerard K. O'Neill;1981;Simon & Schuster;http://images.amazon.com/images/P/0671242571.01.THUMBZZZ.jpg;http://images.amazon.com/images/P/0671242571.01.MZZZZZZZ.jpg;http://images.amazon.com/images/P/0671242571.01.LZZZZZZZ.jpg
9652292834;Yoni's Last Battle: The Rescue at Entebbe, 1976;Iddo Netanyahu;2001;Gefen Publishing House, Ltd;http://images.amazon.com/images/P/9652292834.01.THUMBZZZ.jpg;http://images.amazon.com/images/P/9652292834.01.MZZZZZZZ.jpg;http://images.amazon.com/images/P/9652292834.01.LZZZZZZZ.jpg
044049043X;Young Fu of the Upper Yangtze;Elizabeth F. Lewis;1990;Yearling Books;http://images.amazon.com/images/P/044049043X.01.THUMBZZZ.jpg;http://images.amazon.com/images/P/044049043X.01.MZZZZZZZ.jpg;http://images.amazon.com/images/P/044049043X.01.LZZZZZZZ.jpg
0393310361;Young Man Luther: A Study in Psychoanalysis and History (Austen Riggs Monograph, No 4);Erik H. Erikson;1993;W. W. Norton & Company;http://images.amazon.com/images/P/0393310361.01.THUMBZZZ.jpg;http://images.amazon.com/images/P/0393310361.01.MZZZZZZZ.jpg;http://images.amazon.com/images/P/0393310361.01.LZZZZZZZ.jpg
0373705719;Yankee'S Bride (Paranormal) (Harlequin Superromances, 70571);Dawn Stewardson;1993;Harlequin;http://images.amazon.com/images/P/0373705719.01.THUMBZZZ.jpg;http://images.amazon.com/images/P/0373705719.01.MZZZZZZZ.jpg;http://images.amazon.com/images/P/0373705719.01.LZZZZZZZ.jpg
0860209393;You and Your Food (Usborne Body Books);Judy Tatchell;1986;E D C Pub;http://images.amazon.com/images/P/0860209393.01.THUMBZZZ.jpg;http://images.amazon.com/images/P/0860209393.01.MZZZZZZZ.jpg;http://images.amazon.com/images/P/0860209393.01.LZZZZZZZ.jpg
0312267002;You Are My Sunshine;Judith Saxton;2000;St Martins Pr;http://images.amazon.com/images/P/0312267002.01.THUMBZZZ.jpg;http://images.amazon.com/images/P/0312267002.01.MZZZZZZZ.jpg;http://images.amazon.com/images/P/0312267002.01.LZZZZZZZ.jpg
3858332666;Yeshe-�?: König in Tibet : ein fast historischer Roman vom Dach der Welt;Dieter Hess;1998;Oesch;http://images.amazon.com/images/P/3858332666.01.THUMBZZZ.jpg;http://images.amazon.com/images/P/3858332666.01.MZZZZZZZ.jpg;http://images.amazon.com/images/P/3858332666.01.LZZZZZZZ.jpg
0340425636;You Only Live Twice;Ian Fleming;0;Trafalgar Square;http://images.amazon.com/images/P/0340425636.01.THUMBZZZ.jpg;http://images.amazon.com/images/P/0340425636.01.MZZZZZZZ.jpg;http://images.amazon.com/images/P/0340425636.01.LZZZZZZZ.jpg
0877958289;Yes, I Can Say No: A Parents Guide to Assertiveness Training for Children;Manuel, Ph.D. Smith;1989;Smithmark Pub;http://images.amazon.com/images/P/0877958289.01.THUMBZZZ.jpg;http://images.amazon.com/images/P/0877958289.01.MZZZZZZZ.jpg;http://images.amazon.com/images/P/0877958289.01.LZZZZZZZ.jpg
0743230655;You May Not Tie an Alligator to a Fire Hydrant : 101 Real Dumb Laws;Jeff Koon;2002;Free Press;http://images.amazon.com/images/P/0743230655.01.THUMBZZZ.jpg;http://images.amazon.com/images/P/0743230655.01.MZZZZZZZ.jpg;http://images.amazon.com/images/P/0743230655.01.LZZZZZZZ.jpg
0740700316;You Know You'Ve Reached Middle Age If...;Joey Green;1999;Andrews McMeel Publishing;http://images.amazon.com/images/P/0740700316.01.THUMBZZZ.jpg;http://images.amazon.com/images/P/0740700316.01.MZZZZZZZ.jpg;http://images.amazon.com/images/P/0740700316.01.LZZZZZZZ.jpg
0070723362;Yookoso: An Invitation to Contemporary Japanese;Yasu-Hiko Tohsaku;1999;McGraw Hill College Div;http://images.amazon.com/images/P/0070723362.01.THUMBZZZ.jpg;http://images.amazon.com/images/P/0070723362.01.MZZZZZZZ.jpg;http://images.amazon.com/images/P/0070723362.01.LZZZZZZZ.jpg
0486285138;You Know Me Al (Dover Thrift Editions);Ring Lardner;1995;Dover Publications;http://images.amazon.com/images/P/0486285138.01.THUMBZZZ.jpg;http://images.amazon.com/images/P/0486285138.01.MZZZZZZZ.jpg;http://images.amazon.com/images/P/0486285138.01.LZZZZZZZ.jpg
096321943X;You Are That! Satsang With Gangaji, Volume 1;Gangaji;1995;Gangaji Foundation, the;http://images.amazon.com/images/P/096321943X.01.THUMBZZZ.jpg;http://images.amazon.com/images/P/096321943X.01.MZZZZZZZ.jpg;http://images.amazon.com/images/P/096321943X.01.LZZZZZZZ.jpg
0030617332;You Give Great Meeting, Sid (A Doonesbury book / by G.B. Trudeau);G. B. Trudeau;1983;Henry Holt & Co;http://images.amazon.com/images/P/0030617332.01.THUMBZZZ.jpg;http://images.amazon.com/images/P/0030617332.01.MZZZZZZZ.jpg;http://images.amazon.com/images/P/0030617332.01.LZZZZZZZ.jpg
0139718796;Yankee Doodle;R. Shackburg;1977;Simon & Schuster;http://images.amazon.com/images/P/0139718796.01.THUMBZZZ.jpg;http://images.amazon.com/images/P/0139718796.01.MZZZZZZZ.jpg;http://images.amazon.com/images/P/0139718796.01.LZZZZZZZ.jpg
0582329264;"York Notes Advanced on \The Wife of Bath's Prologue and Tale\"" by Geoffrey Chaucer (York Notes Advanced)""";Jacqueline Tasioulas;1998;Pearson York Notes;http://images.amazon.com/images/P/0582329264.01.THUMBZZZ.jpg;http://images.amazon.com/images/P/0582329264.01.MZZZZZZZ.jpg;http://images.amazon.com/images/P/0582329264.01.LZZZZZZZ.jpg
0582781612;"York Notes on \The Franklin's Tale\"" by Geoffrey Chaucer (York Notes)""";A.N. Jeffares;1980;Pearson York Notes;http://images.amazon.com/images/P/0582781612.01.THUMBZZZ.jpg;http://images.amazon.com/images/P/0582781612.01.MZZZZZZZ.jpg;http://images.amazon.com/images/P/0582781612.01.LZZZZZZZ.jpg
0553108549;You Have to Stand for Something or You'll Fall for Anything;Star Jones;1998;Bantam;http://images.amazon.com/images/P/0553108549.01.THUMBZZZ.jpg;http://images.amazon.com/images/P/0553108549.01.MZZZZZZZ.jpg;http://images.amazon.com/images/P/0553108549.01.LZZZZZZZ.jpg
0679406018;You Can't Put No Boogie-Woogie on the King of Rock and Roll;LEWIS GRIZZARD;1991;Villard;http://images.amazon.com/images/P/0679406018.01.THUMBZZZ.jpg;http://images.amazon.com/images/P/0679406018.01.MZZZZZZZ.jpg;http://images.amazon.com/images/P/0679406018.01.LZZZZZZZ.jpg
0385476221;Yours, Isaac Asimov: A Lifetime of Letters;Isaac Asimov;1995;Bantam Dell Pub Group;http://images.amazon.com/images/P/0385476221.01.THUMBZZZ.jpg;http://images.amazon.com/images/P/0385476221.01.MZZZZZZZ.jpg;http://images.amazon.com/images/P/0385476221.01.LZZZZZZZ.jpg
0451177401;Yuletide Match (Signet Regency Romance);Margaret Westhaven;1993;New Amer Library (Mm);http://images.amazon.com/images/P/0451177401.01.THUMBZZZ.jpg;http://images.amazon.com/images/P/0451177401.01.MZZZZZZZ.jpg;http://images.amazon.com/images/P/0451177401.01.LZZZZZZZ.jpg
078943301X;Yoga Mind And Body (DK Living);Sivananda Yoga Center;1998;Dorling Kindersley Publishing;http://images.amazon.com/images/P/078943301X.01.THUMBZZZ.jpg;http://images.amazon.com/images/P/078943301X.01.MZZZZZZZ.jpg;http://images.amazon.com/images/P/078943301X.01.LZZZZZZZ.jpg
006440661X;Young Joan;Barbara Dana;1997;HarperTrophy;http://images.amazon.com/images/P/006440661X.01.THUMBZZZ.jpg;http://images.amazon.com/images/P/006440661X.01.MZZZZZZZ.jpg;http://images.amazon.com/images/P/006440661X.01.LZZZZZZZ.jpg
076361159X;You Hear Me: Poems and Writing by Teenage Boys;Betsy Franco;2001;Candlewick Press (MA);http://images.amazon.com/images/P/076361159X.01.THUMBZZZ.jpg;http://images.amazon.com/images/P/076361159X.01.MZZZZZZZ.jpg;http://images.amazon.com/images/P/076361159X.01.LZZZZZZZ.jpg
0449245594;You're Best Alone;Norah Lofts;1982;Fawcett Books;http://images.amazon.com/images/P/0449245594.01.THUMBZZZ.jpg;http://images.amazon.com/images/P/0449245594.01.MZZZZZZZ.jpg;http://images.amazon.com/images/P/0449245594.01.LZZZZZZZ.jpg
0061057460;Year's Best SF 2;David G. Hartwell;1997;Eos;http://images.amazon.com/images/P/0061057460.01.THUMBZZZ.jpg;http://images.amazon.com/images/P/0061057460.01.MZZZZZZZ.jpg;http://images.amazon.com/images/P/0061057460.01.LZZZZZZZ.jpg
0684843307;YOU BELONG TO ME LARGE PRINT EDITION;Mary Higgins Clark;1998;Simon & Schuster;http://images.amazon.com/images/P/0684843307.01.THUMBZZZ.jpg;http://images.amazon.com/images/P/0684843307.01.MZZZZZZZ.jpg;http://images.amazon.com/images/P/0684843307.01.LZZZZZZZ.jpg
0759623414;Yokche;P. J. Erickson;2001;Authorhouse;http://images.amazon.com/images/P/0759623414.01.THUMBZZZ.jpg;http://images.amazon.com/images/P/0759623414.01.MZZZZZZZ.jpg;http://images.amazon.com/images/P/0759623414.01.LZZZZZZZ.jpg
0307221024;Your Personality Quiz (Girl Talk);Karle Dickerson;1991;Random House Childrens Books;http://images.amazon.com/images/P/0307221024.01.THUMBZZZ.jpg;http://images.amazon.com/images/P/0307221024.01.MZZZZZZZ.jpg;http://images.amazon.com/images/P/0307221024.01.LZZZZZZZ.jpg
0895297191;Your Guide to Retiring to Mexico, Costa Rica and Beyond: Finding the Good Life on a Fixed Income;Shelley Emling;1996;Avery Publishing Group;http://images.amazon.com/images/P/0895297191.01.THUMBZZZ.jpg;http://images.amazon.com/images/P/0895297191.01.MZZZZZZZ.jpg;http://images.amazon.com/images/P/0895297191.01.LZZZZZZZ.jpg
0590427318;You Be the Detective (Jigsaw Puzzle Mysteries);Marvin Miller;1991;Scholastic Paperbacks (Mm);http://images.amazon.com/images/P/0590427318.01.THUMBZZZ.jpg;http://images.amazon.com/images/P/0590427318.01.MZZZZZZZ.jpg;http://images.amazon.com/images/P/0590427318.01.LZZZZZZZ.jpg
0684802465;Your First Year of Marriage;Curtis Pesmen;1995;Fireside;http://images.amazon.com/images/P/0684802465.01.THUMBZZZ.jpg;http://images.amazon.com/images/P/0684802465.01.MZZZZZZZ.jpg;http://images.amazon.com/images/P/0684802465.01.LZZZZZZZ.jpg
038070658X;You'll See It When You Believe It:  The Way to Your Personal Transformation;Dr. Wayne W. Dyer;1990;Avon Books;http://images.amazon.com/images/P/038070658X.01.THUMBZZZ.jpg;http://images.amazon.com/images/P/038070658X.01.MZZZZZZZ.jpg;http://images.amazon.com/images/P/038070658X.01.LZZZZZZZ.jpg
0679404465;You Got to Dance With Them What Brung You: Politics in the Clinton Years;Molly Ivins;1998;Random House Inc;http://images.amazon.com/images/P/0679404465.01.THUMBZZZ.jpg;http://images.amazon.com/images/P/0679404465.01.MZZZZZZZ.jpg;http://images.amazon.com/images/P/0679404465.01.LZZZZZZZ.jpg
1562921053;You Can't Be a Smart Cookie, If You Have a Crummy Attitude;John C. Maxwell;1995;Cook Communications Ministries intl;http://images.amazon.com/images/P/1562921053.01.THUMBZZZ.jpg;http://images.amazon.com/images/P/1562921053.01.MZZZZZZZ.jpg;http://images.amazon.com/images/P/1562921053.01.LZZZZZZZ.jpg
0393310825;Your Native Land, Your Life: Poems;Adrienne Rich;1993;W. W. Norton & Company;http://images.amazon.com/images/P/0393310825.01.THUMBZZZ.jpg;http://images.amazon.com/images/P/0393310825.01.MZZZZZZZ.jpg;http://images.amazon.com/images/P/0393310825.01.LZZZZZZZ.jpg
0812907531;Yankee from Georgia: The emergence of Jimmy Carter;William Lee Miller;1978;Times Books;http://images.amazon.com/images/P/0812907531.01.THUMBZZZ.jpg;http://images.amazon.com/images/P/0812907531.01.MZZZZZZZ.jpg;http://images.amazon.com/images/P/0812907531.01.LZZZZZZZ.jpg
2070375684;Y a-t-il un docteur dans la salle?;Ren�?© Fallet;1984;Gallimard;http://images.amazon.com/images/P/2070375684.01.THUMBZZZ.jpg;http://images.amazon.com/images/P/2070375684.01.MZZZZZZZ.jpg;http://images.amazon.com/images/P/2070375684.01.LZZZZZZZ.jpg
1840240075;Yes, Mr Bronson: Memoirs of a Bum Actor;Michael Sheard;1997;Summersdale Publishers;http://images.amazon.com/images/P/1840240075.01.THUMBZZZ.jpg;http://images.amazon.com/images/P/1840240075.01.MZZZZZZZ.jpg;http://images.amazon.com/images/P/1840240075.01.LZZZZZZZ.jpg
9076953422;Yes, School's Out!;Michael Sheard;2001;Gopher Publishers UK;http://images.amazon.com/images/P/9076953422.01.THUMBZZZ.jpg;http://images.amazon.com/images/P/9076953422.01.MZZZZZZZ.jpg;http://images.amazon.com/images/P/9076953422.01.LZZZZZZZ.jpg
0876856830;You Get So Alone at Times That It Just Makes Sense;Charles Bukowski;1986;Black Sparrow Books;http://images.amazon.com/images/P/0876856830.01.THUMBZZZ.jpg;http://images.amazon.com/images/P/0876856830.01.MZZZZZZZ.jpg;http://images.amazon.com/images/P/0876856830.01.LZZZZZZZ.jpg
1558501371;Your Baby's Mind;S.H. Jacob;1992;Adams Media Corporation;http://images.amazon.com/images/P/1558501371.01.THUMBZZZ.jpg;http://images.amazon.com/images/P/1558501371.01.MZZZZZZZ.jpg;http://images.amazon.com/images/P/1558501371.01.LZZZZZZZ.jpg
0671454722;YOUNGBLOOD HAWKE;Herman Wouk;1982;Pocket;http://images.amazon.com/images/P/0671454722.01.THUMBZZZ.jpg;http://images.amazon.com/images/P/0671454722.01.MZZZZZZZ.jpg;http://images.amazon.com/images/P/0671454722.01.LZZZZZZZ.jpg
0553574264;You Only Love Twice;Elizabeth Thornton;1998;Bantam Books;http://images.amazon.com/images/P/0553574264.01.THUMBZZZ.jpg;http://images.amazon.com/images/P/0553574264.01.MZZZZZZZ.jpg;http://images.amazon.com/images/P/0553574264.01.LZZZZZZZ.jpg
1555612601;Your Pregnancy Week by Week (Your Pregnancy Series);Glade B. Curtis;2000;Perseus Publishing;http://images.amazon.com/images/P/1555612601.01.THUMBZZZ.jpg;http://images.amazon.com/images/P/1555612601.01.MZZZZZZZ.jpg;http://images.amazon.com/images/P/1555612601.01.LZZZZZZZ.jpg
0684801167;You Mean I'm Not Lazy, Stupid or Crazy?! : A Self-Help Book for Adults with Attention Deficit Disorder;Kate Kelly;1995;Scribner;http://images.amazon.com/images/P/0684801167.01.THUMBZZZ.jpg;http://images.amazon.com/images/P/0684801167.01.MZZZZZZZ.jpg;http://images.amazon.com/images/P/0684801167.01.LZZZZZZZ.jpg
0786814489;You're a Brave Man, Julius Zimmerman;Claudia Mills;2001;Hyperion Books for Children;http://images.amazon.com/images/P/0786814489.01.THUMBZZZ.jpg;http://images.amazon.com/images/P/0786814489.01.MZZZZZZZ.jpg;http://images.amazon.com/images/P/0786814489.01.LZZZZZZZ.jpg
1564585921;Young Soccer Player;Gary Lineker;1994;Dorling Kindersley;http://images.amazon.com/images/P/1564585921.01.THUMBZZZ.jpg;http://images.amazon.com/images/P/1564585921.01.MZZZZZZZ.jpg;http://images.amazon.com/images/P/1564585921.01.LZZZZZZZ.jpg
0553156853;You Are Invisible: CYOA #48;Susan Saunders;1989;Bantam Books (Mm);http://images.amazon.com/images/P/0553156853.01.THUMBZZZ.jpg;http://images.amazon.com/images/P/0553156853.01.MZZZZZZZ.jpg;http://images.amazon.com/images/P/0553156853.01.LZZZZZZZ.jpg
0060553588;You've got to read this: Contemporary American writers introduce stories that held them in awe;Ron Hansen;1994;HarperPerennial;http://images.amazon.com/images/P/0060553588.01.THUMBZZZ.jpg;http://images.amazon.com/images/P/0060553588.01.MZZZZZZZ.jpg;http://images.amazon.com/images/P/0060553588.01.LZZZZZZZ.jpg
0471178837;Your Self-Confident Baby: How to Encourage Your Child's Natural Abilities from the Very Start;Magda Gerber;1997;Wiley;http://images.amazon.com/images/P/0471178837.01.THUMBZZZ.jpg;http://images.amazon.com/images/P/0471178837.01.MZZZZZZZ.jpg;http://images.amazon.com/images/P/0471178837.01.LZZZZZZZ.jpg
0670844810;Your Mother Was a Neanderthal (Time Warp Trio, 4);Jon Scieszka;1993;Viking Juvenile;http://images.amazon.com/images/P/0670844810.01.THUMBZZZ.jpg;http://images.amazon.com/images/P/0670844810.01.MZZZZZZZ.jpg;http://images.amazon.com/images/P/0670844810.01.LZZZZZZZ.jpg
088266767X;Your Rabbit: A Kid's Guide to Raising and Showing;Nancy Searle;1992;Storey Books;http://images.amazon.com/images/P/088266767X.01.THUMBZZZ.jpg;http://images.amazon.com/images/P/088266767X.01.MZZZZZZZ.jpg;http://images.amazon.com/images/P/088266767X.01.LZZZZZZZ.jpg
0380978164;You Never Can Tell;Kathleen Eagle;2001;William Morrow & Company;http://images.amazon.com/images/P/0380978164.01.THUMBZZZ.jpg;http://images.amazon.com/images/P/0380978164.01.MZZZZZZZ.jpg;http://images.amazon.com/images/P/0380978164.01.LZZZZZZZ.jpg
0823059901;You Can Paint Pastels;Marie Blake;2000;Watson-Guptill Publications;http://images.amazon.com/images/P/0823059901.01.THUMBZZZ.jpg;http://images.amazon.com/images/P/0823059901.01.MZZZZZZZ.jpg;http://images.amazon.com/images/P/0823059901.01.LZZZZZZZ.jpg
0915166070;Your Perfect Right: A Guide to Assertive Living;Robert E. Alberti;1986;Impact Publishers;http://images.amazon.com/images/P/0915166070.01.THUMBZZZ.jpg;http://images.amazon.com/images/P/0915166070.01.MZZZZZZZ.jpg;http://images.amazon.com/images/P/0915166070.01.LZZZZZZZ.jpg
1852423218;You Got to Burn to Shine/New and Selected Writings (High Risk);John Giorno;1994;Serpent's Tail;http://images.amazon.com/images/P/1852423218.01.THUMBZZZ.jpg;http://images.amazon.com/images/P/1852423218.01.MZZZZZZZ.jpg;http://images.amazon.com/images/P/1852423218.01.LZZZZZZZ.jpg
0708913962;Young Doctor Mason;Alex Stuart;1985;Ulverscroft Large Print;http://images.amazon.com/images/P/0708913962.01.THUMBZZZ.jpg;http://images.amazon.com/images/P/0708913962.01.MZZZZZZZ.jpg;http://images.amazon.com/images/P/0708913962.01.LZZZZZZZ.jpg
0553370618;You Don't Have to Go Home from Work Exhausted!: A Program to Bring Joy, Energy, and Balance to Your Life;Ann McGee-Cooper;1992;Bantam;http://images.amazon.com/images/P/0553370618.01.THUMBZZZ.jpg;http://images.amazon.com/images/P/0553370618.01.MZZZZZZZ.jpg;http://images.amazon.com/images/P/0553370618.01.LZZZZZZZ.jpg
0806507942;Your Pony Book;T. Barters-Devries;1982;Carol Pub Group;http://images.amazon.com/images/P/0806507942.01.THUMBZZZ.jpg;http://images.amazon.com/images/P/0806507942.01.MZZZZZZZ.jpg;http://images.amazon.com/images/P/0806507942.01.LZZZZZZZ.jpg
0140251308;Years Midnight;Benzie;1999;Penguin Uk;http://images.amazon.com/images/P/0140251308.01.THUMBZZZ.jpg;http://images.amazon.com/images/P/0140251308.01.MZZZZZZZ.jpg;http://images.amazon.com/images/P/0140251308.01.LZZZZZZZ.jpg
0843952415;Yankee Earl;Shirl Henke;2003;Leisure Books;http://images.amazon.com/images/P/0843952415.01.THUMBZZZ.jpg;http://images.amazon.com/images/P/0843952415.01.MZZZZZZZ.jpg;http://images.amazon.com/images/P/0843952415.01.LZZZZZZZ.jpg
0517080192;You Must Remember This;Oates Carol;1992;Not Avail;http://images.amazon.com/images/P/0517080192.01.THUMBZZZ.jpg;http://images.amazon.com/images/P/0517080192.01.MZZZZZZZ.jpg;http://images.amazon.com/images/P/0517080192.01.LZZZZZZZ.jpg
0553582410;Your Wish Is My Command;DONNA KAUFFMAN;2001;Bantam;http://images.amazon.com/images/P/0553582410.01.THUMBZZZ.jpg;http://images.amazon.com/images/P/0553582410.01.MZZZZZZZ.jpg;http://images.amazon.com/images/P/0553582410.01.LZZZZZZZ.jpg
0553283510;You Are a Millionaire (Choose Your Own Adventure, No 98);Jay Leibold;1990;Skylark Books;http://images.amazon.com/images/P/0553283510.01.THUMBZZZ.jpg;http://images.amazon.com/images/P/0553283510.01.MZZZZZZZ.jpg;http://images.amazon.com/images/P/0553283510.01.LZZZZZZZ.jpg
087596706X;Your Backyard Wildlife Year: How to Attract Birds, Butterflies, and Other Animals Every Month of the Year;Marcus Schneck;1996;St Martins Pr;http://images.amazon.com/images/P/087596706X.01.THUMBZZZ.jpg;http://images.amazon.com/images/P/087596706X.01.MZZZZZZZ.jpg;http://images.amazon.com/images/P/087596706X.01.LZZZZZZZ.jpg
0913729493;You Might As Well Live: The Life and Times of Dorothy Parker;John Keats;1986;Continuum Intl Pub Group;http://images.amazon.com/images/P/0913729493.01.THUMBZZZ.jpg;http://images.amazon.com/images/P/0913729493.01.MZZZZZZZ.jpg;http://images.amazon.com/images/P/0913729493.01.LZZZZZZZ.jpg
0515127507;Yesterday's Flame (Time Passages Romance Series);Elizabeth Hallam;2000;Jove Books;http://images.amazon.com/images/P/0515127507.01.THUMBZZZ.jpg;http://images.amazon.com/images/P/0515127507.01.MZZZZZZZ.jpg;http://images.amazon.com/images/P/0515127507.01.LZZZZZZZ.jpg
0840796412;Your 30-Day Journey to Being a Great Wife (Your 30-Day Journey);Patrick Lawrence;1992;Thomas Nelson Inc;http://images.amazon.com/images/P/0840796412.01.THUMBZZZ.jpg;http://images.amazon.com/images/P/0840796412.01.MZZZZZZZ.jpg;http://images.amazon.com/images/P/0840796412.01.LZZZZZZZ.jpg
0879385057;Yf-22 and Yf-23: Advanced Tactical Fighters : Stealth, Speed and Agility for Air Superiority;Bill Sweetman;1991;Motorbooks Intl;http://images.amazon.com/images/P/0879385057.01.THUMBZZZ.jpg;http://images.amazon.com/images/P/0879385057.01.MZZZZZZZ.jpg;http://images.amazon.com/images/P/0879385057.01.LZZZZZZZ.jpg
1929529031;You Can't Go Wrong : Stories From Nero, New York & Other Tales;Bob Cudmore;2000;Nero Pub Co;http://images.amazon.com/images/P/1929529031.01.THUMBZZZ.jpg;http://images.amazon.com/images/P/1929529031.01.MZZZZZZZ.jpg;http://images.amazon.com/images/P/1929529031.01.LZZZZZZZ.jpg
0553118102;You're Never Too Old for Nuts and Berries;Gary Trudeau;1978;Bantam Books;http://images.amazon.com/images/P/0553118102.01.THUMBZZZ.jpg;http://images.amazon.com/images/P/0553118102.01.MZZZZZZZ.jpg;http://images.amazon.com/images/P/0553118102.01.LZZZZZZZ.jpg
0139771816;You're never too young;Lawrence Welk;1981;Prentice-Hall;http://images.amazon.com/images/P/0139771816.01.THUMBZZZ.jpg;http://images.amazon.com/images/P/0139771816.01.MZZZZZZZ.jpg;http://images.amazon.com/images/P/0139771816.01.LZZZZZZZ.jpg
8432056707;Yo, Jimmy: Mi vida entre los Franco (Serie Biografías y memorias);Joaquín Giménez-Arnau;1981;Planeta;http://images.amazon.com/images/P/8432056707.01.THUMBZZZ.jpg;http://images.amazon.com/images/P/8432056707.01.MZZZZZZZ.jpg;http://images.amazon.com/images/P/8432056707.01.LZZZZZZZ.jpg
8401321085;Yaiza (Océano);Alberto Vazquez-Figueroa;1986;Lectorum Pubns (J);http://images.amazon.com/images/P/8401321085.01.THUMBZZZ.jpg;http://images.amazon.com/images/P/8401321085.01.MZZZZZZZ.jpg;http://images.amazon.com/images/P/8401321085.01.LZZZZZZZ.jpg
0679424687;Youth Heart of Darkness Typhoon (Modern Library);Joseph Conrad;1993;Modern Library;http://images.amazon.com/images/P/0679424687.01.THUMBZZZ.jpg;http://images.amazon.com/images/P/0679424687.01.MZZZZZZZ.jpg;http://images.amazon.com/images/P/0679424687.01.LZZZZZZZ.jpg
0842385630;Yes!;Ann Kiemel;1984;Tyndale House Publishers;http://images.amazon.com/images/P/0842385630.01.THUMBZZZ.jpg;http://images.amazon.com/images/P/0842385630.01.MZZZZZZZ.jpg;http://images.amazon.com/images/P/0842385630.01.LZZZZZZZ.jpg
0802711774;Young Art and Old Hector: A Novel;Neil Gunn;1991;Walker & Company;http://images.amazon.com/images/P/0802711774.01.THUMBZZZ.jpg;http://images.amazon.com/images/P/0802711774.01.MZZZZZZZ.jpg;http://images.amazon.com/images/P/0802711774.01.LZZZZZZZ.jpg
0812913248;You Could Look It Up: More on Language;William Safire;1988;Random House Inc;http://images.amazon.com/images/P/0812913248.01.THUMBZZZ.jpg;http://images.amazon.com/images/P/0812913248.01.MZZZZZZZ.jpg;http://images.amazon.com/images/P/0812913248.01.LZZZZZZZ.jpg
1555611540;Your Pregnancy: Every Woman's Guide;Glade B. Curtis;1999;Perseus Publishing;http://images.amazon.com/images/P/1555611540.01.THUMBZZZ.jpg;http://images.amazon.com/images/P/1555611540.01.MZZZZZZZ.jpg;http://images.amazon.com/images/P/1555611540.01.LZZZZZZZ.jpg
0972553606;Your Life As Art;Robert Fritz;2002;Newfane Press;http://images.amazon.com/images/P/0972553606.01.THUMBZZZ.jpg;http://images.amazon.com/images/P/0972553606.01.MZZZZZZZ.jpg;http://images.amazon.com/images/P/0972553606.01.LZZZZZZZ.jpg
0380976552;You Only Die Twice (Britt Montero Mysteries);Edna Buchanan;2001;William Morrow & Company;http://images.amazon.com/images/P/0380976552.01.THUMBZZZ.jpg;http://images.amazon.com/images/P/0380976552.01.MZZZZZZZ.jpg;http://images.amazon.com/images/P/0380976552.01.LZZZZZZZ.jpg
0441940005;Yarrow: An Autumn Tale;Charles De Lint;1989;Ace Books;http://images.amazon.com/images/P/0441940005.01.THUMBZZZ.jpg;http://images.amazon.com/images/P/0441940005.01.MZZZZZZZ.jpg;http://images.amazon.com/images/P/0441940005.01.LZZZZZZZ.jpg
0440412919;Young Guinevere;Robert D. San Souci;1996;Yearling Books;http://images.amazon.com/images/P/0440412919.01.THUMBZZZ.jpg;http://images.amazon.com/images/P/0440412919.01.MZZZZZZZ.jpg;http://images.amazon.com/images/P/0440412919.01.LZZZZZZZ.jpg
0380795930;Young Kennedys: The New Generations;Jay David Andrews;1998;Avon Books;http://images.amazon.com/images/P/0380795930.01.THUMBZZZ.jpg;http://images.amazon.com/images/P/0380795930.01.MZZZZZZZ.jpg;http://images.amazon.com/images/P/0380795930.01.LZZZZZZZ.jpg
0743406117;Year Zero;Jeff Long;2002;Atria;http://images.amazon.com/images/P/0743406117.01.THUMBZZZ.jpg;http://images.amazon.com/images/P/0743406117.01.MZZZZZZZ.jpg;http://images.amazon.com/images/P/0743406117.01.LZZZZZZZ.jpg
0451411528;You Slay Me;Katie Macalister;2004;Onyx Books;http://images.amazon.com/images/P/0451411528.01.THUMBZZZ.jpg;http://images.amazon.com/images/P/0451411528.01.MZZZZZZZ.jpg;http://images.amazon.com/images/P/0451411528.01.LZZZZZZZ.jpg
0195160428;Your Money or Your Life: Strong Medicine for America's Health Care System;David M. Cutler;2003;Oxford University Press;http://images.amazon.com/images/P/0195160428.01.THUMBZZZ.jpg;http://images.amazon.com/images/P/0195160428.01.MZZZZZZZ.jpg;http://images.amazon.com/images/P/0195160428.01.LZZZZZZZ.jpg
0380975297;Yankee Doodle Dead: A Death on Demand Mystery (Hart, Carolyn G. Death on Demand.);Carolyn G. Hart;1998;William Morrow & Company;http://images.amazon.com/images/P/0380975297.01.THUMBZZZ.jpg;http://images.amazon.com/images/P/0380975297.01.MZZZZZZZ.jpg;http://images.amazon.com/images/P/0380975297.01.LZZZZZZZ.jpg
0786253339;Year Zero;Brian Stableford;2003;Five Star (ME);http://images.amazon.com/images/P/0786253339.01.THUMBZZZ.jpg;http://images.amazon.com/images/P/0786253339.01.MZZZZZZZ.jpg;http://images.amazon.com/images/P/0786253339.01.LZZZZZZZ.jpg
0786243082;Yesterday's Enemies (Five Star First Edition Women's Fiction Series);Erika M. Feiner;2003;Five Star (ME);http://images.amazon.com/images/P/0786243082.01.THUMBZZZ.jpg;http://images.amazon.com/images/P/0786243082.01.MZZZZZZZ.jpg;http://images.amazon.com/images/P/0786243082.01.LZZZZZZZ.jpg
0966216105;Your Wife Is Not Your Momma: How You Can Have Heaven in Your Home;Boone Wellington;1997;Provision Pubns;http://images.amazon.com/images/P/0966216105.01.THUMBZZZ.jpg;http://images.amazon.com/images/P/0966216105.01.MZZZZZZZ.jpg;http://images.amazon.com/images/P/0966216105.01.LZZZZZZZ.jpg
0866220674;Your First Hamster (Your First Series);Peter Smith;1991;TFH Publications;http://images.amazon.com/images/P/0866220674.01.THUMBZZZ.jpg;http://images.amazon.com/images/P/0866220674.01.MZZZZZZZ.jpg;http://images.amazon.com/images/P/0866220674.01.LZZZZZZZ.jpg
068486424x;YESTERDAY, I CRIED : Celebrating the Lessons of Living and Loving;Iyanla Vanzant;1999;Simon & Schuster;http://images.amazon.com/images/P/068486424X.01.THUMBZZZ.jpg;http://images.amazon.com/images/P/068486424X.01.MZZZZZZZ.jpg;http://images.amazon.com/images/P/068486424X.01.LZZZZZZZ.jpg
0385040202;Your Child's Self-Esteem;Dorothy Corkille Briggs;1975;Main Street Books;http://images.amazon.com/images/P/0385040202.01.THUMBZZZ.jpg;http://images.amazon.com/images/P/0385040202.01.MZZZZZZZ.jpg;http://images.amazon.com/images/P/0385040202.01.LZZZZZZZ.jpg
0671643924;YR INNR CHILD PAST;W. Hugh Missildine;1987;Pocket;http://images.amazon.com/images/P/0671643924.01.THUMBZZZ.jpg;http://images.amazon.com/images/P/0671643924.01.MZZZZZZZ.jpg;http://images.amazon.com/images/P/0671643924.01.LZZZZZZZ.jpg
082121523X;Yosemite and the Range of Light;Ansel Adams;1992;Little Brown & Co;http://images.amazon.com/images/P/082121523X.01.THUMBZZZ.jpg;http://images.amazon.com/images/P/082121523X.01.MZZZZZZZ.jpg;http://images.amazon.com/images/P/082121523X.01.LZZZZZZZ.jpg
0590451766;Yaxley's Cat;Robert Westall;1993;Scholastic;http://images.amazon.com/images/P/0590451766.01.THUMBZZZ.jpg;http://images.amazon.com/images/P/0590451766.01.MZZZZZZZ.jpg;http://images.amazon.com/images/P/0590451766.01.LZZZZZZZ.jpg
0899093795;Yankee Magazine's Vinegar, Duct Tape, Milk Jugs & More;Earl Proulx;1999;Yankee Books;http://images.amazon.com/images/P/0899093795.01.THUMBZZZ.jpg;http://images.amazon.com/images/P/0899093795.01.MZZZZZZZ.jpg;http://images.amazon.com/images/P/0899093795.01.LZZZZZZZ.jpg
0688080405;You'll See It When You Believe It;Wayne W. Dyer;1989;Harpercollins;http://images.amazon.com/images/P/0688080405.01.THUMBZZZ.jpg;http://images.amazon.com/images/P/0688080405.01.MZZZZZZZ.jpg;http://images.amazon.com/images/P/0688080405.01.LZZZZZZZ.jpg
0743229231;Your Child: Bully or Victim? Understanding and Ending Schoolyard Tyranny;Peter Sheras;2002;Fireside;http://images.amazon.com/images/P/0743229231.01.THUMBZZZ.jpg;http://images.amazon.com/images/P/0743229231.01.MZZZZZZZ.jpg;http://images.amazon.com/images/P/0743229231.01.LZZZZZZZ.jpg
0825625777;You Can Play Piano (Book & Cassette);Amy Appleby;1990;Music Sales Corporation;http://images.amazon.com/images/P/0825625777.01.THUMBZZZ.jpg;http://images.amazon.com/images/P/0825625777.01.MZZZZZZZ.jpg;http://images.amazon.com/images/P/0825625777.01.LZZZZZZZ.jpg
0825625785;You Can Read Music;Amy Appleby;1990;Beekman Pub;http://images.amazon.com/images/P/0825625785.01.THUMBZZZ.jpg;http://images.amazon.com/images/P/0825625785.01.MZZZZZZZ.jpg;http://images.amazon.com/images/P/0825625785.01.LZZZZZZZ.jpg
0876044038;Yoga, Youth, & Reincarnation;Jess Stearn;1997;A.R.E. Press (Association of Research & Enlig;http://images.amazon.com/images/P/0876044038.01.THUMBZZZ.jpg;http://images.amazon.com/images/P/0876044038.01.MZZZZZZZ.jpg;http://images.amazon.com/images/P/0876044038.01.LZZZZZZZ.jpg
0142001171;Year of the Fires: The Story of the Great Fires of 1910;Stephen J. Pyne;2002;Penguin Books;http://images.amazon.com/images/P/0142001171.01.THUMBZZZ.jpg;http://images.amazon.com/images/P/0142001171.01.MZZZZZZZ.jpg;http://images.amazon.com/images/P/0142001171.01.LZZZZZZZ.jpg
0743436164;Young Miles;Lois Bujold;2003;Baen Books;http://images.amazon.com/images/P/0743436164.01.THUMBZZZ.jpg;http://images.amazon.com/images/P/0743436164.01.MZZZZZZZ.jpg;http://images.amazon.com/images/P/0743436164.01.LZZZZZZZ.jpg
1401352030;Yellow Dog;Martin Amis;2003;Miramax;http://images.amazon.com/images/P/1401352030.01.THUMBZZZ.jpg;http://images.amazon.com/images/P/1401352030.01.MZZZZZZZ.jpg;http://images.amazon.com/images/P/1401352030.01.LZZZZZZZ.jpg
0006374085;Yamani: The Inside Story;Jeffrey Robinson;1989;HarperCollins Publishers;http://images.amazon.com/images/P/0006374085.01.THUMBZZZ.jpg;http://images.amazon.com/images/P/0006374085.01.MZZZZZZZ.jpg;http://images.amazon.com/images/P/0006374085.01.LZZZZZZZ.jpg
0373264224;Yellow Lies (Worldwide Library Mysteries);Susan Slater;2002;Worldwide Library;http://images.amazon.com/images/P/0373264224.01.THUMBZZZ.jpg;http://images.amazon.com/images/P/0373264224.01.MZZZZZZZ.jpg;http://images.amazon.com/images/P/0373264224.01.LZZZZZZZ.jpg
0142003271;You Only Live Twice: A James Bond Novel;Ian Fleming;2003;Penguin Books;http://images.amazon.com/images/P/0142003271.01.THUMBZZZ.jpg;http://images.amazon.com/images/P/0142003271.01.MZZZZZZZ.jpg;http://images.amazon.com/images/P/0142003271.01.LZZZZZZZ.jpg
1587761122;Yesterday's Dreams;Danielle Ackley-McPhail;2001;Vivisphere Pub;http://images.amazon.com/images/P/1587761122.01.THUMBZZZ.jpg;http://images.amazon.com/images/P/1587761122.01.MZZZZZZZ.jpg;http://images.amazon.com/images/P/1587761122.01.LZZZZZZZ.jpg
0811808076;Yanomami: Masters of the Spirit World (Little Wisdom Library/Tribal Wisdom);Paul Henley;1995;Chronicle Books Llc;http://images.amazon.com/images/P/0811808076.01.THUMBZZZ.jpg;http://images.amazon.com/images/P/0811808076.01.MZZZZZZZ.jpg;http://images.amazon.com/images/P/0811808076.01.LZZZZZZZ.jpg
0822212870;You Can't Take it With You.;Moss Hart;1998;Dramatists Play Service Inc;http://images.amazon.com/images/P/0822212870.01.THUMBZZZ.jpg;http://images.amazon.com/images/P/0822212870.01.MZZZZZZZ.jpg;http://images.amazon.com/images/P/0822212870.01.LZZZZZZZ.jpg
0895656973;Yes, No, Little Hippo (Magic Castle Readers Health and Safety);Jane Belk Moncure;1988;Child's World;http://images.amazon.com/images/P/0895656973.01.THUMBZZZ.jpg;http://images.amazon.com/images/P/0895656973.01.MZZZZZZZ.jpg;http://images.amazon.com/images/P/0895656973.01.LZZZZZZZ.jpg
0394800877;Yertle the Turtle;Dr Seuss;1958;Random House Children's Books;http://images.amazon.com/images/P/0394800877.01.THUMBZZZ.jpg;http://images.amazon.com/images/P/0394800877.01.MZZZZZZZ.jpg;http://images.amazon.com/images/P/0394800877.01.LZZZZZZZ.jpg
0875969941;Your Backyard Herb Garden : A Gardener's Guide to Growing Over 50 Herbs Plus How to Use Them in Cooking, Crafts, Companion Planting and More;Miranda Smith;1999;Rodale Books;http://images.amazon.com/images/P/0875969941.01.THUMBZZZ.jpg;http://images.amazon.com/images/P/0875969941.01.MZZZZZZZ.jpg;http://images.amazon.com/images/P/0875969941.01.LZZZZZZZ.jpg
007036205X;Young Pioneers;Rose Wilder Lane;1976;McGraw-Hill;http://images.amazon.com/images/P/007036205X.01.THUMBZZZ.jpg;http://images.amazon.com/images/P/007036205X.01.MZZZZZZZ.jpg;http://images.amazon.com/images/P/007036205X.01.LZZZZZZZ.jpg
0375422145;Yoga for People Who Can't Be Bothered to Do It;Geoff Dyer;2003;Pantheon Books;http://images.amazon.com/images/P/0375422145.01.THUMBZZZ.jpg;http://images.amazon.com/images/P/0375422145.01.MZZZZZZZ.jpg;http://images.amazon.com/images/P/0375422145.01.LZZZZZZZ.jpg
006050224X;Yoganetics : Be Fit, Healthy, and Relaxed One Breath at a Time;Wyatt Townley;2002;HarperSanFrancisco;http://images.amazon.com/images/P/006050224X.01.THUMBZZZ.jpg;http://images.amazon.com/images/P/006050224X.01.MZZZZZZZ.jpg;http://images.amazon.com/images/P/006050224X.01.LZZZZZZZ.jpg
1557042128;You've Earned It, Don't Lose It : Mistakes You Can't Afford to Make When You Retire;Suze Orman;1994;Newmarket Press;http://images.amazon.com/images/P/1557042128.01.THUMBZZZ.jpg;http://images.amazon.com/images/P/1557042128.01.MZZZZZZZ.jpg;http://images.amazon.com/images/P/1557042128.01.LZZZZZZZ.jpg
0590457276;You Be the Jury (You Be the Jury);Marvin Miller;1992;Scholastic;http://images.amazon.com/images/P/0590457276.01.THUMBZZZ.jpg;http://images.amazon.com/images/P/0590457276.01.MZZZZZZZ.jpg;http://images.amazon.com/images/P/0590457276.01.LZZZZZZZ.jpg
0375700005;Your Baby and Child : From Birth to Age Five (Revised Edition);PENELOPE LEACH;1997;Knopf;http://images.amazon.com/images/P/0375700005.01.THUMBZZZ.jpg;http://images.amazon.com/images/P/0375700005.01.MZZZZZZZ.jpg;http://images.amazon.com/images/P/0375700005.01.LZZZZZZZ.jpg
0789404737;Young Tennis Player;Arantxa Sanchez Vicario;1996;Dorling Kindersley;http://images.amazon.com/images/P/0789404737.01.THUMBZZZ.jpg;http://images.amazon.com/images/P/0789404737.01.MZZZZZZZ.jpg;http://images.amazon.com/images/P/0789404737.01.LZZZZZZZ.jpg
0671671820;YOU CAN TRAIN YOUR CAT;Paul Loeb;1989;Pocket;http://images.amazon.com/images/P/0671671820.01.THUMBZZZ.jpg;http://images.amazon.com/images/P/0671671820.01.MZZZZZZZ.jpg;http://images.amazon.com/images/P/0671671820.01.LZZZZZZZ.jpg
0761302360;Yo, Millard Fillmore! (And All Those Other Presidents You Don't Know);Will Cleveland;1997;Millbrook Press;http://images.amazon.com/images/P/0761302360.01.THUMBZZZ.jpg;http://images.amazon.com/images/P/0761302360.01.MZZZZZZZ.jpg;http://images.amazon.com/images/P/0761302360.01.LZZZZZZZ.jpg
0934829675;"Your first interview: Everything you need to know to \Ace\"" the interview process and get your first job""";Ronald W Fry;1991;Career Press;http://images.amazon.com/images/P/0934829675.01.THUMBZZZ.jpg;http://images.amazon.com/images/P/0934829675.01.MZZZZZZZ.jpg;http://images.amazon.com/images/P/0934829675.01.LZZZZZZZ.jpg
1570361843;Yogi Bear: Yummy in My Tummy : A Pull-N-Peek Counting Book (Hanna-Barbera Cartoon Classics,);Leslie McGuire;1995;Andrews McMeel Pub;http://images.amazon.com/images/P/1570361843.01.THUMBZZZ.jpg;http://images.amazon.com/images/P/1570361843.01.MZZZZZZZ.jpg;http://images.amazon.com/images/P/1570361843.01.LZZZZZZZ.jpg
0582313309;"York Notes for GCSE: \Catcher in the Rye\"" (York Notes for GCSE)""";Nigel Tookey;1997;Pearson York Notes;http://images.amazon.com/images/P/0582313309.01.THUMBZZZ.jpg;http://images.amazon.com/images/P/0582313309.01.MZZZZZZZ.jpg;http://images.amazon.com/images/P/0582313309.01.LZZZZZZZ.jpg
0582022606;"York Notes on \Death of a Salesman\"" by Arthur Miller (York Notes)""";A.N. Jeffares;1988;Pearson York Notes;http://images.amazon.com/images/P/0582022606.01.THUMBZZZ.jpg;http://images.amazon.com/images/P/0582022606.01.MZZZZZZZ.jpg;http://images.amazon.com/images/P/0582022606.01.LZZZZZZZ.jpg
0582782244;"York Notes on \The Old Man and the Sea\"" by Ernest Hemingway (York Notes)""";A.N. Jeffares;1980;Pearson York Notes;http://images.amazon.com/images/P/0582782244.01.THUMBZZZ.jpg;http://images.amazon.com/images/P/0582782244.01.MZZZZZZZ.jpg;http://images.amazon.com/images/P/0582782244.01.LZZZZZZZ.jpg
0582781302;"York Notes on \The Grapes of Wrath\"" by John Steinbeck (York Notes)""";A.N. Jeffares;1980;Pearson York Notes;http://images.amazon.com/images/P/0582781302.01.THUMBZZZ.jpg;http://images.amazon.com/images/P/0582781302.01.MZZZZZZZ.jpg;http://images.amazon.com/images/P/0582781302.01.LZZZZZZZ.jpg
0582314518;"York Notes for GCSE: \Of Mice and Men\"" (York Notes for GCSE)""";Martin Stephen;1997;Pearson York Notes;http://images.amazon.com/images/P/0582314518.01.THUMBZZZ.jpg;http://images.amazon.com/images/P/0582314518.01.MZZZZZZZ.jpg;http://images.amazon.com/images/P/0582314518.01.LZZZZZZZ.jpg
0582039657;"York Notes on \The Glass Menagerie\"" by Tennessee Williams (York Notes)""";A.N. Jeffares;1988;Pearson York Notes;http://images.amazon.com/images/P/0582039657.01.THUMBZZZ.jpg;http://images.amazon.com/images/P/0582039657.01.MZZZZZZZ.jpg;http://images.amazon.com/images/P/0582039657.01.LZZZZZZZ.jpg
0582782856;York Notes on the Sonnets of William Shakespeare (York Notes);G. Ridden;1982;Pearson York Notes;http://images.amazon.com/images/P/0582782856.01.THUMBZZZ.jpg;http://images.amazon.com/images/P/0582782856.01.MZZZZZZZ.jpg;http://images.amazon.com/images/P/0582782856.01.LZZZZZZZ.jpg
0316740845;You Are Here: A Memoir of Arrival;Wesley Gibson;2004;Back Bay Books;http://images.amazon.com/images/P/0316740845.01.THUMBZZZ.jpg;http://images.amazon.com/images/P/0316740845.01.MZZZZZZZ.jpg;http://images.amazon.com/images/P/0316740845.01.LZZZZZZZ.jpg
8420646172;Yerma;Federico Garcia Lorca;1996;Alianza;http://images.amazon.com/images/P/8420646172.01.THUMBZZZ.jpg;http://images.amazon.com/images/P/8420646172.01.MZZZZZZZ.jpg;http://images.amazon.com/images/P/8420646172.01.LZZZZZZZ.jpg
0843943645;Yellowstone Kelly;Will Henry;1998;Leisure Books;http://images.amazon.com/images/P/0843943645.01.THUMBZZZ.jpg;http://images.amazon.com/images/P/0843943645.01.MZZZZZZZ.jpg;http://images.amazon.com/images/P/0843943645.01.LZZZZZZZ.jpg
059045725X;You Be the Jury: Courtroom II (You Be the Jury);Marvin Miller;1992;Scholastic;http://images.amazon.com/images/P/059045725X.01.THUMBZZZ.jpg;http://images.amazon.com/images/P/059045725X.01.MZZZZZZZ.jpg;http://images.amazon.com/images/P/059045725X.01.LZZZZZZZ.jpg
0451118170;Year of the Dragon;Robert Daley;0;Penguin Putnam~mass;http://images.amazon.com/images/P/0451118170.01.THUMBZZZ.jpg;http://images.amazon.com/images/P/0451118170.01.MZZZZZZZ.jpg;http://images.amazon.com/images/P/0451118170.01.LZZZZZZZ.jpg
0590205579;Yo! Yes? (Caldecott Honor Books);Chris Raschka;1993;Scholastic;http://images.amazon.com/images/P/0590205579.01.THUMBZZZ.jpg;http://images.amazon.com/images/P/0590205579.01.MZZZZZZZ.jpg;http://images.amazon.com/images/P/0590205579.01.LZZZZZZZ.jpg
0373098073;Your Child, My Child (Silhouette Special Edition No. 9807);Jennifer Mikels;1993;Silhouette;http://images.amazon.com/images/P/0373098073.01.THUMBZZZ.jpg;http://images.amazon.com/images/P/0373098073.01.MZZZZZZZ.jpg;http://images.amazon.com/images/P/0373098073.01.LZZZZZZZ.jpg
0448412969;You're My Friend (The Puzzle Place Kids Series);Ken Skalski;1996;Grosset & Dunlap;http://images.amazon.com/images/P/0448412969.01.THUMBZZZ.jpg;http://images.amazon.com/images/P/0448412969.01.MZZZZZZZ.jpg;http://images.amazon.com/images/P/0448412969.01.LZZZZZZZ.jpg
0340211261;You must be joking: Popular excuses for avoiding Jesus Christ;Michael Green;1976;Hodder and Stoughton;http://images.amazon.com/images/P/0340211261.01.THUMBZZZ.jpg;http://images.amazon.com/images/P/0340211261.01.MZZZZZZZ.jpg;http://images.amazon.com/images/P/0340211261.01.LZZZZZZZ.jpg
084998114X;You're All Right;Joy Wilt;1978;Thomas Nelson Inc;http://images.amazon.com/images/P/084998114X.01.THUMBZZZ.jpg;http://images.amazon.com/images/P/084998114X.01.MZZZZZZZ.jpg;http://images.amazon.com/images/P/084998114X.01.LZZZZZZZ.jpg
1575421135;You're Smarter Than You Think: A Kid's Guide to Multiple Intelligences;Thomas, Ph.D. Armstrong;2002;Free Spirit Publishing;http://images.amazon.com/images/P/1575421135.01.THUMBZZZ.jpg;http://images.amazon.com/images/P/1575421135.01.MZZZZZZZ.jpg;http://images.amazon.com/images/P/1575421135.01.LZZZZZZZ.jpg
0609800116;Your Heart's Desire: Instructions for Creating the Life You Really Want;Sonia Choquette;1997;Three Rivers Press (CA);http://images.amazon.com/images/P/0609800116.01.THUMBZZZ.jpg;http://images.amazon.com/images/P/0609800116.01.MZZZZZZZ.jpg;http://images.amazon.com/images/P/0609800116.01.LZZZZZZZ.jpg
0440550653;Your Seven Year Old;Louise Bates Ames;1987;Delacorte Press;http://images.amazon.com/images/P/0440550653.01.THUMBZZZ.jpg;http://images.amazon.com/images/P/0440550653.01.MZZZZZZZ.jpg;http://images.amazon.com/images/P/0440550653.01.LZZZZZZZ.jpg
0871662620;You Can Teach Yourself Guitar;William Bay;1989;Bayside Press;http://images.amazon.com/images/P/0871662620.01.THUMBZZZ.jpg;http://images.amazon.com/images/P/0871662620.01.MZZZZZZZ.jpg;http://images.amazon.com/images/P/0871662620.01.LZZZZZZZ.jpg
1564559246;Yoga Chant: Opening the Heart Center Through Chanting & Flow Yoga;Shiva Rea;2002;Sounds True;http://images.amazon.com/images/P/1564559246.01.THUMBZZZ.jpg;http://images.amazon.com/images/P/1564559246.01.MZZZZZZZ.jpg;http://images.amazon.com/images/P/1564559246.01.LZZZZZZZ.jpg
1932100245;Yaleen;Ian Watson;2004;Benbella Books;http://images.amazon.com/images/P/1932100245.01.THUMBZZZ.jpg;http://images.amazon.com/images/P/1932100245.01.MZZZZZZZ.jpg;http://images.amazon.com/images/P/1932100245.01.LZZZZZZZ.jpg
0821742884;Yankee Angel (Lovegram Historical Romance);Lauren Wilde;1993;Zebra Books;http://images.amazon.com/images/P/0821742884.01.THUMBZZZ.jpg;http://images.amazon.com/images/P/0821742884.01.MZZZZZZZ.jpg;http://images.amazon.com/images/P/0821742884.01.LZZZZZZZ.jpg
0515078859;Yellow Rose;Shana Carrol;1984;Jove Books;http://images.amazon.com/images/P/0515078859.01.THUMBZZZ.jpg;http://images.amazon.com/images/P/0515078859.01.MZZZZZZZ.jpg;http://images.amazon.com/images/P/0515078859.01.LZZZZZZZ.jpg
0061082740;Young Man's Darling;Lee Scofield;1995;Harper Mass Market Paperbacks (Mm);http://images.amazon.com/images/P/0061082740.01.THUMBZZZ.jpg;http://images.amazon.com/images/P/0061082740.01.MZZZZZZZ.jpg;http://images.amazon.com/images/P/0061082740.01.LZZZZZZZ.jpg
046500640X;Yellow: Race in America Beyond Black and White;Frank H. Wu;2003;Basic Books;http://images.amazon.com/images/P/046500640X.01.THUMBZZZ.jpg;http://images.amazon.com/images/P/046500640X.01.MZZZZZZZ.jpg;http://images.amazon.com/images/P/046500640X.01.LZZZZZZZ.jpg
0688152767;You Own the Power: Stories and Exercises to Inspire and Unleash the Force Within;Rosemary Altea;2000;Eagle Brook;http://images.amazon.com/images/P/0688152767.01.THUMBZZZ.jpg;http://images.amazon.com/images/P/0688152767.01.MZZZZZZZ.jpg;http://images.amazon.com/images/P/0688152767.01.LZZZZZZZ.jpg
0590880071;You're Invited to Mary-Kate and Ashley's Sleepover Party (Mary-Kate & Ashley Olsen Series);Ann Ellis;1996;Scholastic;http://images.amazon.com/images/P/0590880071.01.THUMBZZZ.jpg;http://images.amazon.com/images/P/0590880071.01.MZZZZZZZ.jpg;http://images.amazon.com/images/P/0590880071.01.LZZZZZZZ.jpg
1569551944;Your One-Stop Guide to Mary (Your One-Stop Guides);Mitch Finley;2000;Charis Books;http://images.amazon.com/images/P/1569551944.01.THUMBZZZ.jpg;http://images.amazon.com/images/P/1569551944.01.MZZZZZZZ.jpg;http://images.amazon.com/images/P/1569551944.01.LZZZZZZZ.jpg
0394514785;Yesterday's streets;Silvia Tennenbaum;1981;Random House;http://images.amazon.com/images/P/0394514785.01.THUMBZZZ.jpg;http://images.amazon.com/images/P/0394514785.01.MZZZZZZZ.jpg;http://images.amazon.com/images/P/0394514785.01.LZZZZZZZ.jpg
0525440860;Your Former Friend, Matthew;Louann Bigge Gaeddert;1984;Penguin USA;http://images.amazon.com/images/P/0525440860.01.THUMBZZZ.jpg;http://images.amazon.com/images/P/0525440860.01.MZZZZZZZ.jpg;http://images.amazon.com/images/P/0525440860.01.LZZZZZZZ.jpg
0385297599;YOUR EIGHT YEAR OLD;LOUISE BATES AMES;1990;Delta;http://images.amazon.com/images/P/0385297599.01.THUMBZZZ.jpg;http://images.amazon.com/images/P/0385297599.01.MZZZZZZZ.jpg;http://images.amazon.com/images/P/0385297599.01.LZZZZZZZ.jpg
0806616989;You Can Help With Your Healing: A Guide for Recovering Wholeness in Body, Mind, and Spirit;Vernon J. Bittner;1979;Augsburg Fortress Pub;http://images.amazon.com/images/P/0806616989.01.THUMBZZZ.jpg;http://images.amazon.com/images/P/0806616989.01.MZZZZZZZ.jpg;http://images.amazon.com/images/P/0806616989.01.LZZZZZZZ.jpg
0671436082;Yesterday's Dreams;Rita Clay;1982;Pocket Books (Mm);http://images.amazon.com/images/P/0671436082.01.THUMBZZZ.jpg;http://images.amazon.com/images/P/0671436082.01.MZZZZZZZ.jpg;http://images.amazon.com/images/P/0671436082.01.LZZZZZZZ.jpg
039585783X;You Can Call Me Worm;Dan Haas;1997;Houghton Mifflin Co;http://images.amazon.com/images/P/039585783X.01.THUMBZZZ.jpg;http://images.amazon.com/images/P/039585783X.01.MZZZZZZZ.jpg;http://images.amazon.com/images/P/039585783X.01.LZZZZZZZ.jpg
0374387788;Young Unicorns;Madeleine L'Engle;1968;Farrar Straus Giroux;http://images.amazon.com/images/P/0374387788.01.THUMBZZZ.jpg;http://images.amazon.com/images/P/0374387788.01.MZZZZZZZ.jpg;http://images.amazon.com/images/P/0374387788.01.LZZZZZZZ.jpg
0582314038;"York Notes for GCSE: \Lord of the Flies\"" (York Notes for GCSE)""";S.W. Foster;1997;Pearson York Notes;http://images.amazon.com/images/P/0582314038.01.THUMBZZZ.jpg;http://images.amazon.com/images/P/0582314038.01.MZZZZZZZ.jpg;http://images.amazon.com/images/P/0582314038.01.LZZZZZZZ.jpg
0743241738;Young Men on Fire: A Novel;Howard Hunt;2003;Scribner;http://images.amazon.com/images/P/0743241738.01.THUMBZZZ.jpg;http://images.amazon.com/images/P/0743241738.01.MZZZZZZZ.jpg;http://images.amazon.com/images/P/0743241738.01.LZZZZZZZ.jpg
0618139303;Y: The Descent of Men;Steve Jones;2003;Houghton Mifflin Company;http://images.amazon.com/images/P/0618139303.01.THUMBZZZ.jpg;http://images.amazon.com/images/P/0618139303.01.MZZZZZZZ.jpg;http://images.amazon.com/images/P/0618139303.01.LZZZZZZZ.jpg
0373078277;Yuletide Bride (Silhouette Intimate Moments, No 827);Rebecca Daniels;1997;Silhouette;http://images.amazon.com/images/P/0373078277.01.THUMBZZZ.jpg;http://images.amazon.com/images/P/0373078277.01.MZZZZZZZ.jpg;http://images.amazon.com/images/P/0373078277.01.LZZZZZZZ.jpg
0679811818;Young Indiana Jones and the Curse of the Ruby Cross (Young Indiana Jones, Book 8);William McCay;1991;Random House Children's Books;http://images.amazon.com/images/P/0679811818.01.THUMBZZZ.jpg;http://images.amazon.com/images/P/0679811818.01.MZZZZZZZ.jpg;http://images.amazon.com/images/P/0679811818.01.LZZZZZZZ.jpg
0689821727;YOLANDAS GENIUS;Carol Fenner;1998;Aladdin;http://images.amazon.com/images/P/0689821727.01.THUMBZZZ.jpg;http://images.amazon.com/images/P/0689821727.01.MZZZZZZZ.jpg;http://images.amazon.com/images/P/0689821727.01.LZZZZZZZ.jpg
0385013930;You Can't Eat Peanuts in Church and Other Little-Known Laws;Barbara Seuling;1975;Random House Childrens Books;http://images.amazon.com/images/P/0385013930.01.THUMBZZZ.jpg;http://images.amazon.com/images/P/0385013930.01.MZZZZZZZ.jpg;http://images.amazon.com/images/P/0385013930.01.LZZZZZZZ.jpg
0671784617;YOU GOTTA PLAY HURT : YOU GOTTA PLAY HURT;Dan Jenkins;1993;Pocket;http://images.amazon.com/images/P/0671784617.01.THUMBZZZ.jpg;http://images.amazon.com/images/P/0671784617.01.MZZZZZZZ.jpg;http://images.amazon.com/images/P/0671784617.01.LZZZZZZZ.jpg
1853753378;Yet More Wit;Des MacHale;1999;Prion Books Ltd (formerly Multimedia Books Ltd);http://images.amazon.com/images/P/1853753378.01.THUMBZZZ.jpg;http://images.amazon.com/images/P/1853753378.01.MZZZZZZZ.jpg;http://images.amazon.com/images/P/1853753378.01.LZZZZZZZ.jpg
0030623286;Yanomamo: The Fierce People (Case Studies in Cultural Anthropology);Napoleon A. Chagnon;1984;Holt Rinehart and Winston;http://images.amazon.com/images/P/0030623286.01.THUMBZZZ.jpg;http://images.amazon.com/images/P/0030623286.01.MZZZZZZZ.jpg;http://images.amazon.com/images/P/0030623286.01.LZZZZZZZ.jpg
0061084166;You Belong to My Heart (Harper Monogram);Nan Ryan;1996;Harper Mass Market Paperbacks (Mm);http://images.amazon.com/images/P/0061084166.01.THUMBZZZ.jpg;http://images.amazon.com/images/P/0061084166.01.MZZZZZZZ.jpg;http://images.amazon.com/images/P/0061084166.01.LZZZZZZZ.jpg
1558741038;You Can't Quit 'til You Know What's Eating You;Donna LeBlanc;1990;Health Communications;http://images.amazon.com/images/P/1558741038.01.THUMBZZZ.jpg;http://images.amazon.com/images/P/1558741038.01.MZZZZZZZ.jpg;http://images.amazon.com/images/P/1558741038.01.LZZZZZZZ.jpg
0440087597;You Are the Rain;R. Rozanne Knudson;1974;Random House Childrens Books;http://images.amazon.com/images/P/0440087597.01.THUMBZZZ.jpg;http://images.amazon.com/images/P/0440087597.01.MZZZZZZZ.jpg;http://images.amazon.com/images/P/0440087597.01.LZZZZZZZ.jpg
0553279130;You Are a Superstar (Choose Your Own Adventure, No, 91);Edward Packard;1989;Skylark Books;http://images.amazon.com/images/P/0553279130.01.THUMBZZZ.jpg;http://images.amazon.com/images/P/0553279130.01.MZZZZZZZ.jpg;http://images.amazon.com/images/P/0553279130.01.LZZZZZZZ.jpg
0345378032;You Can't Put No Boogie-Woogie on the King of Rock and Roll;LEWIS GRIZZARD;1992;Ballantine Books;http://images.amazon.com/images/P/0345378032.01.THUMBZZZ.jpg;http://images.amazon.com/images/P/0345378032.01.MZZZZZZZ.jpg;http://images.amazon.com/images/P/0345378032.01.LZZZZZZZ.jpg
0374295980;Your Name Here: Poems;John Ashbery;2000;Farrar Straus Giroux;http://images.amazon.com/images/P/0374295980.01.THUMBZZZ.jpg;http://images.amazon.com/images/P/0374295980.01.MZZZZZZZ.jpg;http://images.amazon.com/images/P/0374295980.01.LZZZZZZZ.jpg
1583940332;You Are a Spiritual Being Having a Human Experience;Bob Frissell;2000;Frog Ltd.;http://images.amazon.com/images/P/1583940332.01.THUMBZZZ.jpg;http://images.amazon.com/images/P/1583940332.01.MZZZZZZZ.jpg;http://images.amazon.com/images/P/1583940332.01.LZZZZZZZ.jpg
0811440796;You Don't Own Me (Moments in American History);Melissa Stone;1989;Steck-Vaughn Co;http://images.amazon.com/images/P/0811440796.01.THUMBZZZ.jpg;http://images.amazon.com/images/P/0811440796.01.MZZZZZZZ.jpg;http://images.amazon.com/images/P/0811440796.01.LZZZZZZZ.jpg
0792277260;Yonder : A Place in Montana;John Heminway;2001;National Geographic;http://images.amazon.com/images/P/0792277260.01.THUMBZZZ.jpg;http://images.amazon.com/images/P/0792277260.01.MZZZZZZZ.jpg;http://images.amazon.com/images/P/0792277260.01.LZZZZZZZ.jpg
0963266713;You Can't Steal Second With Your Foot on First: Choosing to Become Independent in a Job-Dependent World;Burke Hedges;1995;International Network Training Institute (INT;http://images.amazon.com/images/P/0963266713.01.THUMBZZZ.jpg;http://images.amazon.com/images/P/0963266713.01.MZZZZZZZ.jpg;http://images.amazon.com/images/P/0963266713.01.LZZZZZZZ.jpg
0590624296;Young Ghosts, Revised Edition;Daniel Cohen;1994;Scholastic;http://images.amazon.com/images/P/0590624296.01.THUMBZZZ.jpg;http://images.amazon.com/images/P/0590624296.01.MZZZZZZZ.jpg;http://images.amazon.com/images/P/0590624296.01.LZZZZZZZ.jpg
0446514624;Your Vitality Quotient: The Clinically Proven Program That Can Reduce Your Body Age - And Increase Your Zest for Life (Prepack Title Contains 008 Books);Richard Earle;1989;Warner Books;http://images.amazon.com/images/P/0446514624.01.THUMBZZZ.jpg;http://images.amazon.com/images/P/0446514624.01.MZZZZZZZ.jpg;http://images.amazon.com/images/P/0446514624.01.LZZZZZZZ.jpg
0523480288;Young Blood;Katina Alexis;1982;Pinnacle Books;http://images.amazon.com/images/P/0523480288.01.THUMBZZZ.jpg;http://images.amazon.com/images/P/0523480288.01.MZZZZZZZ.jpg;http://images.amazon.com/images/P/0523480288.01.LZZZZZZZ.jpg
039475249X;Your Baby, Your Way: Making Pregnancy Decisions and Birth Plans;Sheila Kitzinger;1987;Pantheon Books;http://images.amazon.com/images/P/039475249X.01.THUMBZZZ.jpg;http://images.amazon.com/images/P/039475249X.01.MZZZZZZZ.jpg;http://images.amazon.com/images/P/039475249X.01.LZZZZZZZ.jpg
0471535877;Your Premature Baby : Everything You Need to Know About the Childbirth, Treatment, and Parenting of Premature Infants;Frank P.  Manginello;1991;Wiley;http://images.amazon.com/images/P/0471535877.01.THUMBZZZ.jpg;http://images.amazon.com/images/P/0471535877.01.MZZZZZZZ.jpg;http://images.amazon.com/images/P/0471535877.01.LZZZZZZZ.jpg
1566910242;Yucatan Peninsula Handbook: The Gulf of Mexico to the Caribbean Sea (Moon Handbooks Yucatan Peninsula);Chicki Mallan;1994;Pub Group West;http://images.amazon.com/images/P/1566910242.01.THUMBZZZ.jpg;http://images.amazon.com/images/P/1566910242.01.MZZZZZZZ.jpg;http://images.amazon.com/images/P/1566910242.01.LZZZZZZZ.jpg
0744560497;You've Been Noodled!;Nick Warburton;1998;Walker Books;http://images.amazon.com/images/P/0744560497.01.THUMBZZZ.jpg;http://images.amazon.com/images/P/0744560497.01.MZZZZZZZ.jpg;http://images.amazon.com/images/P/0744560497.01.LZZZZZZZ.jpg
1559501197;You Are Going to Prison;Jim Hogshire;1994;Loompanics Unlimited;http://images.amazon.com/images/P/1559501197.01.THUMBZZZ.jpg;http://images.amazon.com/images/P/1559501197.01.MZZZZZZZ.jpg;http://images.amazon.com/images/P/1559501197.01.LZZZZZZZ.jpg
0871313499;Yellow Rain: A Journey Through the Terror of Chemical Warfare;Sterling Seagrave;1981;Natl Book Network;http://images.amazon.com/images/P/0871313499.01.THUMBZZZ.jpg;http://images.amazon.com/images/P/0871313499.01.MZZZZZZZ.jpg;http://images.amazon.com/images/P/0871313499.01.LZZZZZZZ.jpg
0373029632;Yesterday'S Enemy (Harlequin Romance, No 2963);Lee Stafford;1989;Harlequin;http://images.amazon.com/images/P/0373029632.01.THUMBZZZ.jpg;http://images.amazon.com/images/P/0373029632.01.MZZZZZZZ.jpg;http://images.amazon.com/images/P/0373029632.01.LZZZZZZZ.jpg
0373791402;Yours In Black Lace (Harlequin Blaze);Mia Zachary;2004;Harlequin;http://images.amazon.com/images/P/0373791402.01.THUMBZZZ.jpg;http://images.amazon.com/images/P/0373791402.01.MZZZZZZZ.jpg;http://images.amazon.com/images/P/0373791402.01.LZZZZZZZ.jpg
0883961849;You Mean So Much to Me;Susan Polis Schutz;1983;Blue Mountain Arts;http://images.amazon.com/images/P/0883961849.01.THUMBZZZ.jpg;http://images.amazon.com/images/P/0883961849.01.MZZZZZZZ.jpg;http://images.amazon.com/images/P/0883961849.01.LZZZZZZZ.jpg
0882669087;Your Pony, Your Horse: A Kid's Guide to Care and Enjoyment;Cherry Hill;1995;Storey Publishing;http://images.amazon.com/images/P/0882669087.01.THUMBZZZ.jpg;http://images.amazon.com/images/P/0882669087.01.MZZZZZZZ.jpg;http://images.amazon.com/images/P/0882669087.01.LZZZZZZZ.jpg
0806520949;Your Magickal Cat: Feline Magick, Lore, and Worship;Gerina Dunwich;2000;Citadel Press;http://images.amazon.com/images/P/0806520949.01.THUMBZZZ.jpg;http://images.amazon.com/images/P/0806520949.01.MZZZZZZZ.jpg;http://images.amazon.com/images/P/0806520949.01.LZZZZZZZ.jpg
0340823208;Your Money or Your Life;Alvin Hall;2003;Coronet Books;http://images.amazon.com/images/P/0340823208.01.THUMBZZZ.jpg;http://images.amazon.com/images/P/0340823208.01.MZZZZZZZ.jpg;http://images.amazon.com/images/P/0340823208.01.LZZZZZZZ.jpg
0064473783;You Don't Know Me;David Klass;2002;HarperTempest;http://images.amazon.com/images/P/0064473783.01.THUMBZZZ.jpg;http://images.amazon.com/images/P/0064473783.01.MZZZZZZZ.jpg;http://images.amazon.com/images/P/0064473783.01.LZZZZZZZ.jpg
0793829313;Your Outta Control Ferret;Bobbye Land;2003;TFH Publications;http://images.amazon.com/images/P/0793829313.01.THUMBZZZ.jpg;http://images.amazon.com/images/P/0793829313.01.MZZZZZZZ.jpg;http://images.amazon.com/images/P/0793829313.01.LZZZZZZZ.jpg
8466610774;Yo Me He Llevado Tu Queso;Robert Bristow;2003;Ediciones B;http://images.amazon.com/images/P/8466610774.01.THUMBZZZ.jpg;http://images.amazon.com/images/P/8466610774.01.MZZZZZZZ.jpg;http://images.amazon.com/images/P/8466610774.01.LZZZZZZZ.jpg
0679463143;You Get Past the Tears: A Memoir of Love and Survival;Patricia Broadbent;2002;Villard Books;http://images.amazon.com/images/P/0679463143.01.THUMBZZZ.jpg;http://images.amazon.com/images/P/0679463143.01.MZZZZZZZ.jpg;http://images.amazon.com/images/P/0679463143.01.LZZZZZZZ.jpg
0060803142;You Can't Go Home Again;Thomas Wolfe;1973;HarperCollins Publishers;http://images.amazon.com/images/P/0060803142.01.THUMBZZZ.jpg;http://images.amazon.com/images/P/0060803142.01.MZZZZZZZ.jpg;http://images.amazon.com/images/P/0060803142.01.LZZZZZZZ.jpg
0822516403;Youth Rebellion Movies (The Silver Screen);Marc Perlman;1993;Lerner Publications;http://images.amazon.com/images/P/0822516403.01.THUMBZZZ.jpg;http://images.amazon.com/images/P/0822516403.01.MZZZZZZZ.jpg;http://images.amazon.com/images/P/0822516403.01.LZZZZZZZ.jpg
1582342806;You Look Nice Today : A Novel;Stanley Bing;2003;Bloomsbury USA;http://images.amazon.com/images/P/1582342806.01.THUMBZZZ.jpg;http://images.amazon.com/images/P/1582342806.01.MZZZZZZZ.jpg;http://images.amazon.com/images/P/1582342806.01.LZZZZZZZ.jpg
0151998957;Yucatan;Andrea De Carlo;1990;Harcourt;http://images.amazon.com/images/P/0151998957.01.THUMBZZZ.jpg;http://images.amazon.com/images/P/0151998957.01.MZZZZZZZ.jpg;http://images.amazon.com/images/P/0151998957.01.LZZZZZZZ.jpg
0883964678;You're Just Like a Sister to Me: Poems Celebrating the Special Friendships That Women Share (Friendship);Patricia Wayant;1998;Blue Mountain Arts;http://images.amazon.com/images/P/0883964678.01.THUMBZZZ.jpg;http://images.amazon.com/images/P/0883964678.01.MZZZZZZZ.jpg;http://images.amazon.com/images/P/0883964678.01.LZZZZZZZ.jpg
0299170942;You're Not from Around Here, Are You: A Lesbian in Small-Town America (Living Out: Gay and Lesbian Autobiographies);Louise A. Blum;2001;University of Wisconsin Press;http://images.amazon.com/images/P/0299170942.01.THUMBZZZ.jpg;http://images.amazon.com/images/P/0299170942.01.MZZZZZZZ.jpg;http://images.amazon.com/images/P/0299170942.01.LZZZZZZZ.jpg
0590739107;You Be the Jury: Courtroom V;Marvin Miller;1996;Scholastic Paperbacks (Mm);http://images.amazon.com/images/P/0590739107.01.THUMBZZZ.jpg;http://images.amazon.com/images/P/0590739107.01.MZZZZZZZ.jpg;http://images.amazon.com/images/P/0590739107.01.LZZZZZZZ.jpg
0679740619;You and Your Pet Bird;DAVID ALDERTON;1992;Knopf;http://images.amazon.com/images/P/0679740619.01.THUMBZZZ.jpg;http://images.amazon.com/images/P/0679740619.01.MZZZZZZZ.jpg;http://images.amazon.com/images/P/0679740619.01.LZZZZZZZ.jpg
0836270436;You Can With Beakman & Jax:Way More Science Stuff (You Can with Beakman & Jax);Jok Church;1995;Andrews McMeel Publishing;http://images.amazon.com/images/P/0836270436.01.THUMBZZZ.jpg;http://images.amazon.com/images/P/0836270436.01.MZZZZZZZ.jpg;http://images.amazon.com/images/P/0836270436.01.LZZZZZZZ.jpg
0449126560;You're a Knockout, Andy Capp;Reg Smythe;1985;Ballantine Books;http://images.amazon.com/images/P/0449126560.01.THUMBZZZ.jpg;http://images.amazon.com/images/P/0449126560.01.MZZZZZZZ.jpg;http://images.amazon.com/images/P/0449126560.01.LZZZZZZZ.jpg
0440202590;Yours Truly, Jack the Ripper;Pamela West;1989;Dell Publishing Company;http://images.amazon.com/images/P/0440202590.01.THUMBZZZ.jpg;http://images.amazon.com/images/P/0440202590.01.MZZZZZZZ.jpg;http://images.amazon.com/images/P/0440202590.01.LZZZZZZZ.jpg
0525245456;You Must Remember This (A William Abrahams Book);Joyce Carol Oates;1987;Penguin USA;http://images.amazon.com/images/P/0525245456.01.THUMBZZZ.jpg;http://images.amazon.com/images/P/0525245456.01.MZZZZZZZ.jpg;http://images.amazon.com/images/P/0525245456.01.LZZZZZZZ.jpg
0373259239;You Only Love Once (The Magnificent Mccoy Men) (Harlequin Temptation, No 823);Tori Carrington;2001;Harlequin;http://images.amazon.com/images/P/0373259239.01.THUMBZZZ.jpg;http://images.amazon.com/images/P/0373259239.01.MZZZZZZZ.jpg;http://images.amazon.com/images/P/0373259239.01.LZZZZZZZ.jpg
0871138115;Yonder Stands Your Orphan;Barry Hannah;2001;Atlantic Monthly Press;http://images.amazon.com/images/P/0871138115.01.THUMBZZZ.jpg;http://images.amazon.com/images/P/0871138115.01.MZZZZZZZ.jpg;http://images.amazon.com/images/P/0871138115.01.LZZZZZZZ.jpg
0373192169;Your Baby Or Mine  (Bundles Of Joy) (Silhouette Romances, No 1216);Marie Ferrareua;1997;Silhouette;http://images.amazon.com/images/P/0373192169.01.THUMBZZZ.jpg;http://images.amazon.com/images/P/0373192169.01.MZZZZZZZ.jpg;http://images.amazon.com/images/P/0373192169.01.LZZZZZZZ.jpg
0821726668;Yankee Mistress;Ashley Snow;1989;Kensington Pub Corp (Mm);http://images.amazon.com/images/P/0821726668.01.THUMBZZZ.jpg;http://images.amazon.com/images/P/0821726668.01.MZZZZZZZ.jpg;http://images.amazon.com/images/P/0821726668.01.LZZZZZZZ.jpg
0356142302;You'll never walk alone: The official illustrated history of Liverpool FC;Stephen F Kelly;1987;Queen Anne Press;http://images.amazon.com/images/P/0356142302.01.THUMBZZZ.jpg;http://images.amazon.com/images/P/0356142302.01.MZZZZZZZ.jpg;http://images.amazon.com/images/P/0356142302.01.LZZZZZZZ.jpg
0276423917;Yesterday's Britain;Dilwyn Porter;1998;Reader's Digest Association;http://images.amazon.com/images/P/0276423917.01.THUMBZZZ.jpg;http://images.amazon.com/images/P/0276423917.01.MZZZZZZZ.jpg;http://images.amazon.com/images/P/0276423917.01.LZZZZZZZ.jpg
0830813780;Yearning: Living Between How It Is and How It Ought to Be;m Craig Barnes;1992;Intervarsity Press;http://images.amazon.com/images/P/0830813780.01.THUMBZZZ.jpg;http://images.amazon.com/images/P/0830813780.01.MZZZZZZZ.jpg;http://images.amazon.com/images/P/0830813780.01.LZZZZZZZ.jpg
1895688590;You Asked?: Over 300 Great Questions and Astounding Answers;Katherine Farris;1996;Maple Tree Press;http://images.amazon.com/images/P/1895688590.01.THUMBZZZ.jpg;http://images.amazon.com/images/P/1895688590.01.MZZZZZZZ.jpg;http://images.amazon.com/images/P/1895688590.01.LZZZZZZZ.jpg
156731080X;You Only Live Twice (The James Bond Classic Library);Ian Fleming;1997;MJF Books;http://images.amazon.com/images/P/156731080X.01.THUMBZZZ.jpg;http://images.amazon.com/images/P/156731080X.01.MZZZZZZZ.jpg;http://images.amazon.com/images/P/156731080X.01.LZZZZZZZ.jpg
0671833014;YEAR OF FRENCH;Thomas Flanagan;1980;Pocket;http://images.amazon.com/images/P/0671833014.01.THUMBZZZ.jpg;http://images.amazon.com/images/P/0671833014.01.MZZZZZZZ.jpg;http://images.amazon.com/images/P/0671833014.01.LZZZZZZZ.jpg
0531058956;You Hold Me and I'll Hold You;Jo Carson;1992;Orchard Books (NY);http://images.amazon.com/images/P/0531058956.01.THUMBZZZ.jpg;http://images.amazon.com/images/P/0531058956.01.MZZZZZZZ.jpg;http://images.amazon.com/images/P/0531058956.01.LZZZZZZZ.jpg
0394407555;Your Baby and Child from Birth to Age Five (512p);Penelope Leach;1978;Random House;http://images.amazon.com/images/P/0394407555.01.THUMBZZZ.jpg;http://images.amazon.com/images/P/0394407555.01.MZZZZZZZ.jpg;http://images.amazon.com/images/P/0394407555.01.LZZZZZZZ.jpg
0684176173;Yearling;Marjorie Kinnan Rawlings;1982;Simon Schuster Trade;http://images.amazon.com/images/P/0684176173.01.THUMBZZZ.jpg;http://images.amazon.com/images/P/0684176173.01.MZZZZZZZ.jpg;http://images.amazon.com/images/P/0684176173.01.LZZZZZZZ.jpg
006273251X;Your First Financial Steps/Managing Your Money When You're Just Starting Out;Nancy Dunnan;1995;HarperCollins;http://images.amazon.com/images/P/006273251X.01.THUMBZZZ.jpg;http://images.amazon.com/images/P/006273251X.01.MZZZZZZZ.jpg;http://images.amazon.com/images/P/006273251X.01.LZZZZZZZ.jpg
0967410207;You Can't Say Boobs On Sunday : The Second Collection Of The Syndicated Cartoon Stone Soup;Jan Eliot;1999;Four Panel Press;http://images.amazon.com/images/P/0967410207.01.THUMBZZZ.jpg;http://images.amazon.com/images/P/0967410207.01.MZZZZZZZ.jpg;http://images.amazon.com/images/P/0967410207.01.LZZZZZZZ.jpg
0761943242;Young Children's Behaviour: Practical Approaches for Caregivers and Teachers;Louise, Ph.D. Porter;2003;Paul Chapman Publishing;http://images.amazon.com/images/P/0761943242.01.THUMBZZZ.jpg;http://images.amazon.com/images/P/0761943242.01.MZZZZZZZ.jpg;http://images.amazon.com/images/P/0761943242.01.LZZZZZZZ.jpg
1852791551;Your First Guinea Pig (Your First...series);Marianne Mays;0;TFH Publications;http://images.amazon.com/images/P/1852791551.01.THUMBZZZ.jpg;http://images.amazon.com/images/P/1852791551.01.MZZZZZZZ.jpg;http://images.amazon.com/images/P/1852791551.01.LZZZZZZZ.jpg
0807083224;You're Standing in My Light: And Other Stories;Eleanore Devine;1990;Houghton Mifflin;http://images.amazon.com/images/P/0807083224.01.THUMBZZZ.jpg;http://images.amazon.com/images/P/0807083224.01.MZZZZZZZ.jpg;http://images.amazon.com/images/P/0807083224.01.LZZZZZZZ.jpg
0817405607;You and your camera;William R Hawken;1973;Amphoto;http://images.amazon.com/images/P/0817405607.01.THUMBZZZ.jpg;http://images.amazon.com/images/P/0817405607.01.MZZZZZZZ.jpg;http://images.amazon.com/images/P/0817405607.01.LZZZZZZZ.jpg
0821744984;Young Blood;Stephen King;1994;Kensington Pub Corp (Mm);http://images.amazon.com/images/P/0821744984.01.THUMBZZZ.jpg;http://images.amazon.com/images/P/0821744984.01.MZZZZZZZ.jpg;http://images.amazon.com/images/P/0821744984.01.LZZZZZZZ.jpg
0517052687;Yellow Brick Road (Wonderful Wizard of Oz Pop-Ups Series);L. Frank Baum;1991;Random House Value Publishing;http://images.amazon.com/images/P/0517052687.01.THUMBZZZ.jpg;http://images.amazon.com/images/P/0517052687.01.MZZZZZZZ.jpg;http://images.amazon.com/images/P/0517052687.01.LZZZZZZZ.jpg
0590812947;You Can Yo-Yo! Twenty-five Tricks to Try!;Bruce Weber;1998;Scholastic;http://images.amazon.com/images/P/0590812947.01.THUMBZZZ.jpg;http://images.amazon.com/images/P/0590812947.01.MZZZZZZZ.jpg;http://images.amazon.com/images/P/0590812947.01.LZZZZZZZ.jpg
0805208429;Your Word Is Fire: The Hasidic Masters on Contemplative Prayer;Arthur Green;1988;Random House Inc;http://images.amazon.com/images/P/0805208429.01.THUMBZZZ.jpg;http://images.amazon.com/images/P/0805208429.01.MZZZZZZZ.jpg;http://images.amazon.com/images/P/0805208429.01.LZZZZZZZ.jpg
8401499143;Yáiza;Alberto Vazquez-Figueroa;1984;Aims Intl Books;http://images.amazon.com/images/P/8401499143.01.THUMBZZZ.jpg;http://images.amazon.com/images/P/8401499143.01.MZZZZZZZ.jpg;http://images.amazon.com/images/P/8401499143.01.LZZZZZZZ.jpg
0886824982;Young Goodman Brown (Creative Short Stories);Nathaniel Hawthorne;1993;Creative Education;http://images.amazon.com/images/P/0886824982.01.THUMBZZZ.jpg;http://images.amazon.com/images/P/0886824982.01.MZZZZZZZ.jpg;http://images.amazon.com/images/P/0886824982.01.LZZZZZZZ.jpg
0312089287;Yuppie Scum;Sean Breckenridge;1993;St Martins Pr;http://images.amazon.com/images/P/0312089287.01.THUMBZZZ.jpg;http://images.amazon.com/images/P/0312089287.01.MZZZZZZZ.jpg;http://images.amazon.com/images/P/0312089287.01.LZZZZZZZ.jpg
089389155X;Yoga: Mastering the Basics;Sandra Anderson;2000;Himalayan Institute Press;http://images.amazon.com/images/P/089389155X.01.THUMBZZZ.jpg;http://images.amazon.com/images/P/089389155X.01.MZZZZZZZ.jpg;http://images.amazon.com/images/P/089389155X.01.LZZZZZZZ.jpg
0805059709;Yoga Mind, Body & Spirit: A Return to Wholeness;Donna Farhi;2000;Owl Books (NY);http://images.amazon.com/images/P/0805059709.01.THUMBZZZ.jpg;http://images.amazon.com/images/P/0805059709.01.MZZZZZZZ.jpg;http://images.amazon.com/images/P/0805059709.01.LZZZZZZZ.jpg
0394729838;You and Your Dog;David Taylor;1986;Alfred A. Knopf;http://images.amazon.com/images/P/0394729838.01.THUMBZZZ.jpg;http://images.amazon.com/images/P/0394729838.01.MZZZZZZZ.jpg;http://images.amazon.com/images/P/0394729838.01.LZZZZZZZ.jpg
067125619X;Your Second Child;Joan S. Weiss;1981;Simon & Schuster;http://images.amazon.com/images/P/067125619X.01.THUMBZZZ.jpg;http://images.amazon.com/images/P/067125619X.01.MZZZZZZZ.jpg;http://images.amazon.com/images/P/067125619X.01.LZZZZZZZ.jpg
0783802021;You Got to Dance With Them What Brung You (G K Hall Large Print Book Series (Cloth));Molly Ivins;1998;Thorndike Pr;http://images.amazon.com/images/P/0783802021.01.THUMBZZZ.jpg;http://images.amazon.com/images/P/0783802021.01.MZZZZZZZ.jpg;http://images.amazon.com/images/P/0783802021.01.LZZZZZZZ.jpg
0671685570;YOUR PREGNANCY COMPANION:MONTH-BY-MONTH GD ALL U NEED KNOW BEFOR,DUR,AF;Janis Graham;1991;Pocket;http://images.amazon.com/images/P/0671685570.01.THUMBZZZ.jpg;http://images.amazon.com/images/P/0671685570.01.MZZZZZZZ.jpg;http://images.amazon.com/images/P/0671685570.01.LZZZZZZZ.jpg
0582022770;"York Notes on \King Lear\"" by William Shakespeare (York Notes)""";A.N. Jeffares;1988;Pearson York Notes;http://images.amazon.com/images/P/0582022770.01.THUMBZZZ.jpg;http://images.amazon.com/images/P/0582022770.01.MZZZZZZZ.jpg;http://images.amazon.com/images/P/0582022770.01.LZZZZZZZ.jpg
0684821303;You Belong to Me;Mary Higgins Clark;1998;Simon & Schuster (Trade Division);http://images.amazon.com/images/P/0684821303.01.THUMBZZZ.jpg;http://images.amazon.com/images/P/0684821303.01.MZZZZZZZ.jpg;http://images.amazon.com/images/P/0684821303.01.LZZZZZZZ.jpg
1840242639;You Know You're an E-mail Addict When... (Summersdale Humour: You Know You're A...);Louise Mckay;2002;Summersdale Publishers;http://images.amazon.com/images/P/1840242639.01.THUMBZZZ.jpg;http://images.amazon.com/images/P/1840242639.01.MZZZZZZZ.jpg;http://images.amazon.com/images/P/1840242639.01.LZZZZZZZ.jpg
1565122011;Yak Butter & Black Tea: A Journey into Tibet;Wade Brackenbury;1998;Algonquin Books of Chapel Hill;http://images.amazon.com/images/P/1565122011.01.THUMBZZZ.jpg;http://images.amazon.com/images/P/1565122011.01.MZZZZZZZ.jpg;http://images.amazon.com/images/P/1565122011.01.LZZZZZZZ.jpg
0440506387;Your Two-Year-Old : Terrible or Tender;LOUISE BATES AMES;1980;Dell;http://images.amazon.com/images/P/0440506387.01.THUMBZZZ.jpg;http://images.amazon.com/images/P/0440506387.01.MZZZZZZZ.jpg;http://images.amazon.com/images/P/0440506387.01.LZZZZZZZ.jpg
0140363726;Your Mother Was a Neanderthal (Time Warp Trio, 4);Lane Smith;1995;Puffin Books;http://images.amazon.com/images/P/0140363726.01.THUMBZZZ.jpg;http://images.amazon.com/images/P/0140363726.01.MZZZZZZZ.jpg;http://images.amazon.com/images/P/0140363726.01.LZZZZZZZ.jpg
0440214386;Young Kate;Christopher Andersen;1992;Dell Publishing Company;http://images.amazon.com/images/P/0440214386.01.THUMBZZZ.jpg;http://images.amazon.com/images/P/0440214386.01.MZZZZZZZ.jpg;http://images.amazon.com/images/P/0440214386.01.LZZZZZZZ.jpg
0553292986;YOU ARE MICROSCOPIC (Choose Your Own Adventure, No 130);EDWARD PACKARD;1992;Skylark;http://images.amazon.com/images/P/0553292986.01.THUMBZZZ.jpg;http://images.amazon.com/images/P/0553292986.01.MZZZZZZZ.jpg;http://images.amazon.com/images/P/0553292986.01.LZZZZZZZ.jpg
067147684X;Yuppie Handbook: The State-Of-The Art Manual for Young Urban Professionals;Marissa & Hartley, Marilee Piesman;1984;Pocket Books;http://images.amazon.com/images/P/067147684X.01.THUMBZZZ.jpg;http://images.amazon.com/images/P/067147684X.01.MZZZZZZZ.jpg;http://images.amazon.com/images/P/067147684X.01.LZZZZZZZ.jpg
0809248522;Young Alcoholics: A Book for Parents;Jack Mumey;1986;McGraw-Hill;http://images.amazon.com/images/P/0809248522.01.THUMBZZZ.jpg;http://images.amazon.com/images/P/0809248522.01.MZZZZZZZ.jpg;http://images.amazon.com/images/P/0809248522.01.LZZZZZZZ.jpg
0917627121;Yellowstone National Park: Land of Fire and Falling Water;Tim McNulty;1986;Johnson Books;http://images.amazon.com/images/P/0917627121.01.THUMBZZZ.jpg;http://images.amazon.com/images/P/0917627121.01.MZZZZZZZ.jpg;http://images.amazon.com/images/P/0917627121.01.LZZZZZZZ.jpg
067124700X;YOU DNT HV WHO WHO;Sam Levenson;1979;Simon & Schuster;http://images.amazon.com/images/P/067124700X.01.THUMBZZZ.jpg;http://images.amazon.com/images/P/067124700X.01.MZZZZZZZ.jpg;http://images.amazon.com/images/P/067124700X.01.LZZZZZZZ.jpg
1565924215;Year 2000 in a Nutshell (Nutshell Handbook);Norman Shakespeare;1998;O'Reilly;http://images.amazon.com/images/P/1565924215.01.THUMBZZZ.jpg;http://images.amazon.com/images/P/1565924215.01.MZZZZZZZ.jpg;http://images.amazon.com/images/P/1565924215.01.LZZZZZZZ.jpg
0312303386;You Don't Need Meat;Peter Cox;2003;St. Martin's Griffin;http://images.amazon.com/images/P/0312303386.01.THUMBZZZ.jpg;http://images.amazon.com/images/P/0312303386.01.MZZZZZZZ.jpg;http://images.amazon.com/images/P/0312303386.01.LZZZZZZZ.jpg
0062736752;Y2K: An Action Plan to Protect Yourself, Your Family, Your Assets,  and Your Community on January 1, 2000;Victor W. Porlier;1999;HarperResource;http://images.amazon.com/images/P/0062736752.01.THUMBZZZ.jpg;http://images.amazon.com/images/P/0062736752.01.MZZZZZZZ.jpg;http://images.amazon.com/images/P/0062736752.01.LZZZZZZZ.jpg
0553204467;Yesterday Today and Forever;Jeane Dixon;1976;Bantam Books (Mm);http://images.amazon.com/images/P/0553204467.01.THUMBZZZ.jpg;http://images.amazon.com/images/P/0553204467.01.MZZZZZZZ.jpg;http://images.amazon.com/images/P/0553204467.01.LZZZZZZZ.jpg
9510089265;Yö voi olla;Anna-Maija Ylimaula;1978;Söderström;http://images.amazon.com/images/P/9510089265.01.THUMBZZZ.jpg;http://images.amazon.com/images/P/9510089265.01.MZZZZZZZ.jpg;http://images.amazon.com/images/P/9510089265.01.LZZZZZZZ.jpg
0445405481;Yellowthread Street;William Marshall;1988;Warner Books (Mm);http://images.amazon.com/images/P/0445405481.01.THUMBZZZ.jpg;http://images.amazon.com/images/P/0445405481.01.MZZZZZZZ.jpg;http://images.amazon.com/images/P/0445405481.01.LZZZZZZZ.jpg
0671038516;Yesterday's Son (Star Trek, No 11);A.C. Crispin;1999;Star Trek;http://images.amazon.com/images/P/0671038516.01.THUMBZZZ.jpg;http://images.amazon.com/images/P/0671038516.01.MZZZZZZZ.jpg;http://images.amazon.com/images/P/0671038516.01.LZZZZZZZ.jpg
0226072614;Young, White, and Miserable: Growing Up Female in the Fifties;Wini Breines;2001;University of Chicago Press;http://images.amazon.com/images/P/0226072614.01.THUMBZZZ.jpg;http://images.amazon.com/images/P/0226072614.01.MZZZZZZZ.jpg;http://images.amazon.com/images/P/0226072614.01.LZZZZZZZ.jpg
0679754873;You Got to Dance With Them What Brung You: Politics in the Clinton Years;Molly Ivins;1999;Vintage Books USA;http://images.amazon.com/images/P/0679754873.01.THUMBZZZ.jpg;http://images.amazon.com/images/P/0679754873.01.MZZZZZZZ.jpg;http://images.amazon.com/images/P/0679754873.01.LZZZZZZZ.jpg
0740738275;You Deserve a Merry Christmas;Jenna DeAngeles;2003;Andrews McMeel Publishing;http://images.amazon.com/images/P/0740738275.01.THUMBZZZ.jpg;http://images.amazon.com/images/P/0740738275.01.MZZZZZZZ.jpg;http://images.amazon.com/images/P/0740738275.01.LZZZZZZZ.jpg
0590432087;Yesterday's Doll;Cora Taylor;1989;Scholastic Paperbacks (Mm);http://images.amazon.com/images/P/0590432087.01.THUMBZZZ.jpg;http://images.amazon.com/images/P/0590432087.01.MZZZZZZZ.jpg;http://images.amazon.com/images/P/0590432087.01.LZZZZZZZ.jpg
0451117646;Yesterday's Tears;Susannah Leigh;1982;New American Library;http://images.amazon.com/images/P/0451117646.01.THUMBZZZ.jpg;http://images.amazon.com/images/P/0451117646.01.MZZZZZZZ.jpg;http://images.amazon.com/images/P/0451117646.01.LZZZZZZZ.jpg
0553282034;Yondering;LOUIS L'AMOUR;1989;Bantam;http://images.amazon.com/images/P/0553282034.01.THUMBZZZ.jpg;http://images.amazon.com/images/P/0553282034.01.MZZZZZZZ.jpg;http://images.amazon.com/images/P/0553282034.01.LZZZZZZZ.jpg
0911658149;Yankee Church Supper Cookbook;Silitch;1980;St Martins Pr;http://images.amazon.com/images/P/0911658149.01.THUMBZZZ.jpg;http://images.amazon.com/images/P/0911658149.01.MZZZZZZZ.jpg;http://images.amazon.com/images/P/0911658149.01.LZZZZZZZ.jpg
0912458747;"Yesterday's Connecticut (Seemann's historic States series ; no. 6)";Malcolm L. Johnson;1976;Banyan Books;http://images.amazon.com/images/P/0912458747.01.THUMBZZZ.jpg;http://images.amazon.com/images/P/0912458747.01.MZZZZZZZ.jpg;http://images.amazon.com/images/P/0912458747.01.LZZZZZZZ.jpg
0553297635;Yukon Justice (The Holts, No. 7);Dana Fuller Ross;1992;Bantam;http://images.amazon.com/images/P/0553297635.01.THUMBZZZ.jpg;http://images.amazon.com/images/P/0553297635.01.MZZZZZZZ.jpg;http://images.amazon.com/images/P/0553297635.01.LZZZZZZZ.jpg
0440197546;Yankee Rogue;Dana Fuller-Ross;1984;Bantam Books (Mm);http://images.amazon.com/images/P/0440197546.01.THUMBZZZ.jpg;http://images.amazon.com/images/P/0440197546.01.MZZZZZZZ.jpg;http://images.amazon.com/images/P/0440197546.01.LZZZZZZZ.jpg
0312025319;Your Complete Wedding Planner: For the Perfect Bride&Groom-To-Be;Marjabelle Young Stewart;1989;St. Martin's Press;http://images.amazon.com/images/P/0312025319.01.THUMBZZZ.jpg;http://images.amazon.com/images/P/0312025319.01.MZZZZZZZ.jpg;http://images.amazon.com/images/P/0312025319.01.LZZZZZZZ.jpg
0749716991;You Just Don't Listen (Contents);Sam McBratney;1994;Egmont Childrens Books;http://images.amazon.com/images/P/0749716991.01.THUMBZZZ.jpg;http://images.amazon.com/images/P/0749716991.01.MZZZZZZZ.jpg;http://images.amazon.com/images/P/0749716991.01.LZZZZZZZ.jpg
0761515437;Your Dog's Life: Your Complete Guide to Raising Your Pet From Puppy to Companion;Tracy Acosta D.V.M.;1999;Prima Lifestyles;http://images.amazon.com/images/P/0761515437.01.THUMBZZZ.jpg;http://images.amazon.com/images/P/0761515437.01.MZZZZZZZ.jpg;http://images.amazon.com/images/P/0761515437.01.LZZZZZZZ.jpg
1565910915;Yes! You Can Learn Korean Language Structure in 40 Minutes;Tong-Ku Lee;1999;Weatherhill Inc.;http://images.amazon.com/images/P/1565910915.01.THUMBZZZ.jpg;http://images.amazon.com/images/P/1565910915.01.MZZZZZZZ.jpg;http://images.amazon.com/images/P/1565910915.01.LZZZZZZZ.jpg
0785278958;You And Your A.d.d. Child How To Understand And Help Kids With Attention Deficit Disorder;Paul Warren;1995;Nelson Books;http://images.amazon.com/images/P/0785278958.01.THUMBZZZ.jpg;http://images.amazon.com/images/P/0785278958.01.MZZZZZZZ.jpg;http://images.amazon.com/images/P/0785278958.01.LZZZZZZZ.jpg
0840734441;You Can't Curl Your Hair With Holy Rollers;Michael Nolan;1993;Thomas Nelson Inc;http://images.amazon.com/images/P/0840734441.01.THUMBZZZ.jpg;http://images.amazon.com/images/P/0840734441.01.MZZZZZZZ.jpg;http://images.amazon.com/images/P/0840734441.01.LZZZZZZZ.jpg
0882703498;You don't have to be old when you grow old;Florence Marian Tompkins Taylor;1979;Logos International;http://images.amazon.com/images/P/0882703498.01.THUMBZZZ.jpg;http://images.amazon.com/images/P/0882703498.01.MZZZZZZZ.jpg;http://images.amazon.com/images/P/0882703498.01.LZZZZZZZ.jpg
038512550X;Years of sorrow, years of shame: The story of the Japanese Canadians in World War II;Barry Broadfoot;1977;Doubleday;http://images.amazon.com/images/P/038512550X.01.THUMBZZZ.jpg;http://images.amazon.com/images/P/038512550X.01.MZZZZZZZ.jpg;http://images.amazon.com/images/P/038512550X.01.LZZZZZZZ.jpg
1567224520;Yet I Will Praise Him: Our Spiritual Odyssey of Living With Crohn's Disease;Bev Burk;2000;Pentecostal Pub House;http://images.amazon.com/images/P/1567224520.01.THUMBZZZ.jpg;http://images.amazon.com/images/P/1567224520.01.MZZZZZZZ.jpg;http://images.amazon.com/images/P/1567224520.01.LZZZZZZZ.jpg
0439088275;You Can Yo-Yo! Twenty-five tricks to Try!;Bruce Weber;0;Scholastic Inc;http://images.amazon.com/images/P/0439088275.01.THUMBZZZ.jpg;http://images.amazon.com/images/P/0439088275.01.MZZZZZZZ.jpg;http://images.amazon.com/images/P/0439088275.01.LZZZZZZZ.jpg
092505206X;"You Can Start Your Own Day-Care (An \I Can\"" Book. Business Series)""";Susie Redfern;1991;Washington Publications, Incorporated;http://images.amazon.com/images/P/092505206X.01.THUMBZZZ.jpg;http://images.amazon.com/images/P/092505206X.01.MZZZZZZZ.jpg;http://images.amazon.com/images/P/092505206X.01.LZZZZZZZ.jpg
038526769X;Yaz: Baseball the Wall and Me;Carl Yastrzemski;1990;Bantam Dell Pub Group;http://images.amazon.com/images/P/038526769X.01.THUMBZZZ.jpg;http://images.amazon.com/images/P/038526769X.01.MZZZZZZZ.jpg;http://images.amazon.com/images/P/038526769X.01.LZZZZZZZ.jpg
0821223437;Yellowdog;Debra Marlin;1997;Bulfinch;http://images.amazon.com/images/P/0821223437.01.THUMBZZZ.jpg;http://images.amazon.com/images/P/0821223437.01.MZZZZZZZ.jpg;http://images.amazon.com/images/P/0821223437.01.LZZZZZZZ.jpg
0821225642;Yellowpup;Debra Marlin;1999;Bulfinch;http://images.amazon.com/images/P/0821225642.01.THUMBZZZ.jpg;http://images.amazon.com/images/P/0821225642.01.MZZZZZZZ.jpg;http://images.amazon.com/images/P/0821225642.01.LZZZZZZZ.jpg
0345300300;Yesterday's Streets;Silvia Tennenbaum;1982;Ballantine Books;http://images.amazon.com/images/P/0345300300.01.THUMBZZZ.jpg;http://images.amazon.com/images/P/0345300300.01.MZZZZZZZ.jpg;http://images.amazon.com/images/P/0345300300.01.LZZZZZZZ.jpg
0004723201;Yoga (Collins Gem);Patricia Ralston;1999;HarperCollins UK;http://images.amazon.com/images/P/0004723201.01.THUMBZZZ.jpg;http://images.amazon.com/images/P/0004723201.01.MZZZZZZZ.jpg;http://images.amazon.com/images/P/0004723201.01.LZZZZZZZ.jpg
0310465427;Yankee Bride;Jane Peart;1984;Zondervan Publishing Company;http://images.amazon.com/images/P/0310465427.01.THUMBZZZ.jpg;http://images.amazon.com/images/P/0310465427.01.MZZZZZZZ.jpg;http://images.amazon.com/images/P/0310465427.01.LZZZZZZZ.jpg
0070969477;Yogi: It Ain't over;Yogi Berra;1989;McGraw-Hill;http://images.amazon.com/images/P/0070969477.01.THUMBZZZ.jpg;http://images.amazon.com/images/P/0070969477.01.MZZZZZZZ.jpg;http://images.amazon.com/images/P/0070969477.01.LZZZZZZZ.jpg
055337169X;You Mean I Don't Have to Feel This Way?: New Help for Depression, Anxiety, and Addiction;Colette Dowling;1993;Bantam;http://images.amazon.com/images/P/055337169X.01.THUMBZZZ.jpg;http://images.amazon.com/images/P/055337169X.01.MZZZZZZZ.jpg;http://images.amazon.com/images/P/055337169X.01.LZZZZZZZ.jpg
0440506816;Your Eight Year Old: Lively and Outgoing;Louise Bates Ames;1990;Dell Publishing Company;http://images.amazon.com/images/P/0440506816.01.THUMBZZZ.jpg;http://images.amazon.com/images/P/0440506816.01.MZZZZZZZ.jpg;http://images.amazon.com/images/P/0440506816.01.LZZZZZZZ.jpg
0915972123;Your Life Is a Gift: So Make the Most of It!;Ken, Jr. Keyes;1987;Living Love Publications;http://images.amazon.com/images/P/0915972123.01.THUMBZZZ.jpg;http://images.amazon.com/images/P/0915972123.01.MZZZZZZZ.jpg;http://images.amazon.com/images/P/0915972123.01.LZZZZZZZ.jpg
0416030521;You and Your Child in Hospital;Margaret Carter;1989;Egmont Childrens Books;http://images.amazon.com/images/P/0416030521.01.THUMBZZZ.jpg;http://images.amazon.com/images/P/0416030521.01.MZZZZZZZ.jpg;http://images.amazon.com/images/P/0416030521.01.LZZZZZZZ.jpg
0965746852;You Want Fries with That?;Ken Hoffman;1999;Winedale Publishing;http://images.amazon.com/images/P/0965746852.01.THUMBZZZ.jpg;http://images.amazon.com/images/P/0965746852.01.MZZZZZZZ.jpg;http://images.amazon.com/images/P/0965746852.01.LZZZZZZZ.jpg
093152976X;Youth Ministry in Small Churches;Rick Chromey;1990;Group Publishing;http://images.amazon.com/images/P/093152976X.01.THUMBZZZ.jpg;http://images.amazon.com/images/P/093152976X.01.MZZZZZZZ.jpg;http://images.amazon.com/images/P/093152976X.01.LZZZZZZZ.jpg
0749919035;Your Spiritual Journey: A Guide to the River of Life;Ruth White;1998;Judy Piatkus Publishers Ltd;http://images.amazon.com/images/P/0749919035.01.THUMBZZZ.jpg;http://images.amazon.com/images/P/0749919035.01.MZZZZZZZ.jpg;http://images.amazon.com/images/P/0749919035.01.LZZZZZZZ.jpg
0849941660;You Can Be a Great Parent;Charlie W. Shedd;1982;W Publishing Group;http://images.amazon.com/images/P/0849941660.01.THUMBZZZ.jpg;http://images.amazon.com/images/P/0849941660.01.MZZZZZZZ.jpg;http://images.amazon.com/images/P/0849941660.01.LZZZZZZZ.jpg
084993169X;Your Personality Tree;Florence Littauer;1989;W Publishing Group;http://images.amazon.com/images/P/084993169X.01.THUMBZZZ.jpg;http://images.amazon.com/images/P/084993169X.01.MZZZZZZZ.jpg;http://images.amazon.com/images/P/084993169X.01.LZZZZZZZ.jpg
0312099495;You've Got To Be Believed To Be Heard : Reach the First Brain to Communicate in Business and in Life;Bert Decker;1993;St. Martin's Griffin;http://images.amazon.com/images/P/0312099495.01.THUMBZZZ.jpg;http://images.amazon.com/images/P/0312099495.01.MZZZZZZZ.jpg;http://images.amazon.com/images/P/0312099495.01.LZZZZZZZ.jpg
0805009752;You Could Look It Up: More on Language;William Safire;1989;Henry Holt & Co;http://images.amazon.com/images/P/0805009752.01.THUMBZZZ.jpg;http://images.amazon.com/images/P/0805009752.01.MZZZZZZZ.jpg;http://images.amazon.com/images/P/0805009752.01.LZZZZZZZ.jpg
0684863049;Yanks : The Epic Story of the American Army in World War I;John Eisenhower;2001;Free Press;http://images.amazon.com/images/P/0684863049.01.THUMBZZZ.jpg;http://images.amazon.com/images/P/0684863049.01.MZZZZZZZ.jpg;http://images.amazon.com/images/P/0684863049.01.LZZZZZZZ.jpg
0140115331;Year of Silence (Contemporary American Fiction);Madison Smartt Bell;1989;Penguin Books;http://images.amazon.com/images/P/0140115331.01.THUMBZZZ.jpg;http://images.amazon.com/images/P/0140115331.01.MZZZZZZZ.jpg;http://images.amazon.com/images/P/0140115331.01.LZZZZZZZ.jpg
0671458590;You Can Write a Romance;Yvonee MacManus;1983;Pocket Books;http://images.amazon.com/images/P/0671458590.01.THUMBZZZ.jpg;http://images.amazon.com/images/P/0671458590.01.MZZZZZZZ.jpg;http://images.amazon.com/images/P/0671458590.01.LZZZZZZZ.jpg
0226500616;Young Men & Fire;Norman Maclean;1992;University of Chicago Press;http://images.amazon.com/images/P/0226500616.01.THUMBZZZ.jpg;http://images.amazon.com/images/P/0226500616.01.MZZZZZZZ.jpg;http://images.amazon.com/images/P/0226500616.01.LZZZZZZZ.jpg
0671880926;YAKETY YAK: MIDNIGHT CONFESSIONS AND REVELATIONS OF 37 ROCK STARS & LEGENDS;Scott Cohen;1994;Fireside;http://images.amazon.com/images/P/0671880926.01.THUMBZZZ.jpg;http://images.amazon.com/images/P/0671880926.01.MZZZZZZZ.jpg;http://images.amazon.com/images/P/0671880926.01.LZZZZZZZ.jpg
0684838664;YOU CAN MAKE IT HAPPEN: A NINE STEP PLAN FOR SUCCESS;Stedman Graham;1998;Free Press;http://images.amazon.com/images/P/0684838664.01.THUMBZZZ.jpg;http://images.amazon.com/images/P/0684838664.01.MZZZZZZZ.jpg;http://images.amazon.com/images/P/0684838664.01.LZZZZZZZ.jpg
848622103X;Yo soy tú mismo;Cayetano Arroyo;2001;Downtown Book Center;http://images.amazon.com/images/P/848622103X.01.THUMBZZZ.jpg;http://images.amazon.com/images/P/848622103X.01.MZZZZZZZ.jpg;http://images.amazon.com/images/P/848622103X.01.LZZZZZZZ.jpg
0805035737;You've Come A Long Way, Charlie Brown (Peanuts Classics);Charles M. Schulz;1995;Owl Books;http://images.amazon.com/images/P/0805035737.01.THUMBZZZ.jpg;http://images.amazon.com/images/P/0805035737.01.MZZZZZZZ.jpg;http://images.amazon.com/images/P/0805035737.01.LZZZZZZZ.jpg
0140185135;Youth, Heart of Darkness, the End of the Tether (Penguin Great Books of the 20th Century);Joseph Conrad;1995;Penguin Books;http://images.amazon.com/images/P/0140185135.01.THUMBZZZ.jpg;http://images.amazon.com/images/P/0140185135.01.MZZZZZZZ.jpg;http://images.amazon.com/images/P/0140185135.01.LZZZZZZZ.jpg
0933478062;Yeast Connection: A Medical Breakthrough;William G. Crook;1987;Smithmark Pub;http://images.amazon.com/images/P/0933478062.01.THUMBZZZ.jpg;http://images.amazon.com/images/P/0933478062.01.MZZZZZZZ.jpg;http://images.amazon.com/images/P/0933478062.01.LZZZZZZZ.jpg
0688004601;Yussel's prayer: A Yom Kippur story;Barbara Cohen;1981;Lothrop, Lee & Shepard Books;http://images.amazon.com/images/P/0688004601.01.THUMBZZZ.jpg;http://images.amazon.com/images/P/0688004601.01.MZZZZZZZ.jpg;http://images.amazon.com/images/P/0688004601.01.LZZZZZZZ.jpg
0874062985;You Can Do It: Guide to Better Grades;Kristine Tomasik;1990;Pages Publishing Group;http://images.amazon.com/images/P/0874062985.01.THUMBZZZ.jpg;http://images.amazon.com/images/P/0874062985.01.MZZZZZZZ.jpg;http://images.amazon.com/images/P/0874062985.01.LZZZZZZZ.jpg
0850303532;Your Dreams and What They Mean;Nerys Dee;1984;Borgo Pr;http://images.amazon.com/images/P/0850303532.01.THUMBZZZ.jpg;http://images.amazon.com/images/P/0850303532.01.MZZZZZZZ.jpg;http://images.amazon.com/images/P/0850303532.01.LZZZZZZZ.jpg
0877287171;You Forever;Tuesday Lobsang Rampa;1990;Weiser Books;http://images.amazon.com/images/P/0877287171.01.THUMBZZZ.jpg;http://images.amazon.com/images/P/0877287171.01.MZZZZZZZ.jpg;http://images.amazon.com/images/P/0877287171.01.LZZZZZZZ.jpg
8432045012;Yo, Julio Verne (Personajes);J. Benitez;1995;Planeta Pub Corp;http://images.amazon.com/images/P/8432045012.01.THUMBZZZ.jpg;http://images.amazon.com/images/P/8432045012.01.MZZZZZZZ.jpg;http://images.amazon.com/images/P/8432045012.01.LZZZZZZZ.jpg
0830624775;Your pilot's license;Joe Christy;1987;Tab Books;http://images.amazon.com/images/P/0830624775.01.THUMBZZZ.jpg;http://images.amazon.com/images/P/0830624775.01.MZZZZZZZ.jpg;http://images.amazon.com/images/P/0830624775.01.LZZZZZZZ.jpg
0688178987;Year of the Griffin;Diana Wynne Jones;2000;Greenwillow;http://images.amazon.com/images/P/0688178987.01.THUMBZZZ.jpg;http://images.amazon.com/images/P/0688178987.01.MZZZZZZZ.jpg;http://images.amazon.com/images/P/0688178987.01.LZZZZZZZ.jpg
0060953764;You're Smarter Than You Look : Uncomplicating Relationships in Complicated Times;Judy Sheindlin;2001;Perennial;http://images.amazon.com/images/P/0060953764.01.THUMBZZZ.jpg;http://images.amazon.com/images/P/0060953764.01.MZZZZZZZ.jpg;http://images.amazon.com/images/P/0060953764.01.LZZZZZZZ.jpg
0385294344;You Win Some You Lose Some;Jean Ure;1986;Random House Childrens Books;http://images.amazon.com/images/P/0385294344.01.THUMBZZZ.jpg;http://images.amazon.com/images/P/0385294344.01.MZZZZZZZ.jpg;http://images.amazon.com/images/P/0385294344.01.LZZZZZZZ.jpg
0854490558;Young Tom or Very Mix Company;Forrest Reid;1987;Gay Men's Press;http://images.amazon.com/images/P/0854490558.01.THUMBZZZ.jpg;http://images.amazon.com/images/P/0854490558.01.MZZZZZZZ.jpg;http://images.amazon.com/images/P/0854490558.01.LZZZZZZZ.jpg
0833554514;Yukon Ho!;Bill Watterson;1999;Sagebrush Education Resources;http://images.amazon.com/images/P/0833554514.01.THUMBZZZ.jpg;http://images.amazon.com/images/P/0833554514.01.MZZZZZZZ.jpg;http://images.amazon.com/images/P/0833554514.01.LZZZZZZZ.jpg
037316615X;Yours, Mine And Ours (Harlequin American Romance, No 615);Dan Diamond;1995;Harlequin;http://images.amazon.com/images/P/037316615X.01.THUMBZZZ.jpg;http://images.amazon.com/images/P/037316615X.01.MZZZZZZZ.jpg;http://images.amazon.com/images/P/037316615X.01.LZZZZZZZ.jpg
0449131033;You Live After Death;Sherman;1986;Not Avail;http://images.amazon.com/images/P/0449131033.01.THUMBZZZ.jpg;http://images.amazon.com/images/P/0449131033.01.MZZZZZZZ.jpg;http://images.amazon.com/images/P/0449131033.01.LZZZZZZZ.jpg
0061083534;Yesterday's Tomorrows (Harper Monogram);Margaret Lane;1995;Harper Mass Market Paperbacks (Mm);http://images.amazon.com/images/P/0061083534.01.THUMBZZZ.jpg;http://images.amazon.com/images/P/0061083534.01.MZZZZZZZ.jpg;http://images.amazon.com/images/P/0061083534.01.LZZZZZZZ.jpg
0062736485;Yoga for Beginners;Mark Ansari;1999;Perennial;http://images.amazon.com/images/P/0062736485.01.THUMBZZZ.jpg;http://images.amazon.com/images/P/0062736485.01.MZZZZZZZ.jpg;http://images.amazon.com/images/P/0062736485.01.LZZZZZZZ.jpg
0295974842;Years of Infamy: The Untold Story of America's Concentration Camps;Michi Weglyn;1996;University of Washington Press;http://images.amazon.com/images/P/0295974842.01.THUMBZZZ.jpg;http://images.amazon.com/images/P/0295974842.01.MZZZZZZZ.jpg;http://images.amazon.com/images/P/0295974842.01.LZZZZZZZ.jpg
0140097430;Yo, Poe;Frank Gannon;1988;Penguin Books;http://images.amazon.com/images/P/0140097430.01.THUMBZZZ.jpg;http://images.amazon.com/images/P/0140097430.01.MZZZZZZZ.jpg;http://images.amazon.com/images/P/0140097430.01.LZZZZZZZ.jpg
0671877828;YOUNG MILES;Lois McMaster Bujold;1997;Baen;http://images.amazon.com/images/P/0671877828.01.THUMBZZZ.jpg;http://images.amazon.com/images/P/0671877828.01.MZZZZZZZ.jpg;http://images.amazon.com/images/P/0671877828.01.LZZZZZZZ.jpg
0394710665;Your Growing Child;Penelope Leach;1986;Alfred A. Knopf;http://images.amazon.com/images/P/0394710665.01.THUMBZZZ.jpg;http://images.amazon.com/images/P/0394710665.01.MZZZZZZZ.jpg;http://images.amazon.com/images/P/0394710665.01.LZZZZZZZ.jpg
042518191X;You've Got Murder;Donna Andrews;2002;Berkley Publishing Group;http://images.amazon.com/images/P/042518191X.01.THUMBZZZ.jpg;http://images.amazon.com/images/P/042518191X.01.MZZZZZZZ.jpg;http://images.amazon.com/images/P/042518191X.01.LZZZZZZZ.jpg
0385482442;You'Ve Only Got Three Seconds: How to Make the Right Impression in Your Business and Social Life;Camille Lavington;1997;Doubleday Books;http://images.amazon.com/images/P/0385482442.01.THUMBZZZ.jpg;http://images.amazon.com/images/P/0385482442.01.MZZZZZZZ.jpg;http://images.amazon.com/images/P/0385482442.01.LZZZZZZZ.jpg
0020295456;Your Autobiography: More Than 300 Questions to Help You Write Your Personal History;Raymond Mungo;1994;Hungry Minds, Inc;http://images.amazon.com/images/P/0020295456.01.THUMBZZZ.jpg;http://images.amazon.com/images/P/0020295456.01.MZZZZZZZ.jpg;http://images.amazon.com/images/P/0020295456.01.LZZZZZZZ.jpg
1581342764;You Are Mine;Max Lucado;2001;Crossway Books;http://images.amazon.com/images/P/1581342764.01.THUMBZZZ.jpg;http://images.amazon.com/images/P/1581342764.01.MZZZZZZZ.jpg;http://images.amazon.com/images/P/1581342764.01.LZZZZZZZ.jpg
0752223909;You Are Worthless: Depressing Nuggets of Wisdom Sure to Ruin Your Day;Scott Dikkers;2000;Pan Macmillan;http://images.amazon.com/images/P/0752223909.01.THUMBZZZ.jpg;http://images.amazon.com/images/P/0752223909.01.MZZZZZZZ.jpg;http://images.amazon.com/images/P/0752223909.01.LZZZZZZZ.jpg
0740719645;You Rock My World;Ariel;2001;Andrews McMeel Publishing;http://images.amazon.com/images/P/0740719645.01.THUMBZZZ.jpg;http://images.amazon.com/images/P/0740719645.01.MZZZZZZZ.jpg;http://images.amazon.com/images/P/0740719645.01.LZZZZZZZ.jpg
1556524218;Yoga Made Easy;Howard Kent;2001;Chicago Review Press;http://images.amazon.com/images/P/1556524218.01.THUMBZZZ.jpg;http://images.amazon.com/images/P/1556524218.01.MZZZZZZZ.jpg;http://images.amazon.com/images/P/1556524218.01.LZZZZZZZ.jpg
8432055972;Yo, el intruso (Colección Autores españoles e hispanoamericanos);Juan Antonio Vallejo-Nágera;1987;Planeta;http://images.amazon.com/images/P/8432055972.01.THUMBZZZ.jpg;http://images.amazon.com/images/P/8432055972.01.MZZZZZZZ.jpg;http://images.amazon.com/images/P/8432055972.01.LZZZZZZZ.jpg
0891093729;Your Work Matters to God;Doug Sherman;1987;Navpress Publishing Group;http://images.amazon.com/images/P/0891093729.01.THUMBZZZ.jpg;http://images.amazon.com/images/P/0891093729.01.MZZZZZZZ.jpg;http://images.amazon.com/images/P/0891093729.01.LZZZZZZZ.jpg
0802425488;Your Finances in Changing Times (The Christian Financial Concepts Series);Larry Burkett;1993;Moody Publishers;http://images.amazon.com/images/P/0802425488.01.THUMBZZZ.jpg;http://images.amazon.com/images/P/0802425488.01.MZZZZZZZ.jpg;http://images.amazon.com/images/P/0802425488.01.LZZZZZZZ.jpg
0060603062;You can still change the world;Richard Armstrong;1978;Harper & Row;http://images.amazon.com/images/P/0060603062.01.THUMBZZZ.jpg;http://images.amazon.com/images/P/0060603062.01.MZZZZZZZ.jpg;http://images.amazon.com/images/P/0060603062.01.LZZZZZZZ.jpg
0060937335;You'll See It When You Believe It: The Way to Your Personal Transformation;Wayne W. Dyer;2001;Perennial Currents;http://images.amazon.com/images/P/0060937335.01.THUMBZZZ.jpg;http://images.amazon.com/images/P/0060937335.01.MZZZZZZZ.jpg;http://images.amazon.com/images/P/0060937335.01.LZZZZZZZ.jpg
0881623350;Yes Prime Minister: The Diaries of the Right Hon. James Hacker;Jonathan Lynn;1988;Harpercollins;http://images.amazon.com/images/P/0881623350.01.THUMBZZZ.jpg;http://images.amazon.com/images/P/0881623350.01.MZZZZZZZ.jpg;http://images.amazon.com/images/P/0881623350.01.LZZZZZZZ.jpg
0802498248;You Can Be a Puppeteer;Carolyn London;2000;Moody Publishers;http://images.amazon.com/images/P/0802498248.01.THUMBZZZ.jpg;http://images.amazon.com/images/P/0802498248.01.MZZZZZZZ.jpg;http://images.amazon.com/images/P/0802498248.01.LZZZZZZZ.jpg
0807612545;You Don't Love Yourself;Nathalie Sarraute;1990;George Braziller;http://images.amazon.com/images/P/0807612545.01.THUMBZZZ.jpg;http://images.amazon.com/images/P/0807612545.01.MZZZZZZZ.jpg;http://images.amazon.com/images/P/0807612545.01.LZZZZZZZ.jpg
074347516X;Yossel : April 19, 1943;Joe Kubert;2003;I Books;http://images.amazon.com/images/P/074347516X.01.THUMBZZZ.jpg;http://images.amazon.com/images/P/074347516X.01.MZZZZZZZ.jpg;http://images.amazon.com/images/P/074347516X.01.LZZZZZZZ.jpg
0866220593;Your First Canary (Your First Series);Sue-Rhee Pasca;1991;TFH Publications;http://images.amazon.com/images/P/0866220593.01.THUMBZZZ.jpg;http://images.amazon.com/images/P/0866220593.01.MZZZZZZZ.jpg;http://images.amazon.com/images/P/0866220593.01.LZZZZZZZ.jpg
006091257X;Your Pregnancy Month by Month (Harper Colophon Book);Clark Gillespie;1985;HarperCollins Publishers;http://images.amazon.com/images/P/006091257X.01.THUMBZZZ.jpg;http://images.amazon.com/images/P/006091257X.01.MZZZZZZZ.jpg;http://images.amazon.com/images/P/006091257X.01.LZZZZZZZ.jpg
044630882X;Yesterday's Spy;Len Deighton;1983;Warner Books;http://images.amazon.com/images/P/044630882X.01.THUMBZZZ.jpg;http://images.amazon.com/images/P/044630882X.01.MZZZZZZZ.jpg;http://images.amazon.com/images/P/044630882X.01.LZZZZZZZ.jpg
0874779464;You Already Know What to Do: 10 Invitations to the Intuitive Life;Sharon Franquemont;1999;Putnam Pub Group;http://images.amazon.com/images/P/0874779464.01.THUMBZZZ.jpg;http://images.amazon.com/images/P/0874779464.01.MZZZZZZZ.jpg;http://images.amazon.com/images/P/0874779464.01.LZZZZZZZ.jpg
0330246275;Year of the Golden Ape;Colin Forbes;1975;Pan Books Ltd;http://images.amazon.com/images/P/0330246275.01.THUMBZZZ.jpg;http://images.amazon.com/images/P/0330246275.01.MZZZZZZZ.jpg;http://images.amazon.com/images/P/0330246275.01.LZZZZZZZ.jpg
0340728515;You Can Be Happy No Matter What: Five Principles for Keeping Life in Perspective;Richard Carlson;1999;Hodder & Stoughton General Division;http://images.amazon.com/images/P/0340728515.01.THUMBZZZ.jpg;http://images.amazon.com/images/P/0340728515.01.MZZZZZZZ.jpg;http://images.amazon.com/images/P/0340728515.01.LZZZZZZZ.jpg
0898798620;You Can Write a Romance (You Can Write It);Rita Clay Estrada;1999;Writer's Digest Books;http://images.amazon.com/images/P/0898798620.01.THUMBZZZ.jpg;http://images.amazon.com/images/P/0898798620.01.MZZZZZZZ.jpg;http://images.amazon.com/images/P/0898798620.01.LZZZZZZZ.jpg
0760730547;Yoga for Busy People: Increase Energy and Reduce Stress in Minutes a Day;Dawn Groves;2002;Barnes and Noble;http://images.amazon.com/images/P/0760730547.01.THUMBZZZ.jpg;http://images.amazon.com/images/P/0760730547.01.MZZZZZZZ.jpg;http://images.amazon.com/images/P/0760730547.01.LZZZZZZZ.jpg
0769208290;Yentl: Movie Selections;Michel Legrand;1999;Warner Brothers Publications;http://images.amazon.com/images/P/0769208290.01.THUMBZZZ.jpg;http://images.amazon.com/images/P/0769208290.01.MZZZZZZZ.jpg;http://images.amazon.com/images/P/0769208290.01.LZZZZZZZ.jpg
051758736X;Yellow Silk: Erotic Arts and Letters;Lily Pond;1992;Harmony Books;http://images.amazon.com/images/P/051758736X.01.THUMBZZZ.jpg;http://images.amazon.com/images/P/051758736X.01.MZZZZZZZ.jpg;http://images.amazon.com/images/P/051758736X.01.LZZZZZZZ.jpg
0451174992;You Can't Hurry Love: An Intimate Look at First Marriages After 40;Laurie Levin;1993;New Amer Library;http://images.amazon.com/images/P/0451174992.01.THUMBZZZ.jpg;http://images.amazon.com/images/P/0451174992.01.MZZZZZZZ.jpg;http://images.amazon.com/images/P/0451174992.01.LZZZZZZZ.jpg
1589230744;Your Baby Planner;Joanna Trevelyan;2002;Creative Publishing International;http://images.amazon.com/images/P/1589230744.01.THUMBZZZ.jpg;http://images.amazon.com/images/P/1589230744.01.MZZZZZZZ.jpg;http://images.amazon.com/images/P/1589230744.01.LZZZZZZZ.jpg
0722537891;Your Personal Horoscope 2000;Joseph Polansky;1999;Thorsons Publishers;http://images.amazon.com/images/P/0722537891.01.THUMBZZZ.jpg;http://images.amazon.com/images/P/0722537891.01.MZZZZZZZ.jpg;http://images.amazon.com/images/P/0722537891.01.LZZZZZZZ.jpg
0743444779;Yahoo!: The Ultimate Guide to the Internet;HP Newquist;2002;I Books;http://images.amazon.com/images/P/0743444779.01.THUMBZZZ.jpg;http://images.amazon.com/images/P/0743444779.01.MZZZZZZZ.jpg;http://images.amazon.com/images/P/0743444779.01.LZZZZZZZ.jpg
1565543173;You Can Travel Free;Robert William Kirk;1998;Pelican Publishing Company;http://images.amazon.com/images/P/1565543173.01.THUMBZZZ.jpg;http://images.amazon.com/images/P/1565543173.01.MZZZZZZZ.jpg;http://images.amazon.com/images/P/1565543173.01.LZZZZZZZ.jpg
080410350X;You Can't Sneeze With Your Eyes Open and Other Freaky Facts About the Human Body;Barbara Seuling;1988;Ivy Books;http://images.amazon.com/images/P/080410350X.01.THUMBZZZ.jpg;http://images.amazon.com/images/P/080410350X.01.MZZZZZZZ.jpg;http://images.amazon.com/images/P/080410350X.01.LZZZZZZZ.jpg
0891911987;You teach me gentle;Evelyn White Minshull;1979;D. C. Cook Pub. Co;http://images.amazon.com/images/P/0891911987.01.THUMBZZZ.jpg;http://images.amazon.com/images/P/0891911987.01.MZZZZZZZ.jpg;http://images.amazon.com/images/P/0891911987.01.LZZZZZZZ.jpg
0671892932;You Wouldn't Believe What My Grandchild Did...;Lois Wyse;1994;Simon & Schuster;http://images.amazon.com/images/P/0671892932.01.THUMBZZZ.jpg;http://images.amazon.com/images/P/0671892932.01.MZZZZZZZ.jpg;http://images.amazon.com/images/P/0671892932.01.LZZZZZZZ.jpg
1903015030;You're Thinking About Doughnuts;Michael Rosen;1999;Barn Owl Books;http://images.amazon.com/images/P/1903015030.01.THUMBZZZ.jpg;http://images.amazon.com/images/P/1903015030.01.MZZZZZZZ.jpg;http://images.amazon.com/images/P/1903015030.01.LZZZZZZZ.jpg
1584791233;Yoga Within;Carrie Schneider;2001;Stuart, Tabori and Chang;http://images.amazon.com/images/P/1584791233.01.THUMBZZZ.jpg;http://images.amazon.com/images/P/1584791233.01.MZZZZZZZ.jpg;http://images.amazon.com/images/P/1584791233.01.LZZZZZZZ.jpg
1903015049;Your Guess Is as Good as Mine;Bernard Ashley;2000;Barn Owl Books;http://images.amazon.com/images/P/1903015049.01.THUMBZZZ.jpg;http://images.amazon.com/images/P/1903015049.01.MZZZZZZZ.jpg;http://images.amazon.com/images/P/1903015049.01.LZZZZZZZ.jpg
0722539681;Your Personal Horoscope 2001;Joseph Polansky;2000;Thorsons Publishers;http://images.amazon.com/images/P/0722539681.01.THUMBZZZ.jpg;http://images.amazon.com/images/P/0722539681.01.MZZZZZZZ.jpg;http://images.amazon.com/images/P/0722539681.01.LZZZZZZZ.jpg
0910043655;Yobo: Korean American Writing in Hawai'I;Nora Keller;2003;University of Hawaii Press;http://images.amazon.com/images/P/0910043655.01.THUMBZZZ.jpg;http://images.amazon.com/images/P/0910043655.01.MZZZZZZZ.jpg;http://images.amazon.com/images/P/0910043655.01.LZZZZZZZ.jpg
0590452207;You Come Too;Robert Frost;0;Scholastic Inc;http://images.amazon.com/images/P/0590452207.01.THUMBZZZ.jpg;http://images.amazon.com/images/P/0590452207.01.MZZZZZZZ.jpg;http://images.amazon.com/images/P/0590452207.01.LZZZZZZZ.jpg
0688115071;You'll Soon Grow into Them, Titch;Pat Hutchins;1992;HarperTrophy;http://images.amazon.com/images/P/0688115071.01.THUMBZZZ.jpg;http://images.amazon.com/images/P/0688115071.01.MZZZZZZZ.jpg;http://images.amazon.com/images/P/0688115071.01.LZZZZZZZ.jpg
0880887885;You're the Best!;Suzanne Siegel Zenkel;1995;Peter Pauper Press;http://images.amazon.com/images/P/0880887885.01.THUMBZZZ.jpg;http://images.amazon.com/images/P/0880887885.01.MZZZZZZZ.jpg;http://images.amazon.com/images/P/0880887885.01.LZZZZZZZ.jpg
0345447301;Yiddish : A Nation of Words;MIRIAM WEINSTEIN;2002;Ballantine Books;http://images.amazon.com/images/P/0345447301.01.THUMBZZZ.jpg;http://images.amazon.com/images/P/0345447301.01.MZZZZZZZ.jpg;http://images.amazon.com/images/P/0345447301.01.LZZZZZZZ.jpg
089879868X;You Can Write a Novel (You Can Write);James V. Smith;1998;Writer's Digest Books;http://images.amazon.com/images/P/089879868X.01.THUMBZZZ.jpg;http://images.amazon.com/images/P/089879868X.01.MZZZZZZZ.jpg;http://images.amazon.com/images/P/089879868X.01.LZZZZZZZ.jpg
0886772494;Yurth Burden;Andre Norton;1987;New Amer Library (Mm);http://images.amazon.com/images/P/0886772494.01.THUMBZZZ.jpg;http://images.amazon.com/images/P/0886772494.01.MZZZZZZZ.jpg;http://images.amazon.com/images/P/0886772494.01.LZZZZZZZ.jpg
0394553950;You're Only Old Once;Seuss;1986;Random House Inc;http://images.amazon.com/images/P/0394553950.01.THUMBZZZ.jpg;http://images.amazon.com/images/P/0394553950.01.MZZZZZZZ.jpg;http://images.amazon.com/images/P/0394553950.01.LZZZZZZZ.jpg
0446606510;Yesteryear;Dorothy Garlock;1998;Warner Books;http://images.amazon.com/images/P/0446606510.01.THUMBZZZ.jpg;http://images.amazon.com/images/P/0446606510.01.MZZZZZZZ.jpg;http://images.amazon.com/images/P/0446606510.01.LZZZZZZZ.jpg
8484600955;Yo Venci LA Anorexia;Alvarez;2001;Temas'de Hoy;http://images.amazon.com/images/P/8484600955.01.THUMBZZZ.jpg;http://images.amazon.com/images/P/8484600955.01.MZZZZZZZ.jpg;http://images.amazon.com/images/P/8484600955.01.LZZZZZZZ.jpg
0816725411;Young George Washington: America's First President (First-Start Biographies);Andrew Woods;1992;Troll Communications;http://images.amazon.com/images/P/0816725411.01.THUMBZZZ.jpg;http://images.amazon.com/images/P/0816725411.01.MZZZZZZZ.jpg;http://images.amazon.com/images/P/0816725411.01.LZZZZZZZ.jpg
0590441183;Yearbook;Melissa Davis;1990;Scholastic Paperbacks (Mm);http://images.amazon.com/images/P/0590441183.01.THUMBZZZ.jpg;http://images.amazon.com/images/P/0590441183.01.MZZZZZZZ.jpg;http://images.amazon.com/images/P/0590441183.01.LZZZZZZZ.jpg
0735203474;You Don't Say: Navigating Nonverbal Communication Between the Sexes;Audrey, Ph.D. Nelson;2004;Prentice Hall Press;http://images.amazon.com/images/P/0735203474.01.THUMBZZZ.jpg;http://images.amazon.com/images/P/0735203474.01.MZZZZZZZ.jpg;http://images.amazon.com/images/P/0735203474.01.LZZZZZZZ.jpg
0802138934;Yonder Stands Your Orphan;Barry Hannah;2002;Grove Press;http://images.amazon.com/images/P/0802138934.01.THUMBZZZ.jpg;http://images.amazon.com/images/P/0802138934.01.MZZZZZZZ.jpg;http://images.amazon.com/images/P/0802138934.01.LZZZZZZZ.jpg
0609608800;Yarn Girls' Guide to Simple Knits;Julie Carles;2002;Clarkson N Potter Publishers;http://images.amazon.com/images/P/0609608800.01.THUMBZZZ.jpg;http://images.amazon.com/images/P/0609608800.01.MZZZZZZZ.jpg;http://images.amazon.com/images/P/0609608800.01.LZZZZZZZ.jpg
0425125475;Yul: The Man Who Would Be King;Rock Brynner;1991;Berkley Pub Group;http://images.amazon.com/images/P/0425125475.01.THUMBZZZ.jpg;http://images.amazon.com/images/P/0425125475.01.MZZZZZZZ.jpg;http://images.amazon.com/images/P/0425125475.01.LZZZZZZZ.jpg
1556432461;Your Inner Physician and You : Craniosacral Therapy and Somatoemotional Release, 2nd Ed.;John E. Upledger;1997;North Atlantic Books;http://images.amazon.com/images/P/1556432461.01.THUMBZZZ.jpg;http://images.amazon.com/images/P/1556432461.01.MZZZZZZZ.jpg;http://images.amazon.com/images/P/1556432461.01.LZZZZZZZ.jpg
1903571057;Yes to Human Cloning: Immortality Thanks to Science;Claude Rael;2001;Tagman Press;http://images.amazon.com/images/P/1903571057.01.THUMBZZZ.jpg;http://images.amazon.com/images/P/1903571057.01.MZZZZZZZ.jpg;http://images.amazon.com/images/P/1903571057.01.LZZZZZZZ.jpg
9751403707;Yaln¸zl¸g¸n f¸r¸nlanm¸s kokusu: Günlük (Günümüz Türk yazarlar¸);Salâh Birsel;1992;Remzi Kitabevi;http://images.amazon.com/images/P/9751403707.01.THUMBZZZ.jpg;http://images.amazon.com/images/P/9751403707.01.MZZZZZZZ.jpg;http://images.amazon.com/images/P/9751403707.01.LZZZZZZZ.jpg
8432069140;Yo Mate a Kennedy;Manuel Vazquez Montalban;1995;Planeta Pub Corp;http://images.amazon.com/images/P/8432069140.01.THUMBZZZ.jpg;http://images.amazon.com/images/P/8432069140.01.MZZZZZZZ.jpg;http://images.amazon.com/images/P/8432069140.01.LZZZZZZZ.jpg
0840393830;Your Career: Choices and Changes;David Borchard;1996;Kendall Hunt Pub;http://images.amazon.com/images/P/0840393830.01.THUMBZZZ.jpg;http://images.amazon.com/images/P/0840393830.01.MZZZZZZZ.jpg;http://images.amazon.com/images/P/0840393830.01.LZZZZZZZ.jpg
1564767442;You Gotta Keep Dancin': In the Midst of Life's Hurts, You Can Choose Joy!;Tim Hansel;1998;Chariot Victor Publishing;http://images.amazon.com/images/P/1564767442.01.THUMBZZZ.jpg;http://images.amazon.com/images/P/1564767442.01.MZZZZZZZ.jpg;http://images.amazon.com/images/P/1564767442.01.LZZZZZZZ.jpg
1566191041;Yale Shakespeare Complete Works;Cross;0;Dorset House Publishing Co Inc;http://images.amazon.com/images/P/1566191041.01.THUMBZZZ.jpg;http://images.amazon.com/images/P/1566191041.01.MZZZZZZZ.jpg;http://images.amazon.com/images/P/1566191041.01.LZZZZZZZ.jpg
1851526781;You Don't Have to Be Mad to Work Here...but It Helps!!: But It Helps !!;Roger Kilroy;1995;Bounty Books;http://images.amazon.com/images/P/1851526781.01.THUMBZZZ.jpg;http://images.amazon.com/images/P/1851526781.01.MZZZZZZZ.jpg;http://images.amazon.com/images/P/1851526781.01.LZZZZZZZ.jpg
0330255789;You Have a Minute, Lord?: A Sort of Prayer Book;David Kossoff;1979;Pan Macmillan;http://images.amazon.com/images/P/0330255789.01.THUMBZZZ.jpg;http://images.amazon.com/images/P/0330255789.01.MZZZZZZZ.jpg;http://images.amazon.com/images/P/0330255789.01.LZZZZZZZ.jpg
0312969007;You're Out and You're Ugly, Too!: Confessions of an Umpire With Attitude;Durwood Merrill;1999;St. Martin's Press;http://images.amazon.com/images/P/0312969007.01.THUMBZZZ.jpg;http://images.amazon.com/images/P/0312969007.01.MZZZZZZZ.jpg;http://images.amazon.com/images/P/0312969007.01.LZZZZZZZ.jpg
055337835X;Yoga and the Quest for the True Self;STEPHEN COPE;2000;Bantam;http://images.amazon.com/images/P/055337835X.01.THUMBZZZ.jpg;http://images.amazon.com/images/P/055337835X.01.MZZZZZZZ.jpg;http://images.amazon.com/images/P/055337835X.01.LZZZZZZZ.jpg
0679811796;Young Indiana Jones & the Gypsy Revenge;Les Martin;1991;Random House Children's Books;http://images.amazon.com/images/P/0679811796.01.THUMBZZZ.jpg;http://images.amazon.com/images/P/0679811796.01.MZZZZZZZ.jpg;http://images.amazon.com/images/P/0679811796.01.LZZZZZZZ.jpg
0679811788;Young Indiana Jones and the Princess of Peril;Les Martin;1991;Random House Children's Books;http://images.amazon.com/images/P/0679811788.01.THUMBZZZ.jpg;http://images.amazon.com/images/P/0679811788.01.MZZZZZZZ.jpg;http://images.amazon.com/images/P/0679811788.01.LZZZZZZZ.jpg
0152998063;Year of the Leopard Song;Eric Campbell;1992;Harcourt;http://images.amazon.com/images/P/0152998063.01.THUMBZZZ.jpg;http://images.amazon.com/images/P/0152998063.01.MZZZZZZZ.jpg;http://images.amazon.com/images/P/0152998063.01.LZZZZZZZ.jpg
0739428446;Year's Best Fantasy 2 (Fantasy, Year's Best Fantasy 2);David G Hartwell;2002;Harper Collins;http://images.amazon.com/images/P/0739428446.01.THUMBZZZ.jpg;http://images.amazon.com/images/P/0739428446.01.MZZZZZZZ.jpg;http://images.amazon.com/images/P/0739428446.01.LZZZZZZZ.jpg
0886773814;Year's Best Horror Stories, No 17;Karl Edward Wagner;1989;New Amer Library;http://images.amazon.com/images/P/0886773814.01.THUMBZZZ.jpg;http://images.amazon.com/images/P/0886773814.01.MZZZZZZZ.jpg;http://images.amazon.com/images/P/0886773814.01.LZZZZZZZ.jpg
0006383963;Yves Saint Laurent;Alice Rawsthorn;0;Harpercollins Publisher;http://images.amazon.com/images/P/0006383963.01.THUMBZZZ.jpg;http://images.amazon.com/images/P/0006383963.01.MZZZZZZZ.jpg;http://images.amazon.com/images/P/0006383963.01.LZZZZZZZ.jpg
0146000943;Young Goodman Brown;Nathaniel Hawthorne;1995;Viking Penguin Inc;http://images.amazon.com/images/P/0146000943.01.THUMBZZZ.jpg;http://images.amazon.com/images/P/0146000943.01.MZZZZZZZ.jpg;http://images.amazon.com/images/P/0146000943.01.LZZZZZZZ.jpg
1400031672;Yoga for People Who Can't Be Bothered to Do It;GEOFF DYER;2004;Vintage Books;http://images.amazon.com/images/P/1400031672.01.THUMBZZZ.jpg;http://images.amazon.com/images/P/1400031672.01.MZZZZZZZ.jpg;http://images.amazon.com/images/P/1400031672.01.LZZZZZZZ.jpg
0373093152;Yesterday'S Lies (Silhouette Special Edition);Lisa Jackson;1986;Silhouette;http://images.amazon.com/images/P/0373093152.01.THUMBZZZ.jpg;http://images.amazon.com/images/P/0373093152.01.MZZZZZZZ.jpg;http://images.amazon.com/images/P/0373093152.01.LZZZZZZZ.jpg
0139724567;Yield Curve Analysis: The Fundamentals of Risk and Return;Livingston G. Douglas;1988;Prentice Hall Direct;http://images.amazon.com/images/P/0139724567.01.THUMBZZZ.jpg;http://images.amazon.com/images/P/0139724567.01.MZZZZZZZ.jpg;http://images.amazon.com/images/P/0139724567.01.LZZZZZZZ.jpg
285815063x;Yeah, num�?©ro 3;Edika;1998;Fluide glacial-Audie;http://images.amazon.com/images/P/285815063X.01.THUMBZZZ.jpg;http://images.amazon.com/images/P/285815063X.01.MZZZZZZZ.jpg;http://images.amazon.com/images/P/285815063X.01.LZZZZZZZ.jpg
0671541331;Yesterday's Tomorrows: Past Visions of the American Future;Joseph & Horrigan, Brian Corn;1984;Simon & Schuster;http://images.amazon.com/images/P/0671541331.01.THUMBZZZ.jpg;http://images.amazon.com/images/P/0671541331.01.MZZZZZZZ.jpg;http://images.amazon.com/images/P/0671541331.01.LZZZZZZZ.jpg
0800709179;You are never alone;Charles Livingstone Allen;1978;F.H. Revell Co;http://images.amazon.com/images/P/0800709179.01.THUMBZZZ.jpg;http://images.amazon.com/images/P/0800709179.01.MZZZZZZZ.jpg;http://images.amazon.com/images/P/0800709179.01.LZZZZZZZ.jpg
9510154946;Yhtälö;Marja-Leena Aarnio;1989;Söderström;http://images.amazon.com/images/P/9510154946.01.THUMBZZZ.jpg;http://images.amazon.com/images/P/9510154946.01.MZZZZZZZ.jpg;http://images.amazon.com/images/P/9510154946.01.LZZZZZZZ.jpg
1576737748;Your God Is Too Safe;Mark Buchanan;2001;Multnomah;http://images.amazon.com/images/P/1576737748.01.THUMBZZZ.jpg;http://images.amazon.com/images/P/1576737748.01.MZZZZZZZ.jpg;http://images.amazon.com/images/P/1576737748.01.LZZZZZZZ.jpg
0312018525;Year's Best Fantasy: 1st Annual Collection;R. Datlow;2000;Palgrave-Macmillan;http://images.amazon.com/images/P/0312018525.01.THUMBZZZ.jpg;http://images.amazon.com/images/P/0312018525.01.MZZZZZZZ.jpg;http://images.amazon.com/images/P/0312018525.01.LZZZZZZZ.jpg
0785277374;You Don't Have to Be Blind to See;Jim Stovall;1996;Thomas Nelson Publishers;http://images.amazon.com/images/P/0785277374.01.THUMBZZZ.jpg;http://images.amazon.com/images/P/0785277374.01.MZZZZZZZ.jpg;http://images.amazon.com/images/P/0785277374.01.LZZZZZZZ.jpg
0316875473;Yesterday in the Back Lane;Bernice Rubens;1995;Little Brown and Company;http://images.amazon.com/images/P/0316875473.01.THUMBZZZ.jpg;http://images.amazon.com/images/P/0316875473.01.MZZZZZZZ.jpg;http://images.amazon.com/images/P/0316875473.01.LZZZZZZZ.jpg
0689835086;Young Nick's Head;Karen Hesse;2001;Simon & Schuster Childrens Books;http://images.amazon.com/images/P/0689835086.01.THUMBZZZ.jpg;http://images.amazon.com/images/P/0689835086.01.MZZZZZZZ.jpg;http://images.amazon.com/images/P/0689835086.01.LZZZZZZZ.jpg
067154151X;YOU WERE BORN AGIN;Dick Sutphen;1984;Pocket;http://images.amazon.com/images/P/067154151X.01.THUMBZZZ.jpg;http://images.amazon.com/images/P/067154151X.01.MZZZZZZZ.jpg;http://images.amazon.com/images/P/067154151X.01.LZZZZZZZ.jpg
0041490517;Yoga Week by Week;Selvarajan Yesudian;1976;Harpercollins;http://images.amazon.com/images/P/0041490517.01.THUMBZZZ.jpg;http://images.amazon.com/images/P/0041490517.01.MZZZZZZZ.jpg;http://images.amazon.com/images/P/0041490517.01.LZZZZZZZ.jpg
0345338227;You Have Been Here Before: A Psychologist Looks at Past Lives;Edith, Dr. Fiore;1991;Ballantine Books;http://images.amazon.com/images/P/0345338227.01.THUMBZZZ.jpg;http://images.amazon.com/images/P/0345338227.01.MZZZZZZZ.jpg;http://images.amazon.com/images/P/0345338227.01.LZZZZZZZ.jpg
0880888415;Yes You Can!;Marc Anello;1998;Peter Pauper Press;http://images.amazon.com/images/P/0880888415.01.THUMBZZZ.jpg;http://images.amazon.com/images/P/0880888415.01.MZZZZZZZ.jpg;http://images.amazon.com/images/P/0880888415.01.LZZZZZZZ.jpg
0891913181;You and Your Husband's Mid-Life Crisis;Sally Conway;1986;David C. Cook Publishing Company;http://images.amazon.com/images/P/0891913181.01.THUMBZZZ.jpg;http://images.amazon.com/images/P/0891913181.01.MZZZZZZZ.jpg;http://images.amazon.com/images/P/0891913181.01.LZZZZZZZ.jpg
3257219113;Yucatan. Roman.;Andrea DeCarlo;1991;Diogenes Verlag;http://images.amazon.com/images/P/3257219113.01.THUMBZZZ.jpg;http://images.amazon.com/images/P/3257219113.01.MZZZZZZZ.jpg;http://images.amazon.com/images/P/3257219113.01.LZZZZZZZ.jpg
067174772X;You've Got to Have Balls to Make It in This League: My Life As an Umpire;Pam Postema;1992;Simon & Schuster;http://images.amazon.com/images/P/067174772X.01.THUMBZZZ.jpg;http://images.amazon.com/images/P/067174772X.01.MZZZZZZZ.jpg;http://images.amazon.com/images/P/067174772X.01.LZZZZZZZ.jpg
0849981409;You can do it: A children's book about being creative (The Ready-set-grow series);Joy Wilt Berry;1980;Educational Products Division, Word;http://images.amazon.com/images/P/0849981409.01.THUMBZZZ.jpg;http://images.amazon.com/images/P/0849981409.01.MZZZZZZZ.jpg;http://images.amazon.com/images/P/0849981409.01.LZZZZZZZ.jpg
0803886012;Yours Till Niagara Falls Abby;Jane O'Connor;1979;Hastings House Pub;http://images.amazon.com/images/P/0803886012.01.THUMBZZZ.jpg;http://images.amazon.com/images/P/0803886012.01.MZZZZZZZ.jpg;http://images.amazon.com/images/P/0803886012.01.LZZZZZZZ.jpg
0743203097;Your Older Dog : A Complete Guide to Helping Your Dog Live a Longer and Healthier Life;Jean Callahan;2001;Fireside;http://images.amazon.com/images/P/0743203097.01.THUMBZZZ.jpg;http://images.amazon.com/images/P/0743203097.01.MZZZZZZZ.jpg;http://images.amazon.com/images/P/0743203097.01.LZZZZZZZ.jpg
0805059504;Yukon Alone: The World's Toughest Adventure Race;John Balzar;2001;Owl Books (NY);http://images.amazon.com/images/P/0805059504.01.THUMBZZZ.jpg;http://images.amazon.com/images/P/0805059504.01.MZZZZZZZ.jpg;http://images.amazon.com/images/P/0805059504.01.LZZZZZZZ.jpg
0684854910;You're Too Kind : A Brief History of Flattery;Richard Stengel;2000;Simon & Schuster;http://images.amazon.com/images/P/0684854910.01.THUMBZZZ.jpg;http://images.amazon.com/images/P/0684854910.01.MZZZZZZZ.jpg;http://images.amazon.com/images/P/0684854910.01.LZZZZZZZ.jpg
093785851X;Your Child at Play: Birth to One Year;Marilyn Segal;1985;W W Norton & Co;http://images.amazon.com/images/P/093785851X.01.THUMBZZZ.jpg;http://images.amazon.com/images/P/093785851X.01.MZZZZZZZ.jpg;http://images.amazon.com/images/P/093785851X.01.LZZZZZZZ.jpg
0425064735;You Can Teach Your Child Intelligence;David Lewis;1984;Berkley Pub Group;http://images.amazon.com/images/P/0425064735.01.THUMBZZZ.jpg;http://images.amazon.com/images/P/0425064735.01.MZZZZZZZ.jpg;http://images.amazon.com/images/P/0425064735.01.LZZZZZZZ.jpg
0060694327;Yhwh Is Not a Radio Station in Minneapolis: And Other Things Everyone Should Know;Craig Wilson;1983;Harpercollins;http://images.amazon.com/images/P/0060694327.01.THUMBZZZ.jpg;http://images.amazon.com/images/P/0060694327.01.MZZZZZZZ.jpg;http://images.amazon.com/images/P/0060694327.01.LZZZZZZZ.jpg
0684804042;You Wouldn't Believe What My Grandchild Did...;Lois Wyse;1995;Simon & Schuster;http://images.amazon.com/images/P/0684804042.01.THUMBZZZ.jpg;http://images.amazon.com/images/P/0684804042.01.MZZZZZZZ.jpg;http://images.amazon.com/images/P/0684804042.01.LZZZZZZZ.jpg
1557042098;Your Wealth Building Years: Financial Planning for 18-To-38 Year Olds;Adriane G Berg;1995;Newmarket Press;http://images.amazon.com/images/P/1557042098.01.THUMBZZZ.jpg;http://images.amazon.com/images/P/1557042098.01.MZZZZZZZ.jpg;http://images.amazon.com/images/P/1557042098.01.LZZZZZZZ.jpg
0441949789;You Can Be the Stainless Steel Rat;Harry Harrison;1988;Ace Books;http://images.amazon.com/images/P/0441949789.01.THUMBZZZ.jpg;http://images.amazon.com/images/P/0441949789.01.MZZZZZZZ.jpg;http://images.amazon.com/images/P/0441949789.01.LZZZZZZZ.jpg
1880032473;Yoga for Busy People: Increase Energy and Reduce Stress in Minutes a Day;Dawn Groves;1995;New World Library;http://images.amazon.com/images/P/1880032473.01.THUMBZZZ.jpg;http://images.amazon.com/images/P/1880032473.01.MZZZZZZZ.jpg;http://images.amazon.com/images/P/1880032473.01.LZZZZZZZ.jpg
1586604104;You're Late Again Lord!: The Impatient Woman's Guide to Gods Timing;Karon Phillips Goodman;2002;Barbour Publishing;http://images.amazon.com/images/P/1586604104.01.THUMBZZZ.jpg;http://images.amazon.com/images/P/1586604104.01.MZZZZZZZ.jpg;http://images.amazon.com/images/P/1586604104.01.LZZZZZZZ.jpg
0913592781;You: Prayer for Beginners and Those Who Have Forgotten How;Mark Link;1976;Resources for Christian Living;http://images.amazon.com/images/P/0913592781.01.THUMBZZZ.jpg;http://images.amazon.com/images/P/0913592781.01.MZZZZZZZ.jpg;http://images.amazon.com/images/P/0913592781.01.LZZZZZZZ.jpg
0963801937;Yes, You Can: One Thousand One Hundred Five Empowering Ideas for Life, Work & Happiness;Sam Deep;1993;Seminars by Sam Deep;http://images.amazon.com/images/P/0963801937.01.THUMBZZZ.jpg;http://images.amazon.com/images/P/0963801937.01.MZZZZZZZ.jpg;http://images.amazon.com/images/P/0963801937.01.LZZZZZZZ.jpg
0505519208;Yesterday's Dawn: Hunters of the Ice Age (Lovespell);Theresa Scott;1994;Love Spell;http://images.amazon.com/images/P/0505519208.01.THUMBZZZ.jpg;http://images.amazon.com/images/P/0505519208.01.MZZZZZZZ.jpg;http://images.amazon.com/images/P/0505519208.01.LZZZZZZZ.jpg
0933478178;Yeast Connection Cookbook;William G. Crook;1991;Professional Books/Future Health;http://images.amazon.com/images/P/0933478178.01.THUMBZZZ.jpg;http://images.amazon.com/images/P/0933478178.01.MZZZZZZZ.jpg;http://images.amazon.com/images/P/0933478178.01.LZZZZZZZ.jpg
0825615135;You Can Write a Song (with Audio CD);Amy Appleby;1995;Music Sales Corporation;http://images.amazon.com/images/P/0825615135.01.THUMBZZZ.jpg;http://images.amazon.com/images/P/0825615135.01.MZZZZZZZ.jpg;http://images.amazon.com/images/P/0825615135.01.LZZZZZZZ.jpg
0552996645;Yellowheart;Tracy Reed;1996;Transworld Publishers Ltd;http://images.amazon.com/images/P/0552996645.01.THUMBZZZ.jpg;http://images.amazon.com/images/P/0552996645.01.MZZZZZZZ.jpg;http://images.amazon.com/images/P/0552996645.01.LZZZZZZZ.jpg
0749913266;Your Healing Power: A Comprehensive Guide to Channelling Your Healing Energies;Jack Angelo;1998;Piatkus Books;http://images.amazon.com/images/P/0749913266.01.THUMBZZZ.jpg;http://images.amazon.com/images/P/0749913266.01.MZZZZZZZ.jpg;http://images.amazon.com/images/P/0749913266.01.LZZZZZZZ.jpg
1564144089;You Can Afford to Stay Home With Your Kids: A Step-By-Step Guide for Converting Your Family from Two Incomes to One (You Can Afford to Stay Home With Your Kids);Malia McCawley Wyckoff;1999;Career Press;http://images.amazon.com/images/P/1564144089.01.THUMBZZZ.jpg;http://images.amazon.com/images/P/1564144089.01.MZZZZZZZ.jpg;http://images.amazon.com/images/P/1564144089.01.LZZZZZZZ.jpg
0590716131;You Can't Take Mickey 3515;Craddock;1986;Scholastic Book Service;http://images.amazon.com/images/P/0590716131.01.THUMBZZZ.jpg;http://images.amazon.com/images/P/0590716131.01.MZZZZZZZ.jpg;http://images.amazon.com/images/P/0590716131.01.LZZZZZZZ.jpg
0553560107;You Are an Alien (Choose Your Own Adventure No. 156);Edward Packard;1995;Skylark Books;http://images.amazon.com/images/P/0553560107.01.THUMBZZZ.jpg;http://images.amazon.com/images/P/0553560107.01.MZZZZZZZ.jpg;http://images.amazon.com/images/P/0553560107.01.LZZZZZZZ.jpg
093158020X;You Can't Afford the Luxury of a Negative Thought;John-Roger;1988;Prelude Press;http://images.amazon.com/images/P/093158020X.01.THUMBZZZ.jpg;http://images.amazon.com/images/P/093158020X.01.MZZZZZZZ.jpg;http://images.amazon.com/images/P/093158020X.01.LZZZZZZZ.jpg
0590415468;Yearbook II;Melissa Davis;1988;Scholastic Paperbacks (Mm);http://images.amazon.com/images/P/0590415468.01.THUMBZZZ.jpg;http://images.amazon.com/images/P/0590415468.01.MZZZZZZZ.jpg;http://images.amazon.com/images/P/0590415468.01.LZZZZZZZ.jpg
1560973102;Your Vigor for Life Appalls Me: Robert Crumb Letters 1958-1977;Robert Crumb;1998;Fantagraphics Books;http://images.amazon.com/images/P/1560973102.01.THUMBZZZ.jpg;http://images.amazon.com/images/P/1560973102.01.MZZZZZZZ.jpg;http://images.amazon.com/images/P/1560973102.01.LZZZZZZZ.jpg
0887436048;You Can't Scare Me: A Book of Numbers;Kathy Hacker;2000;School Zone Publishing Company;http://images.amazon.com/images/P/0887436048.01.THUMBZZZ.jpg;http://images.amazon.com/images/P/0887436048.01.MZZZZZZZ.jpg;http://images.amazon.com/images/P/0887436048.01.LZZZZZZZ.jpg
0312865724;Younger Than Springtime;Andrew M. Greeley;1999;St Martins Pr;http://images.amazon.com/images/P/0312865724.01.THUMBZZZ.jpg;http://images.amazon.com/images/P/0312865724.01.MZZZZZZZ.jpg;http://images.amazon.com/images/P/0312865724.01.LZZZZZZZ.jpg
076456238X;You and Your Puppy : Training and Health Care for Your Puppy's First Year (Howell Reference Books);James  DeBitetto;2000;Howell Book House;http://images.amazon.com/images/P/076456238X.01.THUMBZZZ.jpg;http://images.amazon.com/images/P/076456238X.01.MZZZZZZZ.jpg;http://images.amazon.com/images/P/076456238X.01.LZZZZZZZ.jpg
0373702639;Yes Is Forever (Harlequin Superromance, No 263);Jane Worth Abbott;1987;Harlequin;http://images.amazon.com/images/P/0373702639.01.THUMBZZZ.jpg;http://images.amazon.com/images/P/0373702639.01.MZZZZZZZ.jpg;http://images.amazon.com/images/P/0373702639.01.LZZZZZZZ.jpg
081672539X;Young Harriet Tubman: Freedom Fighter (First-Start Biographies);Anne Benjamin;1992;Troll Communications;http://images.amazon.com/images/P/081672539X.01.THUMBZZZ.jpg;http://images.amazon.com/images/P/081672539X.01.MZZZZZZZ.jpg;http://images.amazon.com/images/P/081672539X.01.LZZZZZZZ.jpg
1578561930;You Can't Make Me: But I Can Be Persuaded;Cynthia Ulrich Tobias;1999;Waterbrook Press;http://images.amazon.com/images/P/1578561930.01.THUMBZZZ.jpg;http://images.amazon.com/images/P/1578561930.01.MZZZZZZZ.jpg;http://images.amazon.com/images/P/1578561930.01.LZZZZZZZ.jpg
0439012929;Young Americans;Geoff Gomez;2000;Scholastic Press;http://images.amazon.com/images/P/0439012929.01.THUMBZZZ.jpg;http://images.amazon.com/images/P/0439012929.01.MZZZZZZZ.jpg;http://images.amazon.com/images/P/0439012929.01.LZZZZZZZ.jpg
1556115113;Younger Than Springtime;Greg Williams;1997;Dutton Books;http://images.amazon.com/images/P/1556115113.01.THUMBZZZ.jpg;http://images.amazon.com/images/P/1556115113.01.MZZZZZZZ.jpg;http://images.amazon.com/images/P/1556115113.01.LZZZZZZZ.jpg
1865085065;You Talkin' to Me?;Anthony Sharwood;2001;Allen & Unwin;http://images.amazon.com/images/P/1865085065.01.THUMBZZZ.jpg;http://images.amazon.com/images/P/1865085065.01.MZZZZZZZ.jpg;http://images.amazon.com/images/P/1865085065.01.LZZZZZZZ.jpg
0964348500;Yoga for the New Millennium;Tamal Krishna Goswami;2001;Bhaktivedanta Book Trust;http://images.amazon.com/images/P/0964348500.01.THUMBZZZ.jpg;http://images.amazon.com/images/P/0964348500.01.MZZZZZZZ.jpg;http://images.amazon.com/images/P/0964348500.01.LZZZZZZZ.jpg
0866220658;Your First Goldfish (Your First Series);Mariana Gilbert;1991;TFH Publications;http://images.amazon.com/images/P/0866220658.01.THUMBZZZ.jpg;http://images.amazon.com/images/P/0866220658.01.MZZZZZZZ.jpg;http://images.amazon.com/images/P/0866220658.01.LZZZZZZZ.jpg
0517577526;Yellow Silk: Erotic Arts and Letters;Lily Pond;1991;Random House Inc;http://images.amazon.com/images/P/0517577526.01.THUMBZZZ.jpg;http://images.amazon.com/images/P/0517577526.01.MZZZZZZZ.jpg;http://images.amazon.com/images/P/0517577526.01.LZZZZZZZ.jpg
0520224930;You Are Not I: A Portrait of Paul Bowles;Millicent Dillon;2000;University of California Press;http://images.amazon.com/images/P/0520224930.01.THUMBZZZ.jpg;http://images.amazon.com/images/P/0520224930.01.MZZZZZZZ.jpg;http://images.amazon.com/images/P/0520224930.01.LZZZZZZZ.jpg
073730104X;Your Guide To the Sky;Richard  Shaffer;1999;McGraw-Hill;http://images.amazon.com/images/P/073730104X.01.THUMBZZZ.jpg;http://images.amazon.com/images/P/073730104X.01.MZZZZZZZ.jpg;http://images.amazon.com/images/P/073730104X.01.LZZZZZZZ.jpg
0873375106;Your Limited Liability Company: An Operating Manual (Your Limited Liability Company (W/CD));Anthony Mancuso;1999;Nolo.com;http://images.amazon.com/images/P/0873375106.01.THUMBZZZ.jpg;http://images.amazon.com/images/P/0873375106.01.MZZZZZZZ.jpg;http://images.amazon.com/images/P/0873375106.01.LZZZZZZZ.jpg
0816734704;Yellow Dog (8 X 8);Justine Korman;1994;Troll Communications;http://images.amazon.com/images/P/0816734704.01.THUMBZZZ.jpg;http://images.amazon.com/images/P/0816734704.01.MZZZZZZZ.jpg;http://images.amazon.com/images/P/0816734704.01.LZZZZZZZ.jpg
0893755443;Yummy, Yummy (Giant First-Start Reader);Judith Grey;1989;Troll Communications;http://images.amazon.com/images/P/0893755443.01.THUMBZZZ.jpg;http://images.amazon.com/images/P/0893755443.01.MZZZZZZZ.jpg;http://images.amazon.com/images/P/0893755443.01.LZZZZZZZ.jpg
067981180X;Young Indiana Jones and the Ghostly Riders (Young Indiana Jones, Book 7);William McCay;1991;Random House Childrens Books;http://images.amazon.com/images/P/067981180X.01.THUMBZZZ.jpg;http://images.amazon.com/images/P/067981180X.01.MZZZZZZZ.jpg;http://images.amazon.com/images/P/067981180X.01.LZZZZZZZ.jpg
0684196158;YEAR AFTER CHILDBIRTH;Sheila Kitzinger;1994;Scribner;http://images.amazon.com/images/P/0684196158.01.THUMBZZZ.jpg;http://images.amazon.com/images/P/0684196158.01.MZZZZZZZ.jpg;http://images.amazon.com/images/P/0684196158.01.LZZZZZZZ.jpg
0393074897;You Can Get There from Here;Shirley MacLaine;1975;W. W. Norton & Company;http://images.amazon.com/images/P/0393074897.01.THUMBZZZ.jpg;http://images.amazon.com/images/P/0393074897.01.MZZZZZZZ.jpg;http://images.amazon.com/images/P/0393074897.01.LZZZZZZZ.jpg
0471239968;Your Premature Baby : Everything You Need to Know About Childbirth, Treatment, and Parenting;Frank P.  Manginello;1998;Wiley;http://images.amazon.com/images/P/0471239968.01.THUMBZZZ.jpg;http://images.amazon.com/images/P/0471239968.01.MZZZZZZZ.jpg;http://images.amazon.com/images/P/0471239968.01.LZZZZZZZ.jpg
0821717847;Yankee's Lady;Kay McMahon;1986;Kensington Publishing Corporation;http://images.amazon.com/images/P/0821717847.01.THUMBZZZ.jpg;http://images.amazon.com/images/P/0821717847.01.MZZZZZZZ.jpg;http://images.amazon.com/images/P/0821717847.01.LZZZZZZZ.jpg
1586482114;Years of Minutes;Andrew A. Rooney;2003;PublicAffairs;http://images.amazon.com/images/P/1586482114.01.THUMBZZZ.jpg;http://images.amazon.com/images/P/1586482114.01.MZZZZZZZ.jpg;http://images.amazon.com/images/P/1586482114.01.LZZZZZZZ.jpg
8432045020;Yo, Lucrecia Borgia (Personajes);Carmen Barbera;1995;Planeta;http://images.amazon.com/images/P/8432045020.01.THUMBZZZ.jpg;http://images.amazon.com/images/P/8432045020.01.MZZZZZZZ.jpg;http://images.amazon.com/images/P/8432045020.01.LZZZZZZZ.jpg
0425174751;You're Missin' a Great Game;Whitey Herzog;2000;Berkley Publishing Group;http://images.amazon.com/images/P/0425174751.01.THUMBZZZ.jpg;http://images.amazon.com/images/P/0425174751.01.MZZZZZZZ.jpg;http://images.amazon.com/images/P/0425174751.01.LZZZZZZZ.jpg
0062586114;Yminla?: An Angeleno Explains Life on the Left Coast to His Mother in Brooklyn (Why Am I in La a Pl8spk Book);Daniel Nussbaum;1996;Harpercollins;http://images.amazon.com/images/P/0062586114.01.THUMBZZZ.jpg;http://images.amazon.com/images/P/0062586114.01.MZZZZZZZ.jpg;http://images.amazon.com/images/P/0062586114.01.LZZZZZZZ.jpg
0006198228;Youth Ministry Encyclopedia;Lyman Coleman;1985;Pub Group West;http://images.amazon.com/images/P/0006198228.01.THUMBZZZ.jpg;http://images.amazon.com/images/P/0006198228.01.MZZZZZZZ.jpg;http://images.amazon.com/images/P/0006198228.01.LZZZZZZZ.jpg
0918526671;Yannis Ritsos: Selected Poems, 1938-1988 (New American Translations Series);Yannis Ritsos;1990;BOA Editions;http://images.amazon.com/images/P/0918526671.01.THUMBZZZ.jpg;http://images.amazon.com/images/P/0918526671.01.MZZZZZZZ.jpg;http://images.amazon.com/images/P/0918526671.01.LZZZZZZZ.jpg
0688318207;Your Silent Language.;Elizabeth. McGough;1974;Harpercollins Library;http://images.amazon.com/images/P/0688318207.01.THUMBZZZ.jpg;http://images.amazon.com/images/P/0688318207.01.MZZZZZZZ.jpg;http://images.amazon.com/images/P/0688318207.01.LZZZZZZZ.jpg
0140118799;You Don't Have to Pet to Be Popular;Libby Reid;1989;Penguin USA;http://images.amazon.com/images/P/0140118799.01.THUMBZZZ.jpg;http://images.amazon.com/images/P/0140118799.01.MZZZZZZZ.jpg;http://images.amazon.com/images/P/0140118799.01.LZZZZZZZ.jpg
0207191883;You Choose;Jen McVeity;1998;Consortium Book Sales & Dist (J);http://images.amazon.com/images/P/0207191883.01.THUMBZZZ.jpg;http://images.amazon.com/images/P/0207191883.01.MZZZZZZZ.jpg;http://images.amazon.com/images/P/0207191883.01.LZZZZZZZ.jpg
1555610684;Your Pregnancy: Week-By-Week (Your Pregnancy Series);Glade B. Curtis;1994;Motorbooks Intl;http://images.amazon.com/images/P/1555610684.01.THUMBZZZ.jpg;http://images.amazon.com/images/P/1555610684.01.MZZZZZZZ.jpg;http://images.amazon.com/images/P/1555610684.01.LZZZZZZZ.jpg
351806858X;"Ypsilon minus (Suhrkamp Taschenbuch ; 358)";Herbert W Franke;1976;Suhrkamp;http://images.amazon.com/images/P/351806858X.01.THUMBZZZ.jpg;http://images.amazon.com/images/P/351806858X.01.MZZZZZZZ.jpg;http://images.amazon.com/images/P/351806858X.01.LZZZZZZZ.jpg
0435909509;Your Name Shall Be Tanga (African Writers Series);Calixthe Beyala;1996;Heinemann;http://images.amazon.com/images/P/0435909509.01.THUMBZZZ.jpg;http://images.amazon.com/images/P/0435909509.01.MZZZZZZZ.jpg;http://images.amazon.com/images/P/0435909509.01.LZZZZZZZ.jpg
0449234533;Youve Got to Kid Snoo;Schulz;1981;Not Avail;http://images.amazon.com/images/P/0449234533.01.THUMBZZZ.jpg;http://images.amazon.com/images/P/0449234533.01.MZZZZZZZ.jpg;http://images.amazon.com/images/P/0449234533.01.LZZZZZZZ.jpg
157416032X;Yoga for Teens: How to Improve Your Fitness, Confidence, Appearance, and Health-And Have Fun Doing It!;Thia Luby;1999;Clear Light Books;http://images.amazon.com/images/P/157416032X.01.THUMBZZZ.jpg;http://images.amazon.com/images/P/157416032X.01.MZZZZZZZ.jpg;http://images.amazon.com/images/P/157416032X.01.LZZZZZZZ.jpg
0449226441;Youre Not Real Snoopy;Charles M. Schulz;1975;Ballantine Books;http://images.amazon.com/images/P/0449226441.01.THUMBZZZ.jpg;http://images.amazon.com/images/P/0449226441.01.MZZZZZZZ.jpg;http://images.amazon.com/images/P/0449226441.01.LZZZZZZZ.jpg
0192836005;Young Goodman Brown and Other Tales (Oxford World's Classics);Nathaniel Hawthorne;1999;Oxford University Press;http://images.amazon.com/images/P/0192836005.01.THUMBZZZ.jpg;http://images.amazon.com/images/P/0192836005.01.MZZZZZZZ.jpg;http://images.amazon.com/images/P/0192836005.01.LZZZZZZZ.jpg
0786702583;Young Adolf;Beryl Bainbridge;1995;Carroll & Graf Publishers;http://images.amazon.com/images/P/0786702583.01.THUMBZZZ.jpg;http://images.amazon.com/images/P/0786702583.01.MZZZZZZZ.jpg;http://images.amazon.com/images/P/0786702583.01.LZZZZZZZ.jpg
0942494946;You Can Heal Your Life;Louise L. Hay;1985;Coleman Publishing Inc;http://images.amazon.com/images/P/0942494946.01.THUMBZZZ.jpg;http://images.amazon.com/images/P/0942494946.01.MZZZZZZZ.jpg;http://images.amazon.com/images/P/0942494946.01.LZZZZZZZ.jpg
0072354259;Yookoso! Continuing with Contemporary Japanese (Student Edition + Listening Comprehension Audio CD);Yasu-Hiko  Tohsaku;1999;McGraw-Hill Humanities/Social Sciences/Languages;http://images.amazon.com/images/P/0072354259.01.THUMBZZZ.jpg;http://images.amazon.com/images/P/0072354259.01.MZZZZZZZ.jpg;http://images.amazon.com/images/P/0072354259.01.LZZZZZZZ.jpg
0072354283;Yookoso! An Invitation to Contemporary Japanese (Student Edition + Listening Comprehension Audio CD);Yasu-Hiko  Tohsaku;1999;McGraw-Hill Humanities/Social Sciences/Languages;http://images.amazon.com/images/P/0072354283.01.THUMBZZZ.jpg;http://images.amazon.com/images/P/0072354283.01.MZZZZZZZ.jpg;http://images.amazon.com/images/P/0072354283.01.LZZZZZZZ.jpg
0812044991;You're Under Arrest, MS Wiz (Arch Book Series);Terence Blacker;1990;Barrons Juveniles;http://images.amazon.com/images/P/0812044991.01.THUMBZZZ.jpg;http://images.amazon.com/images/P/0812044991.01.MZZZZZZZ.jpg;http://images.amazon.com/images/P/0812044991.01.LZZZZZZZ.jpg
0534161405;Your College Experience: Strategies for Success (Freshman Year Experience Series);John N. Gardner;1992;Wadsworth Publishing Company;http://images.amazon.com/images/P/0534161405.01.THUMBZZZ.jpg;http://images.amazon.com/images/P/0534161405.01.MZZZZZZZ.jpg;http://images.amazon.com/images/P/0534161405.01.LZZZZZZZ.jpg
0140110879;You Bright and Risen Angels (Contemporary American fiction);William T. Vollmann;1988;Penguin Books;http://images.amazon.com/images/P/0140110879.01.THUMBZZZ.jpg;http://images.amazon.com/images/P/0140110879.01.MZZZZZZZ.jpg;http://images.amazon.com/images/P/0140110879.01.LZZZZZZZ.jpg
0373112149;Yesterday'S Embers (Harlequin Presents, No 1214);Sandra Rhoades;1989;Harlequin;http://images.amazon.com/images/P/0373112149.01.THUMBZZZ.jpg;http://images.amazon.com/images/P/0373112149.01.MZZZZZZZ.jpg;http://images.amazon.com/images/P/0373112149.01.LZZZZZZZ.jpg
0863184200;Yoga: the Iyengar Way;Silva Mehta;1990;Penguin Books Ltd;http://images.amazon.com/images/P/0863184200.01.THUMBZZZ.jpg;http://images.amazon.com/images/P/0863184200.01.MZZZZZZZ.jpg;http://images.amazon.com/images/P/0863184200.01.LZZZZZZZ.jpg
0762102977;Yoga for Everybody/Not Everybody: Simple Routines to Reduce Stress, Improve Fitness and Make You Feel Good at Any Stage of Life!;Paul Harvey;2001;Reader's Digest Association;http://images.amazon.com/images/P/0762102977.01.THUMBZZZ.jpg;http://images.amazon.com/images/P/0762102977.01.MZZZZZZZ.jpg;http://images.amazon.com/images/P/0762102977.01.LZZZZZZZ.jpg
1555612571;Your Baby's First Year Week by Week;Glade B. Curtis;2000;Perseus Publishing;http://images.amazon.com/images/P/1555612571.01.THUMBZZZ.jpg;http://images.amazon.com/images/P/1555612571.01.MZZZZZZZ.jpg;http://images.amazon.com/images/P/1555612571.01.LZZZZZZZ.jpg
1853270717;Your Health, Our World: The Impact of Environmental Degradation on Human Wellbeing;Diane Wiesner;1993;Prism Pr Ltd;http://images.amazon.com/images/P/1853270717.01.THUMBZZZ.jpg;http://images.amazon.com/images/P/1853270717.01.MZZZZZZZ.jpg;http://images.amazon.com/images/P/1853270717.01.LZZZZZZZ.jpg
0935480978;Yo-Yo Boing! (Discoveries);Giannina Braschi;1998;Latin American Literary Review Press;http://images.amazon.com/images/P/0935480978.01.THUMBZZZ.jpg;http://images.amazon.com/images/P/0935480978.01.MZZZZZZZ.jpg;http://images.amazon.com/images/P/0935480978.01.LZZZZZZZ.jpg
1555610773;Your Pregnancy Questions & Answers (Your Pregnancy Series);Glade B. Curtis;1995;Perseus Books Group;http://images.amazon.com/images/P/1555610773.01.THUMBZZZ.jpg;http://images.amazon.com/images/P/1555610773.01.MZZZZZZZ.jpg;http://images.amazon.com/images/P/1555610773.01.LZZZZZZZ.jpg
0874060427;You're Really a Model Now!;Marcie Anderson;1985;Pages Publishing Group;http://images.amazon.com/images/P/0874060427.01.THUMBZZZ.jpg;http://images.amazon.com/images/P/0874060427.01.MZZZZZZZ.jpg;http://images.amazon.com/images/P/0874060427.01.LZZZZZZZ.jpg
0671809393;YEAR HUNGRY TIGER;John G. Davis;1977;Pocket;http://images.amazon.com/images/P/0671809393.01.THUMBZZZ.jpg;http://images.amazon.com/images/P/0671809393.01.MZZZZZZZ.jpg;http://images.amazon.com/images/P/0671809393.01.LZZZZZZZ.jpg
0140262636;Yugoslavia: Death of a Nation;Laura Silber;1997;Penguin Books;http://images.amazon.com/images/P/0140262636.01.THUMBZZZ.jpg;http://images.amazon.com/images/P/0140262636.01.MZZZZZZZ.jpg;http://images.amazon.com/images/P/0140262636.01.LZZZZZZZ.jpg
0553374281;Yoga: Discipline of Freedom : The Yoga Sutra Attributed to Patanjali;Barbara Stoler Miller;1998;Bantam;http://images.amazon.com/images/P/0553374281.01.THUMBZZZ.jpg;http://images.amazon.com/images/P/0553374281.01.MZZZZZZZ.jpg;http://images.amazon.com/images/P/0553374281.01.LZZZZZZZ.jpg
0446361895;Yamato: A Rage in Heaven : Part 2;Ken Kato;1991;Warner Books (Mm);http://images.amazon.com/images/P/0446361895.01.THUMBZZZ.jpg;http://images.amazon.com/images/P/0446361895.01.MZZZZZZZ.jpg;http://images.amazon.com/images/P/0446361895.01.LZZZZZZZ.jpg
0914457020;You too can be a Democratic candidate for President;Bruce Jacobsen;1983;RJ Publications;http://images.amazon.com/images/P/0914457020.01.THUMBZZZ.jpg;http://images.amazon.com/images/P/0914457020.01.MZZZZZZZ.jpg;http://images.amazon.com/images/P/0914457020.01.LZZZZZZZ.jpg
0451165055;You and the Law;Consumer Guide;1991;New Amer Library;http://images.amazon.com/images/P/0451165055.01.THUMBZZZ.jpg;http://images.amazon.com/images/P/0451165055.01.MZZZZZZZ.jpg;http://images.amazon.com/images/P/0451165055.01.LZZZZZZZ.jpg
0062737376;Yahoo! The Ultimate Desk Reference to the Web;HP Newquist;2000;HarperResource;http://images.amazon.com/images/P/0062737376.01.THUMBZZZ.jpg;http://images.amazon.com/images/P/0062737376.01.MZZZZZZZ.jpg;http://images.amazon.com/images/P/0062737376.01.LZZZZZZZ.jpg
1883938783;Year of the Smoke Girl;Olivia J. Boler;2000;Dry Bones Press;http://images.amazon.com/images/P/1883938783.01.THUMBZZZ.jpg;http://images.amazon.com/images/P/1883938783.01.MZZZZZZZ.jpg;http://images.amazon.com/images/P/1883938783.01.LZZZZZZZ.jpg
0840790589;Your Road to Recovery;Oral Roberts;1986;Thomas Nelson Inc;http://images.amazon.com/images/P/0840790589.01.THUMBZZZ.jpg;http://images.amazon.com/images/P/0840790589.01.MZZZZZZZ.jpg;http://images.amazon.com/images/P/0840790589.01.LZZZZZZZ.jpg
037310622X;Yesterday'S Island (Harlequin Presents);Anne Weale;1983;Harlequin;http://images.amazon.com/images/P/037310622X.01.THUMBZZZ.jpg;http://images.amazon.com/images/P/037310622X.01.MZZZZZZZ.jpg;http://images.amazon.com/images/P/037310622X.01.LZZZZZZZ.jpg
0373833555;Yours And Mine;Debbie MacOmber;1997;Harlequin;http://images.amazon.com/images/P/0373833555.01.THUMBZZZ.jpg;http://images.amazon.com/images/P/0373833555.01.MZZZZZZZ.jpg;http://images.amazon.com/images/P/0373833555.01.LZZZZZZZ.jpg
0451408659;You and No Other (Topaz Historical Romance);Suzanne Simmons;1998;Topaz;http://images.amazon.com/images/P/0451408659.01.THUMBZZZ.jpg;http://images.amazon.com/images/P/0451408659.01.MZZZZZZZ.jpg;http://images.amazon.com/images/P/0451408659.01.LZZZZZZZ.jpg
0553257757;Yoga 28 Day Exercise Plan;Richard Hittleman;1983;Bantam Books;http://images.amazon.com/images/P/0553257757.01.THUMBZZZ.jpg;http://images.amazon.com/images/P/0553257757.01.MZZZZZZZ.jpg;http://images.amazon.com/images/P/0553257757.01.LZZZZZZZ.jpg
0451405749;Yesterday's Roses (Topaz Historical Romances);Heather Cullman;1995;Topaz;http://images.amazon.com/images/P/0451405749.01.THUMBZZZ.jpg;http://images.amazon.com/images/P/0451405749.01.MZZZZZZZ.jpg;http://images.amazon.com/images/P/0451405749.01.LZZZZZZZ.jpg
084991387X;Y2k: The Day The World Shut Down;Michael Hyatt;1998;WestBow Press;http://images.amazon.com/images/P/084991387X.01.THUMBZZZ.jpg;http://images.amazon.com/images/P/084991387X.01.MZZZZZZZ.jpg;http://images.amazon.com/images/P/084991387X.01.LZZZZZZZ.jpg
0688066135;You Get What You Pay for;Larry Beinhart;1988;Harpercollins;http://images.amazon.com/images/P/0688066135.01.THUMBZZZ.jpg;http://images.amazon.com/images/P/0688066135.01.MZZZZZZZ.jpg;http://images.amazon.com/images/P/0688066135.01.LZZZZZZZ.jpg
0440506492;Your Three Year Old: Friend or Enemy;Louise Bate Ames;1980;Dell Publishing Company;http://images.amazon.com/images/P/0440506492.01.THUMBZZZ.jpg;http://images.amazon.com/images/P/0440506492.01.MZZZZZZZ.jpg;http://images.amazon.com/images/P/0440506492.01.LZZZZZZZ.jpg
0684849968;You're Certifiable : The Alternative Career Guide to More Than 700 Certificate Programs, Trade Schools, and Job Opportunities;Lee Naftali;1999;Fireside;http://images.amazon.com/images/P/0684849968.01.THUMBZZZ.jpg;http://images.amazon.com/images/P/0684849968.01.MZZZZZZZ.jpg;http://images.amazon.com/images/P/0684849968.01.LZZZZZZZ.jpg
0970130201;You Can Be...Well at Any Age: Your Definitive Guide to Vibrant Health;K. Steven Whiting;2000;Inst of Nutritional Science;http://images.amazon.com/images/P/0970130201.01.THUMBZZZ.jpg;http://images.amazon.com/images/P/0970130201.01.MZZZZZZZ.jpg;http://images.amazon.com/images/P/0970130201.01.LZZZZZZZ.jpg
0898798280;You Can Get Published (You Can Write It Series);Peggy Teeters;1998;F & W Pubns;http://images.amazon.com/images/P/0898798280.01.THUMBZZZ.jpg;http://images.amazon.com/images/P/0898798280.01.MZZZZZZZ.jpg;http://images.amazon.com/images/P/0898798280.01.LZZZZZZZ.jpg
155778387X;Youthful Writings;Albert Camus;1990;Paragon House Publishers;http://images.amazon.com/images/P/155778387X.01.THUMBZZZ.jpg;http://images.amazon.com/images/P/155778387X.01.MZZZZZZZ.jpg;http://images.amazon.com/images/P/155778387X.01.LZZZZZZZ.jpg
0736660526;Year in Provence;Peter Mayle;1991;Books on Tape;http://images.amazon.com/images/P/0736660526.01.THUMBZZZ.jpg;http://images.amazon.com/images/P/0736660526.01.MZZZZZZZ.jpg;http://images.amazon.com/images/P/0736660526.01.LZZZZZZZ.jpg
0440998441;Young Person's Guide to Love;Morton Hunt;1977;Dell Publishing;http://images.amazon.com/images/P/0440998441.01.THUMBZZZ.jpg;http://images.amazon.com/images/P/0440998441.01.MZZZZZZZ.jpg;http://images.amazon.com/images/P/0440998441.01.LZZZZZZZ.jpg
0785816283;Yoga Directory;Linda Doeser;2003;Book Sales;http://images.amazon.com/images/P/0785816283.01.THUMBZZZ.jpg;http://images.amazon.com/images/P/0785816283.01.MZZZZZZZ.jpg;http://images.amazon.com/images/P/0785816283.01.LZZZZZZZ.jpg
0151997535;Yesterday's spy;Len Deighton;1975;Harcourt Brace Jovanovich;http://images.amazon.com/images/P/0151997535.01.THUMBZZZ.jpg;http://images.amazon.com/images/P/0151997535.01.MZZZZZZZ.jpg;http://images.amazon.com/images/P/0151997535.01.LZZZZZZZ.jpg
0684854929;You're Too Kind: A Brief History of Flattery;Richard Stengel;2002;Simon & Schuster;http://images.amazon.com/images/P/0684854929.01.THUMBZZZ.jpg;http://images.amazon.com/images/P/0684854929.01.MZZZZZZZ.jpg;http://images.amazon.com/images/P/0684854929.01.LZZZZZZZ.jpg
0835607631;Yoga for Your Spiritual Muscles: A Complete Yoga Program to Strengthen Body and Spirit;Rachel Schaeffer;1998;Quest Books (IL);http://images.amazon.com/images/P/0835607631.01.THUMBZZZ.jpg;http://images.amazon.com/images/P/0835607631.01.MZZZZZZZ.jpg;http://images.amazon.com/images/P/0835607631.01.LZZZZZZZ.jpg
1577330099;You're Not Old Until You're Ninety: Best to Be Prepared, However;Rebecca H. Latimer;1997;Blue Dolphin Publishing;http://images.amazon.com/images/P/1577330099.01.THUMBZZZ.jpg;http://images.amazon.com/images/P/1577330099.01.MZZZZZZZ.jpg;http://images.amazon.com/images/P/1577330099.01.LZZZZZZZ.jpg
0892832177;Yes or no?: Straight answers to tough questions about Christianity;Peter Kreeft;1984;Servant Books;http://images.amazon.com/images/P/0892832177.01.THUMBZZZ.jpg;http://images.amazon.com/images/P/0892832177.01.MZZZZZZZ.jpg;http://images.amazon.com/images/P/0892832177.01.LZZZZZZZ.jpg
0440506735;Your Five Year Old: Sunny and Serene;Louise Bates Ames;1995;Dell Publishing Company;http://images.amazon.com/images/P/0440506735.01.THUMBZZZ.jpg;http://images.amazon.com/images/P/0440506735.01.MZZZZZZZ.jpg;http://images.amazon.com/images/P/0440506735.01.LZZZZZZZ.jpg
0333765818;Year Book of Astronomy;Patrick Moore;1999;Pan;http://images.amazon.com/images/P/0333765818.01.THUMBZZZ.jpg;http://images.amazon.com/images/P/0333765818.01.MZZZZZZZ.jpg;http://images.amazon.com/images/P/0333765818.01.LZZZZZZZ.jpg
0373261322;You Have The Right To Remain Silent;Barbara Paul;1993;Worldwide Library;http://images.amazon.com/images/P/0373261322.01.THUMBZZZ.jpg;http://images.amazon.com/images/P/0373261322.01.MZZZZZZZ.jpg;http://images.amazon.com/images/P/0373261322.01.LZZZZZZZ.jpg
0970407955;Your Performing Edge : The Complete Guide to Success and Fulfillment in Sports and Life;JoAnn Dahlkoetter;2001;Pulgas Ridge Press;http://images.amazon.com/images/P/0970407955.01.THUMBZZZ.jpg;http://images.amazon.com/images/P/0970407955.01.MZZZZZZZ.jpg;http://images.amazon.com/images/P/0970407955.01.LZZZZZZZ.jpg
0689114095;YEAR OF THE THREE KINGS;Aubyn St;1983;Scribner;http://images.amazon.com/images/P/0689114095.01.THUMBZZZ.jpg;http://images.amazon.com/images/P/0689114095.01.MZZZZZZZ.jpg;http://images.amazon.com/images/P/0689114095.01.LZZZZZZZ.jpg
0877477914;You Can Learn to Speak;Royal L. Garff;1980;Deseret Book Company;http://images.amazon.com/images/P/0877477914.01.THUMBZZZ.jpg;http://images.amazon.com/images/P/0877477914.01.MZZZZZZZ.jpg;http://images.amazon.com/images/P/0877477914.01.LZZZZZZZ.jpg
1561700940;You Can Heal Your Life;Louise L. Hay;1994;Hay House;http://images.amazon.com/images/P/1561700940.01.THUMBZZZ.jpg;http://images.amazon.com/images/P/1561700940.01.MZZZZZZZ.jpg;http://images.amazon.com/images/P/1561700940.01.LZZZZZZZ.jpg
0425190080;You Cannot Be Serious;John McEnroe;2003;Berkley Publishing Group;http://images.amazon.com/images/P/0425190080.01.THUMBZZZ.jpg;http://images.amazon.com/images/P/0425190080.01.MZZZZZZZ.jpg;http://images.amazon.com/images/P/0425190080.01.LZZZZZZZ.jpg
1865084670;Yoss;Odo Hirsch;2001;Allen & Unwin;http://images.amazon.com/images/P/1865084670.01.THUMBZZZ.jpg;http://images.amazon.com/images/P/1865084670.01.MZZZZZZZ.jpg;http://images.amazon.com/images/P/1865084670.01.LZZZZZZZ.jpg
0872860043;Yage Letters;William Burroughs;1963;City Lights Publishers;http://images.amazon.com/images/P/0872860043.01.THUMBZZZ.jpg;http://images.amazon.com/images/P/0872860043.01.MZZZZZZZ.jpg;http://images.amazon.com/images/P/0872860043.01.LZZZZZZZ.jpg
0733607969;You don't have to be born brilliant: How to design a magnificent life;John McGrath;2000;Hodder Headline Australia;http://images.amazon.com/images/P/0733607969.01.THUMBZZZ.jpg;http://images.amazon.com/images/P/0733607969.01.MZZZZZZZ.jpg;http://images.amazon.com/images/P/0733607969.01.LZZZZZZZ.jpg
067980580X;Young Indiana Jones and the Secret City (Young Indiana Jones, Book 4);Les Martin;1990;Random House Children's Books;http://images.amazon.com/images/P/067980580X.01.THUMBZZZ.jpg;http://images.amazon.com/images/P/067980580X.01.MZZZZZZZ.jpg;http://images.amazon.com/images/P/067980580X.01.LZZZZZZZ.jpg
0884193551;You're Born an Original Don't Die a Copy;John L. Mason;1993;Word Publishing;http://images.amazon.com/images/P/0884193551.01.THUMBZZZ.jpg;http://images.amazon.com/images/P/0884193551.01.MZZZZZZZ.jpg;http://images.amazon.com/images/P/0884193551.01.LZZZZZZZ.jpg
0684811537;YELLOW WOMAN AND A BEAUTY OF THE SPIRIT;Leslie Marmon Silko;1996;Simon & Schuster;http://images.amazon.com/images/P/0684811537.01.THUMBZZZ.jpg;http://images.amazon.com/images/P/0684811537.01.MZZZZZZZ.jpg;http://images.amazon.com/images/P/0684811537.01.LZZZZZZZ.jpg
0965798100;You Can Travel Free;Robert Kirk;0;Pelican Books;http://images.amazon.com/images/P/0965798100.01.THUMBZZZ.jpg;http://images.amazon.com/images/P/0965798100.01.MZZZZZZZ.jpg;http://images.amazon.com/images/P/0965798100.01.LZZZZZZZ.jpg
0373708025;You Were On My Mind (The Midwives) (Superromance , No 802);Margot Early;1998;Harlequin;http://images.amazon.com/images/P/0373708025.01.THUMBZZZ.jpg;http://images.amazon.com/images/P/0373708025.01.MZZZZZZZ.jpg;http://images.amazon.com/images/P/0373708025.01.LZZZZZZZ.jpg
1894042093;You Cannot Die: The Incredible Findings of a Century of Research on Death;Ian Currie;1998;Somerville House Books Limited;http://images.amazon.com/images/P/1894042093.01.THUMBZZZ.jpg;http://images.amazon.com/images/P/1894042093.01.MZZZZZZZ.jpg;http://images.amazon.com/images/P/1894042093.01.LZZZZZZZ.jpg
0448419998;Yikes! Grandma's a Teenager (Zack Files, 17);Dan Greenburg;1999;Grosset & Dunlap;http://images.amazon.com/images/P/0448419998.01.THUMBZZZ.jpg;http://images.amazon.com/images/P/0448419998.01.MZZZZZZZ.jpg;http://images.amazon.com/images/P/0448419998.01.LZZZZZZZ.jpg
1555611508;Your Pregnancy Questions & Answers (Your Pregnancy Series);Glade B. Curtis;1997;Perseus Publishing;http://images.amazon.com/images/P/1555611508.01.THUMBZZZ.jpg;http://images.amazon.com/images/P/1555611508.01.MZZZZZZZ.jpg;http://images.amazon.com/images/P/1555611508.01.LZZZZZZZ.jpg
0307719383;Yo Solito (Mercer Mayer's Little Critter);Mercer Mayer;1994;Golden Books;http://images.amazon.com/images/P/0307719383.01.THUMBZZZ.jpg;http://images.amazon.com/images/P/0307719383.01.MZZZZZZZ.jpg;http://images.amazon.com/images/P/0307719383.01.LZZZZZZZ.jpg
0679882073;Young Wolf and Spirit Horse (Step into Reading, Step 3, paper);JANICE SHEFELMAN;1997;Random House Books for Young Readers;http://images.amazon.com/images/P/0679882073.01.THUMBZZZ.jpg;http://images.amazon.com/images/P/0679882073.01.MZZZZZZZ.jpg;http://images.amazon.com/images/P/0679882073.01.LZZZZZZZ.jpg
1884757774;Young Again!: How to Reverse the Aging Process;John Thomas;1996;Plexus Press;http://images.amazon.com/images/P/1884757774.01.THUMBZZZ.jpg;http://images.amazon.com/images/P/1884757774.01.MZZZZZZZ.jpg;http://images.amazon.com/images/P/1884757774.01.LZZZZZZZ.jpg
156718488X;Your Pet's Horoscope;Diana Nilsen;1998;Llewellyn Pubns;http://images.amazon.com/images/P/156718488X.01.THUMBZZZ.jpg;http://images.amazon.com/images/P/156718488X.01.MZZZZZZZ.jpg;http://images.amazon.com/images/P/156718488X.01.LZZZZZZZ.jpg
0553482688;Yankee Swap (Saddle Club, No 50);Bonnie Bryant;1996;Skylark Books;http://images.amazon.com/images/P/0553482688.01.THUMBZZZ.jpg;http://images.amazon.com/images/P/0553482688.01.MZZZZZZZ.jpg;http://images.amazon.com/images/P/0553482688.01.LZZZZZZZ.jpg
0886771102;Yonder Comes the Other End of Time (Daw Collectors Book, No 663);Suzette Haden Elgin;1986;New Amer Library;http://images.amazon.com/images/P/0886771102.01.THUMBZZZ.jpg;http://images.amazon.com/images/P/0886771102.01.MZZZZZZZ.jpg;http://images.amazon.com/images/P/0886771102.01.LZZZZZZZ.jpg
0671534807;Yoga The Spirit And Practice Of Moving Into Stillness;Erich Schiffmann;1996;Pocket;http://images.amazon.com/images/P/0671534807.01.THUMBZZZ.jpg;http://images.amazon.com/images/P/0671534807.01.MZZZZZZZ.jpg;http://images.amazon.com/images/P/0671534807.01.LZZZZZZZ.jpg
0800757653;Your Marriage and the Internet;Tom Whiteman;2002;Revell;http://images.amazon.com/images/P/0800757653.01.THUMBZZZ.jpg;http://images.amazon.com/images/P/0800757653.01.MZZZZZZZ.jpg;http://images.amazon.com/images/P/0800757653.01.LZZZZZZZ.jpg
9582401109;Yo Te Curare, Dijo El Pequeno Oso: LA Historia De Como Una Vez El Pequeno Tigre Estuvo Enfermo (Alfaguara Infantil);Janosch;2000;Santillana USA Publishing Company;http://images.amazon.com/images/P/9582401109.01.THUMBZZZ.jpg;http://images.amazon.com/images/P/9582401109.01.MZZZZZZZ.jpg;http://images.amazon.com/images/P/9582401109.01.LZZZZZZZ.jpg
0941539873;Young at Heart: The Story of Johnny Kelley Boston's Marathon Man;Frederick Lewis;1992;Wrs Pub;http://images.amazon.com/images/P/0941539873.01.THUMBZZZ.jpg;http://images.amazon.com/images/P/0941539873.01.MZZZZZZZ.jpg;http://images.amazon.com/images/P/0941539873.01.LZZZZZZZ.jpg
0840734255;You Take Over, God. I Can't Handle It: Daily Devotions for Guys (Serenity Meditation Series for Teens);Kevin J. Brown;1992;Thomas Nelson Inc;http://images.amazon.com/images/P/0840734255.01.THUMBZZZ.jpg;http://images.amazon.com/images/P/0840734255.01.MZZZZZZZ.jpg;http://images.amazon.com/images/P/0840734255.01.LZZZZZZZ.jpg
1561706280;You Can Heal Your Life (Gift Edition);Louise L. Hay;1999;Hay House;http://images.amazon.com/images/P/1561706280.01.THUMBZZZ.jpg;http://images.amazon.com/images/P/1561706280.01.MZZZZZZZ.jpg;http://images.amazon.com/images/P/1561706280.01.LZZZZZZZ.jpg
0671460471;YEARS OF CITY;Frederick Pohl;1985;Pocket;http://images.amazon.com/images/P/0671460471.01.THUMBZZZ.jpg;http://images.amazon.com/images/P/0671460471.01.MZZZZZZZ.jpg;http://images.amazon.com/images/P/0671460471.01.LZZZZZZZ.jpg
026313539X;Yesterday's Echoes (Harlequin Large Print);Penny Jordan;1993;MacMillan Publishing Company.;http://images.amazon.com/images/P/026313539X.01.THUMBZZZ.jpg;http://images.amazon.com/images/P/026313539X.01.MZZZZZZZ.jpg;http://images.amazon.com/images/P/026313539X.01.LZZZZZZZ.jpg
067160550X;YESTERDAY SON;A. C. Crispin;1985;Star Trek;http://images.amazon.com/images/P/067160550X.01.THUMBZZZ.jpg;http://images.amazon.com/images/P/067160550X.01.MZZZZZZZ.jpg;http://images.amazon.com/images/P/067160550X.01.LZZZZZZZ.jpg
0451139135;Your Obedient Servant;Elsie Gage;1985;New Amer Library;http://images.amazon.com/images/P/0451139135.01.THUMBZZZ.jpg;http://images.amazon.com/images/P/0451139135.01.MZZZZZZZ.jpg;http://images.amazon.com/images/P/0451139135.01.LZZZZZZZ.jpg
0139783121;"Your energy-efficient home: Improvements to save utility dollars (A Spectrum book ; S-547)";Floyd Hickok;1979;Prentice-Hall;http://images.amazon.com/images/P/0139783121.01.THUMBZZZ.jpg;http://images.amazon.com/images/P/0139783121.01.MZZZZZZZ.jpg;http://images.amazon.com/images/P/0139783121.01.LZZZZZZZ.jpg
0937539198;You Can Do It;Bob Budler;1994;Executive Books;http://images.amazon.com/images/P/0937539198.01.THUMBZZZ.jpg;http://images.amazon.com/images/P/0937539198.01.MZZZZZZZ.jpg;http://images.amazon.com/images/P/0937539198.01.LZZZZZZZ.jpg
0671410458;YEAR OF DRAGON;Robert Daley;1981;Simon & Schuster;http://images.amazon.com/images/P/0671410458.01.THUMBZZZ.jpg;http://images.amazon.com/images/P/0671410458.01.MZZZZZZZ.jpg;http://images.amazon.com/images/P/0671410458.01.LZZZZZZZ.jpg
0812929624;You Are What You Say : The Proven Program that Uses the Power of Language to Combat Stress, Anger, andDepression;MATTHEW MD BUDD;2001;Three Rivers Press;http://images.amazon.com/images/P/0812929624.01.THUMBZZZ.jpg;http://images.amazon.com/images/P/0812929624.01.MZZZZZZZ.jpg;http://images.amazon.com/images/P/0812929624.01.LZZZZZZZ.jpg
1556612052;You Are My Hiding Place (Rekindling the Inner Fire);Amy, Carmichael;1991;Bethany House Publishers;http://images.amazon.com/images/P/1556612052.01.THUMBZZZ.jpg;http://images.amazon.com/images/P/1556612052.01.MZZZZZZZ.jpg;http://images.amazon.com/images/P/1556612052.01.LZZZZZZZ.jpg
1931229120;Yearning Wild: Exploring the Last Frontier and the Landscape of the Heart;R. Glendon Brunk;2001;Invisible Cities Press;http://images.amazon.com/images/P/1931229120.01.THUMBZZZ.jpg;http://images.amazon.com/images/P/1931229120.01.MZZZZZZZ.jpg;http://images.amazon.com/images/P/1931229120.01.LZZZZZZZ.jpg
0878770364;Your Handwriting and What It Means;William L. French;1976;Newcastle Publishing Company;http://images.amazon.com/images/P/0878770364.01.THUMBZZZ.jpg;http://images.amazon.com/images/P/0878770364.01.MZZZZZZZ.jpg;http://images.amazon.com/images/P/0878770364.01.LZZZZZZZ.jpg
0965078736;Yahoodywho;Kathy Griffin;2001;Mibs Publishing;http://images.amazon.com/images/P/0965078736.01.THUMBZZZ.jpg;http://images.amazon.com/images/P/0965078736.01.MZZZZZZZ.jpg;http://images.amazon.com/images/P/0965078736.01.LZZZZZZZ.jpg
8432041238;"Y Al Tercer Ano Resucito (Colección Fábula ; 24)";Fernando Vizcaino Casas;1984;Planeta Pub Corp;http://images.amazon.com/images/P/8432041238.01.THUMBZZZ.jpg;http://images.amazon.com/images/P/8432041238.01.MZZZZZZZ.jpg;http://images.amazon.com/images/P/8432041238.01.LZZZZZZZ.jpg
0886770548;Yurth Burden;Andre Norton;1987;DAW Books;http://images.amazon.com/images/P/0886770548.01.THUMBZZZ.jpg;http://images.amazon.com/images/P/0886770548.01.MZZZZZZZ.jpg;http://images.amazon.com/images/P/0886770548.01.LZZZZZZZ.jpg
0440411599;Young Merlin;Robert D. San Souci;1996;Yearling Books;http://images.amazon.com/images/P/0440411599.01.THUMBZZZ.jpg;http://images.amazon.com/images/P/0440411599.01.MZZZZZZZ.jpg;http://images.amazon.com/images/P/0440411599.01.LZZZZZZZ.jpg
0590981382;Your Mother was a Neanderthal (The Time Warp Trio);Jon Scieszka;1993;Scholastic, Inc.;http://images.amazon.com/images/P/0590981382.01.THUMBZZZ.jpg;http://images.amazon.com/images/P/0590981382.01.MZZZZZZZ.jpg;http://images.amazon.com/images/P/0590981382.01.LZZZZZZZ.jpg
0312975635;Your Body: The Girls' Guide (Girls' Guides);Janis Brody;2000;St. Martin's Press;http://images.amazon.com/images/P/0312975635.01.THUMBZZZ.jpg;http://images.amazon.com/images/P/0312975635.01.MZZZZZZZ.jpg;http://images.amazon.com/images/P/0312975635.01.LZZZZZZZ.jpg
0064406989;Young Pioneers (Little House);Rose Wilder Lane;1998;HarperTrophy;http://images.amazon.com/images/P/0064406989.01.THUMBZZZ.jpg;http://images.amazon.com/images/P/0064406989.01.MZZZZZZZ.jpg;http://images.amazon.com/images/P/0064406989.01.LZZZZZZZ.jpg
0821774468;Yours Always (Zebra Historical Romance);Gabriella Anderson;2004;Zebra Books;http://images.amazon.com/images/P/0821774468.01.THUMBZZZ.jpg;http://images.amazon.com/images/P/0821774468.01.MZZZZZZZ.jpg;http://images.amazon.com/images/P/0821774468.01.LZZZZZZZ.jpg
1563523825;Your Personal Guide to Living Well With Fibromyalgia;Arthritis Foundation;1997;Longstreet Press;http://images.amazon.com/images/P/1563523825.01.THUMBZZZ.jpg;http://images.amazon.com/images/P/1563523825.01.MZZZZZZZ.jpg;http://images.amazon.com/images/P/1563523825.01.LZZZZZZZ.jpg
0865926433;Yogi Bear and the Uojpbtcutpakic: Story;Horace J. Elias;1981;Granite Impex Ltd;http://images.amazon.com/images/P/0865926433.01.THUMBZZZ.jpg;http://images.amazon.com/images/P/0865926433.01.MZZZZZZZ.jpg;http://images.amazon.com/images/P/0865926433.01.LZZZZZZZ.jpg
0684846969;Your God Is Too Small;J.B. Phillips;1997;Touchstone;http://images.amazon.com/images/P/0684846969.01.THUMBZZZ.jpg;http://images.amazon.com/images/P/0684846969.01.MZZZZZZZ.jpg;http://images.amazon.com/images/P/0684846969.01.LZZZZZZZ.jpg
0394936620;Yesterday's Snowman;Gail MacK;1979;Random House Childrens Books;http://images.amazon.com/images/P/0394936620.01.THUMBZZZ.jpg;http://images.amazon.com/images/P/0394936620.01.MZZZZZZZ.jpg;http://images.amazon.com/images/P/0394936620.01.LZZZZZZZ.jpg
0515124788;Yesterday and Forever (Time Passages Romance);Vickie Presley;1999;Jove Books;http://images.amazon.com/images/P/0515124788.01.THUMBZZZ.jpg;http://images.amazon.com/images/P/0515124788.01.MZZZZZZZ.jpg;http://images.amazon.com/images/P/0515124788.01.LZZZZZZZ.jpg
0766611388;Yu-Gi-Oh! Handbook (Modern Publishing's Unofficial);Modern Publishing Staff;2002;Unisystems, Inc.;http://images.amazon.com/images/P/0766611388.01.THUMBZZZ.jpg;http://images.amazon.com/images/P/0766611388.01.MZZZZZZZ.jpg;http://images.amazon.com/images/P/0766611388.01.LZZZZZZZ.jpg
0590100629;Young Patriot the American Revoultion As;Jim Murphy;0;Scholastic Inc;http://images.amazon.com/images/P/0590100629.01.THUMBZZZ.jpg;http://images.amazon.com/images/P/0590100629.01.MZZZZZZZ.jpg;http://images.amazon.com/images/P/0590100629.01.LZZZZZZZ.jpg
0373031521;Yesterdays Wedding (Harlequin Romance, No 3152);Kay Gregory;1991;Harlequin;http://images.amazon.com/images/P/0373031521.01.THUMBZZZ.jpg;http://images.amazon.com/images/P/0373031521.01.MZZZZZZZ.jpg;http://images.amazon.com/images/P/0373031521.01.LZZZZZZZ.jpg
0883685205;You Have a Ministry;Bob Yandian;1997;Whitaker House;http://images.amazon.com/images/P/0883685205.01.THUMBZZZ.jpg;http://images.amazon.com/images/P/0883685205.01.MZZZZZZZ.jpg;http://images.amazon.com/images/P/0883685205.01.LZZZZZZZ.jpg
3774214611;Yoga f�?¼r Anf�?¤nger.;Harry Waesse;1999;Gr�?¤fe & Unzer;http://images.amazon.com/images/P/3774214611.01.THUMBZZZ.jpg;http://images.amazon.com/images/P/3774214611.01.MZZZZZZZ.jpg;http://images.amazon.com/images/P/3774214611.01.LZZZZZZZ.jpg
0967036291;You Are Not: Beyond the Three Veils of Consciousness;Stephen H. Wolinsky;2001;Quantum Institute;http://images.amazon.com/images/P/0967036291.01.THUMBZZZ.jpg;http://images.amazon.com/images/P/0967036291.01.MZZZZZZZ.jpg;http://images.amazon.com/images/P/0967036291.01.LZZZZZZZ.jpg
0582023165;"York Notes on \Twelfth Night\"" by William Shakespeare (York Notes)""";A.N. Jeffares;1988;Pearson York Notes;http://images.amazon.com/images/P/0582023165.01.THUMBZZZ.jpg;http://images.amazon.com/images/P/0582023165.01.MZZZZZZZ.jpg;http://images.amazon.com/images/P/0582023165.01.LZZZZZZZ.jpg
0025174606;You can profit from a monetary crisis;Harry Browne;1974;Macmillan;http://images.amazon.com/images/P/0025174606.01.THUMBZZZ.jpg;http://images.amazon.com/images/P/0025174606.01.MZZZZZZZ.jpg;http://images.amazon.com/images/P/0025174606.01.LZZZZZZZ.jpg
0671661825;You Never Can Tell;Ellen Conford;1988;Pocket Books;http://images.amazon.com/images/P/0671661825.01.THUMBZZZ.jpg;http://images.amazon.com/images/P/0671661825.01.MZZZZZZZ.jpg;http://images.amazon.com/images/P/0671661825.01.LZZZZZZZ.jpg
1566890314;Your Name Here;Cris Mazza;1995;Coffee House Press;http://images.amazon.com/images/P/1566890314.01.THUMBZZZ.jpg;http://images.amazon.com/images/P/1566890314.01.MZZZZZZZ.jpg;http://images.amazon.com/images/P/1566890314.01.LZZZZZZZ.jpg
0590432982;Young Man in Vietnam;Charles Coe;1990;Scholastic;http://images.amazon.com/images/P/0590432982.01.THUMBZZZ.jpg;http://images.amazon.com/images/P/0590432982.01.MZZZZZZZ.jpg;http://images.amazon.com/images/P/0590432982.01.LZZZZZZZ.jpg
1555613438;Your Pregnancy Journal Week by Week: A Keepsake Journal to Chart Your Progress and Thoughts;Glade B., Md Curtis;2002;Perseus Publishing;http://images.amazon.com/images/P/1555613438.01.THUMBZZZ.jpg;http://images.amazon.com/images/P/1555613438.01.MZZZZZZZ.jpg;http://images.amazon.com/images/P/1555613438.01.LZZZZZZZ.jpg
0849937671;You Can Experience . . . A Purposeful Life;James Emery White;2000;W Publishing Group;http://images.amazon.com/images/P/0849937671.01.THUMBZZZ.jpg;http://images.amazon.com/images/P/0849937671.01.MZZZZZZZ.jpg;http://images.amazon.com/images/P/0849937671.01.LZZZZZZZ.jpg
0743224558;Your Older Cat : A Complete Guide to Nutrition, Natural Health Remedies, and Veterinary Care;Susan Easterly;2002;Fireside;http://images.amazon.com/images/P/0743224558.01.THUMBZZZ.jpg;http://images.amazon.com/images/P/0743224558.01.MZZZZZZZ.jpg;http://images.amazon.com/images/P/0743224558.01.LZZZZZZZ.jpg
0671875922;Your Body Knows Best: The Revolutionary Eating Plan That Helps You Achieve Your Optimal Weight and Energy Level for Life;Ann Louise Gittleman;1996;Pocket Books;http://images.amazon.com/images/P/0671875922.01.THUMBZZZ.jpg;http://images.amazon.com/images/P/0671875922.01.MZZZZZZZ.jpg;http://images.amazon.com/images/P/0671875922.01.LZZZZZZZ.jpg
1558504753;Your Psychic Potential;M. J. Abadie;1995;Adams Media Corporation;http://images.amazon.com/images/P/1558504753.01.THUMBZZZ.jpg;http://images.amazon.com/images/P/1558504753.01.MZZZZZZZ.jpg;http://images.amazon.com/images/P/1558504753.01.LZZZZZZZ.jpg
044050676X;Your Nine Year Old: Thoughtful and Mysterious;Louise Bates Ames;1991;Dell Publishing Company;http://images.amazon.com/images/P/044050676X.01.THUMBZZZ.jpg;http://images.amazon.com/images/P/044050676X.01.MZZZZZZZ.jpg;http://images.amazon.com/images/P/044050676X.01.LZZZZZZZ.jpg
0590427326;Your Friend Annie;Carole Katchen;1989;Scholastic Paperbacks (Mm);http://images.amazon.com/images/P/0590427326.01.THUMBZZZ.jpg;http://images.amazon.com/images/P/0590427326.01.MZZZZZZZ.jpg;http://images.amazon.com/images/P/0590427326.01.LZZZZZZZ.jpg
0874061857;You Can Draw Horses;Becky Hall;1982;Pages Publishing Group;http://images.amazon.com/images/P/0874061857.01.THUMBZZZ.jpg;http://images.amazon.com/images/P/0874061857.01.MZZZZZZZ.jpg;http://images.amazon.com/images/P/0874061857.01.LZZZZZZZ.jpg
0783553293;Yard & Garden Projects: Easy, Step-By-Step Plans and Designs for Beautiful Outdoor Spaces (Time Life How-to Series.);Time-Life Books;1998;Time-Life Books;http://images.amazon.com/images/P/0783553293.01.THUMBZZZ.jpg;http://images.amazon.com/images/P/0783553293.01.MZZZZZZZ.jpg;http://images.amazon.com/images/P/0783553293.01.LZZZZZZZ.jpg
0061040444;Yesterday's Shadows;Marianne Willman;1991;HarperPrism;http://images.amazon.com/images/P/0061040444.01.THUMBZZZ.jpg;http://images.amazon.com/images/P/0061040444.01.MZZZZZZZ.jpg;http://images.amazon.com/images/P/0061040444.01.LZZZZZZZ.jpg
0843943114;Yesterday's Gold;Bobby Hutchinson;1997;Leisure Books;http://images.amazon.com/images/P/0843943114.01.THUMBZZZ.jpg;http://images.amazon.com/images/P/0843943114.01.MZZZZZZZ.jpg;http://images.amazon.com/images/P/0843943114.01.LZZZZZZZ.jpg
0800750837;You Can Be Emotionally Free;Rita Bennett;1982;Baker Pub Group;http://images.amazon.com/images/P/0800750837.01.THUMBZZZ.jpg;http://images.amazon.com/images/P/0800750837.01.MZZZZZZZ.jpg;http://images.amazon.com/images/P/0800750837.01.LZZZZZZZ.jpg
0939666219;Yosemite Indians;Elizabeth Godfrey;1977;Yosemite Association;http://images.amazon.com/images/P/0939666219.01.THUMBZZZ.jpg;http://images.amazon.com/images/P/0939666219.01.MZZZZZZZ.jpg;http://images.amazon.com/images/P/0939666219.01.LZZZZZZZ.jpg
0879978783;Years Best Horror Stories #11;Karl Edward Wagner;1983;New American Library;http://images.amazon.com/images/P/0879978783.01.THUMBZZZ.jpg;http://images.amazon.com/images/P/0879978783.01.MZZZZZZZ.jpg;http://images.amazon.com/images/P/0879978783.01.LZZZZZZZ.jpg
0849903734;You and Your Network;Fred Smith;1984;Thomas Nelson Inc;http://images.amazon.com/images/P/0849903734.01.THUMBZZZ.jpg;http://images.amazon.com/images/P/0849903734.01.MZZZZZZZ.jpg;http://images.amazon.com/images/P/0849903734.01.LZZZZZZZ.jpg
0785270205;Your Place In This World;Michael W. Smith;1998;Nelson Books;http://images.amazon.com/images/P/0785270205.01.THUMBZZZ.jpg;http://images.amazon.com/images/P/0785270205.01.MZZZZZZZ.jpg;http://images.amazon.com/images/P/0785270205.01.LZZZZZZZ.jpg
0446675318;Yellow Silk II : International Erotic Stories and Poems;Lily Pond;2000;Warner Books;http://images.amazon.com/images/P/0446675318.01.THUMBZZZ.jpg;http://images.amazon.com/images/P/0446675318.01.MZZZZZZZ.jpg;http://images.amazon.com/images/P/0446675318.01.LZZZZZZZ.jpg
0671580663;YOU BELONG TO ME CASSETTE;Mary Higgins Clark;1998;Simon & Schuster Audio;http://images.amazon.com/images/P/0671580663.01.THUMBZZZ.jpg;http://images.amazon.com/images/P/0671580663.01.MZZZZZZZ.jpg;http://images.amazon.com/images/P/0671580663.01.LZZZZZZZ.jpg
0044406495;Your Starchild;P Haydn;1990;New York Univ Pr;http://images.amazon.com/images/P/0044406495.01.THUMBZZZ.jpg;http://images.amazon.com/images/P/0044406495.01.MZZZZZZZ.jpg;http://images.amazon.com/images/P/0044406495.01.LZZZZZZZ.jpg
0006376010;Younghusband: The Last Great Imperial Adventurer;Patrick French;1997;Harper Perennial;http://images.amazon.com/images/P/0006376010.01.THUMBZZZ.jpg;http://images.amazon.com/images/P/0006376010.01.MZZZZZZZ.jpg;http://images.amazon.com/images/P/0006376010.01.LZZZZZZZ.jpg
1853405183;Yo! Diary!;Jonathan Meres;2000;Piccadilly Press;http://images.amazon.com/images/P/1853405183.01.THUMBZZZ.jpg;http://images.amazon.com/images/P/1853405183.01.MZZZZZZZ.jpg;http://images.amazon.com/images/P/1853405183.01.LZZZZZZZ.jpg
0025539507;Yoko Ono;Jerry Hopkins;1987;Simon & Schuster;http://images.amazon.com/images/P/0025539507.01.THUMBZZZ.jpg;http://images.amazon.com/images/P/0025539507.01.MZZZZZZZ.jpg;http://images.amazon.com/images/P/0025539507.01.LZZZZZZZ.jpg
003021436X;Yakety Yak Yak Yak (Sweet Pickles Series);Richard Hefter;1977;Henry Holt & Co (J);http://images.amazon.com/images/P/003021436X.01.THUMBZZZ.jpg;http://images.amazon.com/images/P/003021436X.01.MZZZZZZZ.jpg;http://images.amazon.com/images/P/003021436X.01.LZZZZZZZ.jpg
0553266810;Yearwood (Finnbrach Trilogy, Vol 1);Paul Hazel;1987;Bantam Books;http://images.amazon.com/images/P/0553266810.01.THUMBZZZ.jpg;http://images.amazon.com/images/P/0553266810.01.MZZZZZZZ.jpg;http://images.amazon.com/images/P/0553266810.01.LZZZZZZZ.jpg
0890964041;You Meet Such Interesting People (The Centennial Series of the Association of Former Students, No 33);Bess Whitehead Scott;1989;Texas A&M University Press;http://images.amazon.com/images/P/0890964041.01.THUMBZZZ.jpg;http://images.amazon.com/images/P/0890964041.01.MZZZZZZZ.jpg;http://images.amazon.com/images/P/0890964041.01.LZZZZZZZ.jpg
0316955175;Youngblood Hawke;Herman Wouk;1992;Back Bay Books;http://images.amazon.com/images/P/0316955175.01.THUMBZZZ.jpg;http://images.amazon.com/images/P/0316955175.01.MZZZZZZZ.jpg;http://images.amazon.com/images/P/0316955175.01.LZZZZZZZ.jpg
1854792431;Your Child Can Be Top of the Class;Ken Adams;1997;Michael O'Mara Books;http://images.amazon.com/images/P/1854792431.01.THUMBZZZ.jpg;http://images.amazon.com/images/P/1854792431.01.MZZZZZZZ.jpg;http://images.amazon.com/images/P/1854792431.01.LZZZZZZZ.jpg
0070151199;Your Pilot's License (Your Pilot's License);Jerry A. Eichenberger;1998;McGraw-Hill Professional Publishing;http://images.amazon.com/images/P/0070151199.01.THUMBZZZ.jpg;http://images.amazon.com/images/P/0070151199.01.MZZZZZZZ.jpg;http://images.amazon.com/images/P/0070151199.01.LZZZZZZZ.jpg
094148310X;Yellowthroat;Penny Hayes;1988;Naiad Press;http://images.amazon.com/images/P/094148310X.01.THUMBZZZ.jpg;http://images.amazon.com/images/P/094148310X.01.MZZZZZZZ.jpg;http://images.amazon.com/images/P/094148310X.01.LZZZZZZZ.jpg
0914607049;You Can Handle Them All;Robert L. Debruyn;1984;Master Teacher;http://images.amazon.com/images/P/0914607049.01.THUMBZZZ.jpg;http://images.amazon.com/images/P/0914607049.01.MZZZZZZZ.jpg;http://images.amazon.com/images/P/0914607049.01.LZZZZZZZ.jpg
0451137213;You Can Analyze Your Own Handwritting (R);Robert Holder;1986;Signet Book;http://images.amazon.com/images/P/0451137213.01.THUMBZZZ.jpg;http://images.amazon.com/images/P/0451137213.01.MZZZZZZZ.jpg;http://images.amazon.com/images/P/0451137213.01.LZZZZZZZ.jpg
1586639293;Year of the Horse;Nigel Suckling;2002;Friedman;http://images.amazon.com/images/P/1586639293.01.THUMBZZZ.jpg;http://images.amazon.com/images/P/1586639293.01.MZZZZZZZ.jpg;http://images.amazon.com/images/P/1586639293.01.LZZZZZZZ.jpg
0142180076;Young Lonigan (Penguin Classics);James T. Farrell;2003;Penguin Books;http://images.amazon.com/images/P/0142180076.01.THUMBZZZ.jpg;http://images.amazon.com/images/P/0142180076.01.MZZZZZZZ.jpg;http://images.amazon.com/images/P/0142180076.01.LZZZZZZZ.jpg
0345441346;Your Last Diet! : The Sugar Addict's Weight-Loss Plan;KATHLEEN DESMAISONS;2001;Ballantine Books;http://images.amazon.com/images/P/0345441346.01.THUMBZZZ.jpg;http://images.amazon.com/images/P/0345441346.01.MZZZZZZZ.jpg;http://images.amazon.com/images/P/0345441346.01.LZZZZZZZ.jpg
0749912464;Yesterday's Children;Jenny Cockell;1993;Piatkus Books;http://images.amazon.com/images/P/0749912464.01.THUMBZZZ.jpg;http://images.amazon.com/images/P/0749912464.01.MZZZZZZZ.jpg;http://images.amazon.com/images/P/0749912464.01.LZZZZZZZ.jpg
0866904050;Your Hidden Powers: Intercepted Signs and Retrograde Planets;Joanne Wickenburg;1992;Amer Federation of Astrologers;http://images.amazon.com/images/P/0866904050.01.THUMBZZZ.jpg;http://images.amazon.com/images/P/0866904050.01.MZZZZZZZ.jpg;http://images.amazon.com/images/P/0866904050.01.LZZZZZZZ.jpg
0373026927;Year'S Happy Ending;Betty Neels;1985;Harlequin;http://images.amazon.com/images/P/0373026927.01.THUMBZZZ.jpg;http://images.amazon.com/images/P/0373026927.01.MZZZZZZZ.jpg;http://images.amazon.com/images/P/0373026927.01.LZZZZZZZ.jpg
0446525324;Your Best Year Yet!: A Proven Method for Making the Next Twelve Months the Most Successful Ever;Jinny Ditzler;1998;Warner Books Inc;http://images.amazon.com/images/P/0446525324.01.THUMBZZZ.jpg;http://images.amazon.com/images/P/0446525324.01.MZZZZZZZ.jpg;http://images.amazon.com/images/P/0446525324.01.LZZZZZZZ.jpg
3442445639;Yin.;Akif Pirincci;1999;Goldmann;http://images.amazon.com/images/P/3442445639.01.THUMBZZZ.jpg;http://images.amazon.com/images/P/3442445639.01.MZZZZZZZ.jpg;http://images.amazon.com/images/P/3442445639.01.LZZZZZZZ.jpg
0425038084;Year's Finest Fantasy;Terry Carr;1978;Berkley Publishing Group;http://images.amazon.com/images/P/0425038084.01.THUMBZZZ.jpg;http://images.amazon.com/images/P/0425038084.01.MZZZZZZZ.jpg;http://images.amazon.com/images/P/0425038084.01.LZZZZZZZ.jpg
0374387060;You Don't Know Me;David Klass;2001;Farrar, Straus and Giroux (BYR);http://images.amazon.com/images/P/0374387060.01.THUMBZZZ.jpg;http://images.amazon.com/images/P/0374387060.01.MZZZZZZZ.jpg;http://images.amazon.com/images/P/0374387060.01.LZZZZZZZ.jpg
0006253725;Yours Faithfully: Collected Radio Talks;Gerald Priestland;1981;HarperCollins Publishers;http://images.amazon.com/images/P/0006253725.01.THUMBZZZ.jpg;http://images.amazon.com/images/P/0006253725.01.MZZZZZZZ.jpg;http://images.amazon.com/images/P/0006253725.01.LZZZZZZZ.jpg
1569753148;Yoga in Focus: Postures, Sequences, Meditations;Jessie Chapman;2002;Ulysses Press;http://images.amazon.com/images/P/1569753148.01.THUMBZZZ.jpg;http://images.amazon.com/images/P/1569753148.01.MZZZZZZZ.jpg;http://images.amazon.com/images/P/1569753148.01.LZZZZZZZ.jpg
1556112092;Yellow Gardenia;Anthony Mancini;1990;Penguin USA;http://images.amazon.com/images/P/1556112092.01.THUMBZZZ.jpg;http://images.amazon.com/images/P/1556112092.01.MZZZZZZZ.jpg;http://images.amazon.com/images/P/1556112092.01.LZZZZZZZ.jpg
0806641606;Your Call Is Waiting: How to Recognize God's Purpose for Your Life;Terry-Anne Preston;2001;Augsburg Fortress Publishers;http://images.amazon.com/images/P/0806641606.01.THUMBZZZ.jpg;http://images.amazon.com/images/P/0806641606.01.MZZZZZZZ.jpg;http://images.amazon.com/images/P/0806641606.01.LZZZZZZZ.jpg
0688078222;You Just Don't Understand: Women and Men in Conversation;Deborah Tannen;1990;Harpercollins;http://images.amazon.com/images/P/0688078222.01.THUMBZZZ.jpg;http://images.amazon.com/images/P/0688078222.01.MZZZZZZZ.jpg;http://images.amazon.com/images/P/0688078222.01.LZZZZZZZ.jpg
055326057X;Yoga, Youth and Reincarnation;Jess Stearn;1986;Bantam Books;http://images.amazon.com/images/P/055326057X.01.THUMBZZZ.jpg;http://images.amazon.com/images/P/055326057X.01.MZZZZZZZ.jpg;http://images.amazon.com/images/P/055326057X.01.LZZZZZZZ.jpg
0449905071;You Are Psychic!: The Free Soul Method;Pete A., Jr. Sanders;1990;Ballantine Books;http://images.amazon.com/images/P/0449905071.01.THUMBZZZ.jpg;http://images.amazon.com/images/P/0449905071.01.MZZZZZZZ.jpg;http://images.amazon.com/images/P/0449905071.01.LZZZZZZZ.jpg
0446515701;Yamato: A Rage in Heaven;Ken Kato;1990;Warner Books;http://images.amazon.com/images/P/0446515701.01.THUMBZZZ.jpg;http://images.amazon.com/images/P/0446515701.01.MZZZZZZZ.jpg;http://images.amazon.com/images/P/0446515701.01.LZZZZZZZ.jpg
0908990715;Yes: A novel by;Joan Rosier-Jones;2000;David Ling Pub;http://images.amazon.com/images/P/0908990715.01.THUMBZZZ.jpg;http://images.amazon.com/images/P/0908990715.01.MZZZZZZZ.jpg;http://images.amazon.com/images/P/0908990715.01.LZZZZZZZ.jpg
0452272424;You Can Feel Good Again: Common-Sense Therapy for Releasing Depression and Changing Your Life;Richard Carlson;1994;Plume Books;http://images.amazon.com/images/P/0452272424.01.THUMBZZZ.jpg;http://images.amazon.com/images/P/0452272424.01.MZZZZZZZ.jpg;http://images.amazon.com/images/P/0452272424.01.LZZZZZZZ.jpg
0310536510;Your Daily Walk;John W. Hoover;1991;Zondervan Publishing Company;http://images.amazon.com/images/P/0310536510.01.THUMBZZZ.jpg;http://images.amazon.com/images/P/0310536510.01.MZZZZZZZ.jpg;http://images.amazon.com/images/P/0310536510.01.LZZZZZZZ.jpg
0373630662;Yesterday's Echoes;Penny Jordan;2000;Harlequin Books;http://images.amazon.com/images/P/0373630662.01.THUMBZZZ.jpg;http://images.amazon.com/images/P/0373630662.01.MZZZZZZZ.jpg;http://images.amazon.com/images/P/0373630662.01.LZZZZZZZ.jpg
1883991439;Yin Yoga;Paul Grilley;2002;White Cloud Press;http://images.amazon.com/images/P/1883991439.01.THUMBZZZ.jpg;http://images.amazon.com/images/P/1883991439.01.MZZZZZZZ.jpg;http://images.amazon.com/images/P/1883991439.01.LZZZZZZZ.jpg
0609804057;Yoga Zone Introduction to Yoga: A Beginner's Guide to Health, Fitness, and Relaxation;Alan Finger;2000;Three Rivers Press (CA);http://images.amazon.com/images/P/0609804057.01.THUMBZZZ.jpg;http://images.amazon.com/images/P/0609804057.01.MZZZZZZZ.jpg;http://images.amazon.com/images/P/0609804057.01.LZZZZZZZ.jpg
0816709777;You Look Funny! (First-Start Easy Reader);Joy Kim;1987;Troll Communications;http://images.amazon.com/images/P/0816709777.01.THUMBZZZ.jpg;http://images.amazon.com/images/P/0816709777.01.MZZZZZZZ.jpg;http://images.amazon.com/images/P/0816709777.01.LZZZZZZZ.jpg
0583135927;Yorkshire's ghosts and legends;Terence W Whitaker;1983;Granada;http://images.amazon.com/images/P/0583135927.01.THUMBZZZ.jpg;http://images.amazon.com/images/P/0583135927.01.MZZZZZZZ.jpg;http://images.amazon.com/images/P/0583135927.01.LZZZZZZZ.jpg
055310313X;Yoga and the Quest for the True Self;Stephen Cope;1999;Bantam Dell Pub Group;http://images.amazon.com/images/P/055310313X.01.THUMBZZZ.jpg;http://images.amazon.com/images/P/055310313X.01.MZZZZZZZ.jpg;http://images.amazon.com/images/P/055310313X.01.LZZZZZZZ.jpg
0792276876;Yonder : A Place in Montana;John Heminway;2000;National Geographic;http://images.amazon.com/images/P/0792276876.01.THUMBZZZ.jpg;http://images.amazon.com/images/P/0792276876.01.MZZZZZZZ.jpg;http://images.amazon.com/images/P/0792276876.01.LZZZZZZZ.jpg
0312972458;You Know My Name;Matt Braun;1999;St. Martin's Press;http://images.amazon.com/images/P/0312972458.01.THUMBZZZ.jpg;http://images.amazon.com/images/P/0312972458.01.MZZZZZZZ.jpg;http://images.amazon.com/images/P/0312972458.01.LZZZZZZZ.jpg
055310649X;Younger Than That Now: A Shared Passage from the Sixties;Jeff Durstewitz;2000;Bantam Books;http://images.amazon.com/images/P/055310649X.01.THUMBZZZ.jpg;http://images.amazon.com/images/P/055310649X.01.MZZZZZZZ.jpg;http://images.amazon.com/images/P/055310649X.01.LZZZZZZZ.jpg
1591450136;You Only Die Once: Preparing for the End of Life With Grace and Gusto;Margie Little Jenkins;2002;Integrity Publishers;http://images.amazon.com/images/P/1591450136.01.THUMBZZZ.jpg;http://images.amazon.com/images/P/1591450136.01.MZZZZZZZ.jpg;http://images.amazon.com/images/P/1591450136.01.LZZZZZZZ.jpg
377424801X;Yoga f�?¼r R�?¼cken, Schulter und Nacken.;Anna Tr�?¶kes;2000;Gr�?¤fe & Unzer;http://images.amazon.com/images/P/377424801X.01.THUMBZZZ.jpg;http://images.amazon.com/images/P/377424801X.01.MZZZZZZZ.jpg;http://images.amazon.com/images/P/377424801X.01.LZZZZZZZ.jpg
0764534610;Your Official America Online® Guide to Creating Web Pages;Edward  Willett;2000;John Wiley & Sons;http://images.amazon.com/images/P/0764534610.01.THUMBZZZ.jpg;http://images.amazon.com/images/P/0764534610.01.MZZZZZZZ.jpg;http://images.amazon.com/images/P/0764534610.01.LZZZZZZZ.jpg
0689119542;YOUR ROYAL HOSTAGE;Antonia Fraser;1988;Scribner;http://images.amazon.com/images/P/0689119542.01.THUMBZZZ.jpg;http://images.amazon.com/images/P/0689119542.01.MZZZZZZZ.jpg;http://images.amazon.com/images/P/0689119542.01.LZZZZZZZ.jpg
0702231134;Yumba Days;Herb Wharton;1999;Intl Specialized Book Service Inc;http://images.amazon.com/images/P/0702231134.01.THUMBZZZ.jpg;http://images.amazon.com/images/P/0702231134.01.MZZZZZZZ.jpg;http://images.amazon.com/images/P/0702231134.01.LZZZZZZZ.jpg
0931988659;Your Atari Computer;Lon Poole;1982;McGraw-Hill;http://images.amazon.com/images/P/0931988659.01.THUMBZZZ.jpg;http://images.amazon.com/images/P/0931988659.01.MZZZZZZZ.jpg;http://images.amazon.com/images/P/0931988659.01.LZZZZZZZ.jpg
8432055476;Y Dios en la última playa (Colección Autores españoles e hispanoamericanos);Cristóbal Zaragoza;1981;Planeta;http://images.amazon.com/images/P/8432055476.01.THUMBZZZ.jpg;http://images.amazon.com/images/P/8432055476.01.MZZZZZZZ.jpg;http://images.amazon.com/images/P/8432055476.01.LZZZZZZZ.jpg
8432055816;Yo, el rey (Colección Autores españoles e hispanoamericanos);Juan Antonio Vallejo-Nágera;1985;Planeta;http://images.amazon.com/images/P/8432055816.01.THUMBZZZ.jpg;http://images.amazon.com/images/P/8432055816.01.MZZZZZZZ.jpg;http://images.amazon.com/images/P/8432055816.01.LZZZZZZZ.jpg
0702228087;Yesterday's Heroes (Uqp Young Adult Fiction);Natalie Jane Prior;1995;Intl Specialized Book Service Inc;http://images.amazon.com/images/P/0702228087.01.THUMBZZZ.jpg;http://images.amazon.com/images/P/0702228087.01.MZZZZZZZ.jpg;http://images.amazon.com/images/P/0702228087.01.LZZZZZZZ.jpg
0064460606;You Read to Me, I'll Read to You;John Ciardi;1987;HarperTrophy;http://images.amazon.com/images/P/0064460606.01.THUMBZZZ.jpg;http://images.amazon.com/images/P/0064460606.01.MZZZZZZZ.jpg;http://images.amazon.com/images/P/0064460606.01.LZZZZZZZ.jpg
0807070599;You Can't Be Neutral on a Moving Train: A Personal History of Our Times;Howard Zinn;1995;Beacon Press;http://images.amazon.com/images/P/0807070599.01.THUMBZZZ.jpg;http://images.amazon.com/images/P/0807070599.01.MZZZZZZZ.jpg;http://images.amazon.com/images/P/0807070599.01.LZZZZZZZ.jpg
0395147573;Yummers!;James Marshall;1973;Houghton Mifflin;http://images.amazon.com/images/P/0395147573.01.THUMBZZZ.jpg;http://images.amazon.com/images/P/0395147573.01.MZZZZZZZ.jpg;http://images.amazon.com/images/P/0395147573.01.LZZZZZZZ.jpg
0553155652;You See the Future (Choose Your Own Adventure No 44);Debra Lerme Goodman;1988;Yearling Books;http://images.amazon.com/images/P/0553155652.01.THUMBZZZ.jpg;http://images.amazon.com/images/P/0553155652.01.MZZZZZZZ.jpg;http://images.amazon.com/images/P/0553155652.01.LZZZZZZZ.jpg
0413657604;Your Home in the West (Methuen New Theatrescripts);Rod Wooden;1991;Heinemann;http://images.amazon.com/images/P/0413657604.01.THUMBZZZ.jpg;http://images.amazon.com/images/P/0413657604.01.MZZZZZZZ.jpg;http://images.amazon.com/images/P/0413657604.01.LZZZZZZZ.jpg
1562824090;Young Kangaroo;Margaret Wise Brown;1993;Hyperion Books for Children;http://images.amazon.com/images/P/1562824090.01.THUMBZZZ.jpg;http://images.amazon.com/images/P/1562824090.01.MZZZZZZZ.jpg;http://images.amazon.com/images/P/1562824090.01.LZZZZZZZ.jpg
0963810928;You Can Farm: The Entrepreneur's Guide to Start & Succeed in a Farming Enterprise;Joel F. Salatin;1998;Chelsea Green Pub Co;http://images.amazon.com/images/P/0963810928.01.THUMBZZZ.jpg;http://images.amazon.com/images/P/0963810928.01.MZZZZZZZ.jpg;http://images.amazon.com/images/P/0963810928.01.LZZZZZZZ.jpg
0393045773;Yesterday Will Make You Cry: A Novel (Old School Books);Chester Himes;1998;W. W. Norton & Company;http://images.amazon.com/images/P/0393045773.01.THUMBZZZ.jpg;http://images.amazon.com/images/P/0393045773.01.MZZZZZZZ.jpg;http://images.amazon.com/images/P/0393045773.01.LZZZZZZZ.jpg
0671891197;You're Not What I Expected: Learning to Love the Opposite Sex;Polly, Ph.D. Young-Eisendrath;1994;Simon & Schuster;http://images.amazon.com/images/P/0671891197.01.THUMBZZZ.jpg;http://images.amazon.com/images/P/0671891197.01.MZZZZZZZ.jpg;http://images.amazon.com/images/P/0671891197.01.LZZZZZZZ.jpg
0440197945;YOUNG LIONS, THE;IRWIN SHAW;1976;Dell;http://images.amazon.com/images/P/0440197945.01.THUMBZZZ.jpg;http://images.amazon.com/images/P/0440197945.01.MZZZZZZZ.jpg;http://images.amazon.com/images/P/0440197945.01.LZZZZZZZ.jpg
0385416253;Yearbook;Memories Magazine Editors;1990;Bantam Dell Pub Group;http://images.amazon.com/images/P/0385416253.01.THUMBZZZ.jpg;http://images.amazon.com/images/P/0385416253.01.MZZZZZZZ.jpg;http://images.amazon.com/images/P/0385416253.01.LZZZZZZZ.jpg
188838719X;You'Ve Got a Friend;Dan Zadra;1997;Compendium Publishing & Communications;http://images.amazon.com/images/P/188838719X.01.THUMBZZZ.jpg;http://images.amazon.com/images/P/188838719X.01.MZZZZZZZ.jpg;http://images.amazon.com/images/P/188838719X.01.LZZZZZZZ.jpg
0307109704;You Lucky Duck: Story and Pictures (Golden Storytime Book);Emily Arnold McCully;1988;Golden Books;http://images.amazon.com/images/P/0307109704.01.THUMBZZZ.jpg;http://images.amazon.com/images/P/0307109704.01.MZZZZZZZ.jpg;http://images.amazon.com/images/P/0307109704.01.LZZZZZZZ.jpg
0446403709;You Who Know;Nicolas Freeling;1995;Warner Books;http://images.amazon.com/images/P/0446403709.01.THUMBZZZ.jpg;http://images.amazon.com/images/P/0446403709.01.MZZZZZZZ.jpg;http://images.amazon.com/images/P/0446403709.01.LZZZZZZZ.jpg
0672518015;Yoga for children,;Erene Cheki Haney;1973;Bobbs-Merrill;http://images.amazon.com/images/P/0672518015.01.THUMBZZZ.jpg;http://images.amazon.com/images/P/0672518015.01.MZZZZZZZ.jpg;http://images.amazon.com/images/P/0672518015.01.LZZZZZZZ.jpg
1580081614;Yawn: Bedtime Reading for Insomniacs;Ellen Sue Stern;2000;Ten Speed Press;http://images.amazon.com/images/P/1580081614.01.THUMBZZZ.jpg;http://images.amazon.com/images/P/1580081614.01.MZZZZZZZ.jpg;http://images.amazon.com/images/P/1580081614.01.LZZZZZZZ.jpg
1566398304;Yellow Journalist: Dispatches from Asian America (Mapping Racisms);William Wong;2001;Temple University Press;http://images.amazon.com/images/P/1566398304.01.THUMBZZZ.jpg;http://images.amazon.com/images/P/1566398304.01.MZZZZZZZ.jpg;http://images.amazon.com/images/P/1566398304.01.LZZZZZZZ.jpg
0060965339;Your Pregnancy Month by Month;Clark, M.D. Gillespie;1995;Perennial;http://images.amazon.com/images/P/0060965339.01.THUMBZZZ.jpg;http://images.amazon.com/images/P/0060965339.01.MZZZZZZZ.jpg;http://images.amazon.com/images/P/0060965339.01.LZZZZZZZ.jpg
0761976825;You Have to Go to School--You're the Teacher! : 250 Classroom Management Strategies to Make Your Job Easier and More Fun;Renee Rosenblum-Lowden;2000;Corwin Press;http://images.amazon.com/images/P/0761976825.01.THUMBZZZ.jpg;http://images.amazon.com/images/P/0761976825.01.MZZZZZZZ.jpg;http://images.amazon.com/images/P/0761976825.01.LZZZZZZZ.jpg
044691052X;You Must Remember This 1975: Milestones, Memories, Trivia and Facts, News Events, Prominent Personalities & Sports Highlights of the Year (You Must Remember This);Mary Pradt;1995;Warner Books Inc;http://images.amazon.com/images/P/044691052X.01.THUMBZZZ.jpg;http://images.amazon.com/images/P/044691052X.01.MZZZZZZZ.jpg;http://images.amazon.com/images/P/044691052X.01.LZZZZZZZ.jpg
0395414520;You Can't Catch Me!;Joanne Oppenheim;1986;Houghton Mifflin Co;http://images.amazon.com/images/P/0395414520.01.THUMBZZZ.jpg;http://images.amazon.com/images/P/0395414520.01.MZZZZZZZ.jpg;http://images.amazon.com/images/P/0395414520.01.LZZZZZZZ.jpg
0931529972;Your Journey into the Future;Eldor Kaiser;1990;Group Pub Inc;http://images.amazon.com/images/P/0931529972.01.THUMBZZZ.jpg;http://images.amazon.com/images/P/0931529972.01.MZZZZZZZ.jpg;http://images.amazon.com/images/P/0931529972.01.LZZZZZZZ.jpg
8435020010;Yo, Robot/I, Robot;Isaac Asimov;1984;Edhasa;http://images.amazon.com/images/P/8435020010.01.THUMBZZZ.jpg;http://images.amazon.com/images/P/8435020010.01.MZZZZZZZ.jpg;http://images.amazon.com/images/P/8435020010.01.LZZZZZZZ.jpg
0842346538;Yes;Ann Kiemel Anderson;1978;Tyndale House Publishers;http://images.amazon.com/images/P/0842346538.01.THUMBZZZ.jpg;http://images.amazon.com/images/P/0842346538.01.MZZZZZZZ.jpg;http://images.amazon.com/images/P/0842346538.01.LZZZZZZZ.jpg
0805007091;Young Kate;Christopher Andersen;1988;Henry Holt & Co;http://images.amazon.com/images/P/0805007091.01.THUMBZZZ.jpg;http://images.amazon.com/images/P/0805007091.01.MZZZZZZZ.jpg;http://images.amazon.com/images/P/0805007091.01.LZZZZZZZ.jpg
0451400771;Yesterday's Roses;Lynda Trent;1988;New Amer Library (Mm);http://images.amazon.com/images/P/0451400771.01.THUMBZZZ.jpg;http://images.amazon.com/images/P/0451400771.01.MZZZZZZZ.jpg;http://images.amazon.com/images/P/0451400771.01.LZZZZZZZ.jpg
0816157634;Years (G K Hall Large Print Book);Lavyrle Spencer;1995;Thorndike Press;http://images.amazon.com/images/P/0816157634.01.THUMBZZZ.jpg;http://images.amazon.com/images/P/0816157634.01.MZZZZZZZ.jpg;http://images.amazon.com/images/P/0816157634.01.LZZZZZZZ.jpg
0316319376;Years of Dreams;Gloria Goldreich;1992;Little Brown & Co;http://images.amazon.com/images/P/0316319376.01.THUMBZZZ.jpg;http://images.amazon.com/images/P/0316319376.01.MZZZZZZZ.jpg;http://images.amazon.com/images/P/0316319376.01.LZZZZZZZ.jpg
084670028X;Your Irish Ancestors,;J. Anderson. Black;1977;Book Sales;http://images.amazon.com/images/P/084670028X.01.THUMBZZZ.jpg;http://images.amazon.com/images/P/084670028X.01.MZZZZZZZ.jpg;http://images.amazon.com/images/P/084670028X.01.LZZZZZZZ.jpg
0739404334;You Are Psychic;Pete A Sanders;0;Simon Schuster Trade;http://images.amazon.com/images/P/0739404334.01.THUMBZZZ.jpg;http://images.amazon.com/images/P/0739404334.01.MZZZZZZZ.jpg;http://images.amazon.com/images/P/0739404334.01.LZZZZZZZ.jpg
0802732267;Yakuza, Go Home!: A Mark Shigata Mystery;Anne Wingate;1993;Walker & Co;http://images.amazon.com/images/P/0802732267.01.THUMBZZZ.jpg;http://images.amazon.com/images/P/0802732267.01.MZZZZZZZ.jpg;http://images.amazon.com/images/P/0802732267.01.LZZZZZZZ.jpg
0743456696;Yoga : Natural Exercises for Life;Kristie Dahlia Home;2002;Atria Books;http://images.amazon.com/images/P/0743456696.01.THUMBZZZ.jpg;http://images.amazon.com/images/P/0743456696.01.MZZZZZZZ.jpg;http://images.amazon.com/images/P/0743456696.01.LZZZZZZZ.jpg
0740711598;You'Re The Best Mom Ever;Ellen Jacob;2001;Andrews McMeel Publishing;http://images.amazon.com/images/P/0740711598.01.THUMBZZZ.jpg;http://images.amazon.com/images/P/0740711598.01.MZZZZZZZ.jpg;http://images.amazon.com/images/P/0740711598.01.LZZZZZZZ.jpg
0803231482;Yellowstone and the Great West: Journals, Letters, and Images from the 1871 Hayden Expedition;Marlene Deahl Merrill;1999;University of Nebraska Press;http://images.amazon.com/images/P/0803231482.01.THUMBZZZ.jpg;http://images.amazon.com/images/P/0803231482.01.MZZZZZZZ.jpg;http://images.amazon.com/images/P/0803231482.01.LZZZZZZZ.jpg
071452896X;Yevgeny Yevtushenko: Early Poems;Yevgeny Yevtushenko;1989;Marion Boyars Publishers;http://images.amazon.com/images/P/071452896X.01.THUMBZZZ.jpg;http://images.amazon.com/images/P/071452896X.01.MZZZZZZZ.jpg;http://images.amazon.com/images/P/071452896X.01.LZZZZZZZ.jpg
0882704176;Yes Yes Living in a No No World;Neil Eskelin;1980;Bridge Logos Pub;http://images.amazon.com/images/P/0882704176.01.THUMBZZZ.jpg;http://images.amazon.com/images/P/0882704176.01.MZZZZZZZ.jpg;http://images.amazon.com/images/P/0882704176.01.LZZZZZZZ.jpg
1861052774;You're Pregnant Too, Mate!: The Essential Guide for Expectant Fathers;Gavin Rodgers;2000;Robson Books;http://images.amazon.com/images/P/1861052774.01.THUMBZZZ.jpg;http://images.amazon.com/images/P/1861052774.01.MZZZZZZZ.jpg;http://images.amazon.com/images/P/1861052774.01.LZZZZZZZ.jpg
9151835401;Ytspanning;Aino Trosell;1999;Prisma;http://images.amazon.com/images/P/9151835401.01.THUMBZZZ.jpg;http://images.amazon.com/images/P/9151835401.01.MZZZZZZZ.jpg;http://images.amazon.com/images/P/9151835401.01.LZZZZZZZ.jpg
0345364066;You Get What You Pay for;Larry Beinhart;1989;Ballantine Books;http://images.amazon.com/images/P/0345364066.01.THUMBZZZ.jpg;http://images.amazon.com/images/P/0345364066.01.MZZZZZZZ.jpg;http://images.amazon.com/images/P/0345364066.01.LZZZZZZZ.jpg
0375400079;Your Baby and Child: From Birth to Age Five;Penelope Leach;1997;Alfred A. Knopf;http://images.amazon.com/images/P/0375400079.01.THUMBZZZ.jpg;http://images.amazon.com/images/P/0375400079.01.MZZZZZZZ.jpg;http://images.amazon.com/images/P/0375400079.01.LZZZZZZZ.jpg
0875162592;Your Word Is Your Wand;Shinn;1978;DeVorss & Company;http://images.amazon.com/images/P/0875162592.01.THUMBZZZ.jpg;http://images.amazon.com/images/P/0875162592.01.MZZZZZZZ.jpg;http://images.amazon.com/images/P/0875162592.01.LZZZZZZZ.jpg
1557661154;"You, Your Child, and \Special\"" Education: A Guide to Making the System Work""";Barbara Coyne, Ed.D. Cutler;1995;Brookes Publishing Company;http://images.amazon.com/images/P/1557661154.01.THUMBZZZ.jpg;http://images.amazon.com/images/P/1557661154.01.MZZZZZZZ.jpg;http://images.amazon.com/images/P/1557661154.01.LZZZZZZZ.jpg
1891210807;You Can't Get Pizza Delivered to a Doghouse (Animal Series);Sandy Lindsey;2000;Bartlett Publishing;http://images.amazon.com/images/P/1891210807.01.THUMBZZZ.jpg;http://images.amazon.com/images/P/1891210807.01.MZZZZZZZ.jpg;http://images.amazon.com/images/P/1891210807.01.LZZZZZZZ.jpg
1564771989;Your First Quilt Book (or it should be!);Carol Doak;1997;That Patchwork Place;http://images.amazon.com/images/P/1564771989.01.THUMBZZZ.jpg;http://images.amazon.com/images/P/1564771989.01.MZZZZZZZ.jpg;http://images.amazon.com/images/P/1564771989.01.LZZZZZZZ.jpg
0310203732;Yes, You Can, Heather!: The Story of Heather Whitestone, Miss America 1995;Daphne Gray;1995;Zondervan;http://images.amazon.com/images/P/0310203732.01.THUMBZZZ.jpg;http://images.amazon.com/images/P/0310203732.01.MZZZZZZZ.jpg;http://images.amazon.com/images/P/0310203732.01.LZZZZZZZ.jpg
095342054X;Yan and the Pike: A Very Strange Tale About A Cat Who Goes To Tea With A Fish;Jun Machida;2002;Acorn Book Company;http://images.amazon.com/images/P/095342054X.01.THUMBZZZ.jpg;http://images.amazon.com/images/P/095342054X.01.MZZZZZZZ.jpg;http://images.amazon.com/images/P/095342054X.01.LZZZZZZZ.jpg
0224050613;Yellow Dog;Martin Amis;2003;Jonathan Cape, Ltd.;http://images.amazon.com/images/P/0224050613.01.THUMBZZZ.jpg;http://images.amazon.com/images/P/0224050613.01.MZZZZZZZ.jpg;http://images.amazon.com/images/P/0224050613.01.LZZZZZZZ.jpg
1861603827;Your Puppys First Year;Don Harper;0;Eagle Editions;http://images.amazon.com/images/P/1861603827.01.THUMBZZZ.jpg;http://images.amazon.com/images/P/1861603827.01.MZZZZZZZ.jpg;http://images.amazon.com/images/P/1861603827.01.LZZZZZZZ.jpg
0937858536;Your Child at Play: One to Two Years;Marilyn Segal;1985;W W Norton & Co;http://images.amazon.com/images/P/0937858536.01.THUMBZZZ.jpg;http://images.amazon.com/images/P/0937858536.01.MZZZZZZZ.jpg;http://images.amazon.com/images/P/0937858536.01.LZZZZZZZ.jpg
1585671398;Yemen: The Unknown Arabia;Tim MacKintosh-Smith;2001;Overlook Press;http://images.amazon.com/images/P/1585671398.01.THUMBZZZ.jpg;http://images.amazon.com/images/P/1585671398.01.MZZZZZZZ.jpg;http://images.amazon.com/images/P/1585671398.01.LZZZZZZZ.jpg
0449217876;You Only Get Married for the First Time Once;Judy Markey;1989;Fawcett Books;http://images.amazon.com/images/P/0449217876.01.THUMBZZZ.jpg;http://images.amazon.com/images/P/0449217876.01.MZZZZZZZ.jpg;http://images.amazon.com/images/P/0449217876.01.LZZZZZZZ.jpg
8403092148;Yo, Augusto;Ernesto Ekaizer;2003;Aguilar;http://images.amazon.com/images/P/8403092148.01.THUMBZZZ.jpg;http://images.amazon.com/images/P/8403092148.01.MZZZZZZZ.jpg;http://images.amazon.com/images/P/8403092148.01.LZZZZZZZ.jpg
0141000627;Young Digger;Anthony Hill;2003;Penguin Books;http://images.amazon.com/images/P/0141000627.01.THUMBZZZ.jpg;http://images.amazon.com/images/P/0141000627.01.MZZZZZZZ.jpg;http://images.amazon.com/images/P/0141000627.01.LZZZZZZZ.jpg
0736900578;Your Simple Guide to a Home-Based Business;Emilie Barnes;1999;Harvest House Pub;http://images.amazon.com/images/P/0736900578.01.THUMBZZZ.jpg;http://images.amazon.com/images/P/0736900578.01.MZZZZZZZ.jpg;http://images.amazon.com/images/P/0736900578.01.LZZZZZZZ.jpg
0689708130;YELLOW BACK RADIO BROKE DOWN;Larson Reed;1989;Scribner Paper Fiction;http://images.amazon.com/images/P/0689708130.01.THUMBZZZ.jpg;http://images.amazon.com/images/P/0689708130.01.MZZZZZZZ.jpg;http://images.amazon.com/images/P/0689708130.01.LZZZZZZZ.jpg
0915811375;You the Healer: The World-Famous Silva Method on How to Heal Yourself and Others;Jose Silva;1992;H.J. Kramer;http://images.amazon.com/images/P/0915811375.01.THUMBZZZ.jpg;http://images.amazon.com/images/P/0915811375.01.MZZZZZZZ.jpg;http://images.amazon.com/images/P/0915811375.01.LZZZZZZZ.jpg
0811730786;Yellowstone: A Visitor's Companion (National Parks Visitor's Companions);George Wuerthner;1992;Stackpole Books;http://images.amazon.com/images/P/0811730786.01.THUMBZZZ.jpg;http://images.amazon.com/images/P/0811730786.01.MZZZZZZZ.jpg;http://images.amazon.com/images/P/0811730786.01.LZZZZZZZ.jpg
0025064312;Yardening;Jeff Ball;1992;Macmillan General Reference;http://images.amazon.com/images/P/0025064312.01.THUMBZZZ.jpg;http://images.amazon.com/images/P/0025064312.01.MZZZZZZZ.jpg;http://images.amazon.com/images/P/0025064312.01.LZZZZZZZ.jpg
0679722874;Yoga:  The Iyengar Way;SILVA MEHTA;1990;Knopf;http://images.amazon.com/images/P/0679722874.01.THUMBZZZ.jpg;http://images.amazon.com/images/P/0679722874.01.MZZZZZZZ.jpg;http://images.amazon.com/images/P/0679722874.01.LZZZZZZZ.jpg
0307124835;"You Can Say \No\"": A Book About Protecting Yourself (Golden Learn About Living Books)""";Betty Boegehold;1985;Golden Books;http://images.amazon.com/images/P/0307124835.01.THUMBZZZ.jpg;http://images.amazon.com/images/P/0307124835.01.MZZZZZZZ.jpg;http://images.amazon.com/images/P/0307124835.01.LZZZZZZZ.jpg
0307101770;Yes, I Love You (First Little Golden Book);Juanita Havill;1996;Golden Books;http://images.amazon.com/images/P/0307101770.01.THUMBZZZ.jpg;http://images.amazon.com/images/P/0307101770.01.MZZZZZZZ.jpg;http://images.amazon.com/images/P/0307101770.01.LZZZZZZZ.jpg
1579122787;Yoga: The Perfect Companion (Perfect Companions!);Michele Picozzi;2003;Black Dog & Leventhal Publishers;http://images.amazon.com/images/P/1579122787.01.THUMBZZZ.jpg;http://images.amazon.com/images/P/1579122787.01.MZZZZZZZ.jpg;http://images.amazon.com/images/P/1579122787.01.LZZZZZZZ.jpg
0517200295;Your Inner Beauty;Jill Freeman;1996;Random House Inc;http://images.amazon.com/images/P/0517200295.01.THUMBZZZ.jpg;http://images.amazon.com/images/P/0517200295.01.MZZZZZZZ.jpg;http://images.amazon.com/images/P/0517200295.01.LZZZZZZZ.jpg
0070565112;You Are Somebody Special;Charlie Shedd;1982;McGraw-Hill;http://images.amazon.com/images/P/0070565112.01.THUMBZZZ.jpg;http://images.amazon.com/images/P/0070565112.01.MZZZZZZZ.jpg;http://images.amazon.com/images/P/0070565112.01.LZZZZZZZ.jpg
020160826X;You Can Say No to Your Teenage: And Other Strategies for Effective Parenting in the 1990's;Jeanette Shalov;1992;Addison-Wesley Pub Co;http://images.amazon.com/images/P/020160826X.01.THUMBZZZ.jpg;http://images.amazon.com/images/P/020160826X.01.MZZZZZZZ.jpg;http://images.amazon.com/images/P/020160826X.01.LZZZZZZZ.jpg
1414024592;You've Got Fe-Mail!;Kristin Cranford;2004;Authorhouse;http://images.amazon.com/images/P/1414024592.01.THUMBZZZ.jpg;http://images.amazon.com/images/P/1414024592.01.MZZZZZZZ.jpg;http://images.amazon.com/images/P/1414024592.01.LZZZZZZZ.jpg
092040300X;Yoga for Cats;Erica Rutherford;1984;Hands Pub.;http://images.amazon.com/images/P/092040300X.01.THUMBZZZ.jpg;http://images.amazon.com/images/P/092040300X.01.MZZZZZZZ.jpg;http://images.amazon.com/images/P/092040300X.01.LZZZZZZZ.jpg
0793518598;Yellow Submarine (Sing-a-Song Storybook);John Lennon;1993;Hal Leonard Corp;http://images.amazon.com/images/P/0793518598.01.THUMBZZZ.jpg;http://images.amazon.com/images/P/0793518598.01.MZZZZZZZ.jpg;http://images.amazon.com/images/P/0793518598.01.LZZZZZZZ.jpg
0380506254;Yes is Better Than No;Byrd Bayler;1985;Avon Books;http://images.amazon.com/images/P/0380506254.01.THUMBZZZ.jpg;http://images.amazon.com/images/P/0380506254.01.MZZZZZZZ.jpg;http://images.amazon.com/images/P/0380506254.01.LZZZZZZZ.jpg
038000724X;Yankee Pasha;Edison Marshal;1999;Harper Mass Market Paperbacks (Mm);http://images.amazon.com/images/P/038000724X.01.THUMBZZZ.jpg;http://images.amazon.com/images/P/038000724X.01.MZZZZZZZ.jpg;http://images.amazon.com/images/P/038000724X.01.LZZZZZZZ.jpg
0061203424;You and me, babe;Chuck Barris;1974;Harper's Magazine Press;http://images.amazon.com/images/P/0061203424.01.THUMBZZZ.jpg;http://images.amazon.com/images/P/0061203424.01.MZZZZZZZ.jpg;http://images.amazon.com/images/P/0061203424.01.LZZZZZZZ.jpg
3458336893;Yehudi Menuhin. Ein Portr�?¤t.;Tony Palmer;1997;Insel, Frankfurt;http://images.amazon.com/images/P/3458336893.01.THUMBZZZ.jpg;http://images.amazon.com/images/P/3458336893.01.MZZZZZZZ.jpg;http://images.amazon.com/images/P/3458336893.01.LZZZZZZZ.jpg
0446910767;You Must Remember This 1943 (You Must Remember This Series);Betsy Dexter;1995;Warner Books;http://images.amazon.com/images/P/0446910767.01.THUMBZZZ.jpg;http://images.amazon.com/images/P/0446910767.01.MZZZZZZZ.jpg;http://images.amazon.com/images/P/0446910767.01.LZZZZZZZ.jpg
0827603606;Your People, My People: Finding Acceptance and Fulfillment as a Jew by Choice;Lena Romanoff;1990;Jewish Publication Society of America;http://images.amazon.com/images/P/0827603606.01.THUMBZZZ.jpg;http://images.amazon.com/images/P/0827603606.01.MZZZZZZZ.jpg;http://images.amazon.com/images/P/0827603606.01.LZZZZZZZ.jpg
0373705670;Yesterday'S Secrets (Harlequin Superromance, No 567);Tara Taylor Quinn;1993;Harlequin;http://images.amazon.com/images/P/0373705670.01.THUMBZZZ.jpg;http://images.amazon.com/images/P/0373705670.01.MZZZZZZZ.jpg;http://images.amazon.com/images/P/0373705670.01.LZZZZZZZ.jpg
0918468019;Yellow Book of Wordplay Stories;Susan Batko;1977;Communacad;http://images.amazon.com/images/P/0918468019.01.THUMBZZZ.jpg;http://images.amazon.com/images/P/0918468019.01.MZZZZZZZ.jpg;http://images.amazon.com/images/P/0918468019.01.LZZZZZZZ.jpg
0816763364;You Can Learn Sign Language!: More Than 300 Words in Pictures (Winner of the National Parenting Association Gold Medal);Jackie Kramer;2000;Troll Communications;http://images.amazon.com/images/P/0816763364.01.THUMBZZZ.jpg;http://images.amazon.com/images/P/0816763364.01.MZZZZZZZ.jpg;http://images.amazon.com/images/P/0816763364.01.LZZZZZZZ.jpg
1401351891;You Make Me Feel Like an Unnatural Woman : Diary of an New (Older) Mother;Judith Newman;2004;Miramax;http://images.amazon.com/images/P/1401351891.01.THUMBZZZ.jpg;http://images.amazon.com/images/P/1401351891.01.MZZZZZZZ.jpg;http://images.amazon.com/images/P/1401351891.01.LZZZZZZZ.jpg
0961882115;You Are What You Ate: A Macrobiotic Way: An Rx for the Resistant Diseases of the 21st Century;Sherry A Rogers;1988;Prestige Publications;http://images.amazon.com/images/P/0961882115.01.THUMBZZZ.jpg;http://images.amazon.com/images/P/0961882115.01.MZZZZZZZ.jpg;http://images.amazon.com/images/P/0961882115.01.LZZZZZZZ.jpg
0761821384;Yankele: A Holocaust Survivor's Bittersweet Memoir;Alex Gross;2002;University Press of America;http://images.amazon.com/images/P/0761821384.01.THUMBZZZ.jpg;http://images.amazon.com/images/P/0761821384.01.MZZZZZZZ.jpg;http://images.amazon.com/images/P/0761821384.01.LZZZZZZZ.jpg
0671256181;Your Second Child;Joan Solomon Weiss;1981;Summit Books;http://images.amazon.com/images/P/0671256181.01.THUMBZZZ.jpg;http://images.amazon.com/images/P/0671256181.01.MZZZZZZZ.jpg;http://images.amazon.com/images/P/0671256181.01.LZZZZZZZ.jpg
088011861X;Your Personal Trainer;Douglas Brooks;1999;Human Kinetics Publishers;http://images.amazon.com/images/P/088011861X.01.THUMBZZZ.jpg;http://images.amazon.com/images/P/088011861X.01.MZZZZZZZ.jpg;http://images.amazon.com/images/P/088011861X.01.LZZZZZZZ.jpg
1852278099;Your Life in Your Hands: Understanding, Preventing and Overcoming Breast Cancer;Jane Plant CBE;2000;Virgin Books;http://images.amazon.com/images/P/1852278099.01.THUMBZZZ.jpg;http://images.amazon.com/images/P/1852278099.01.MZZZZZZZ.jpg;http://images.amazon.com/images/P/1852278099.01.LZZZZZZZ.jpg
0590088203;You're Not Elected, Charlie Brown;Charles M. Schulz;1974;Scholastic Paperbacks (Mm);http://images.amazon.com/images/P/0590088203.01.THUMBZZZ.jpg;http://images.amazon.com/images/P/0590088203.01.MZZZZZZZ.jpg;http://images.amazon.com/images/P/0590088203.01.LZZZZZZZ.jpg
0875962564;Your Family Will Love It!: Quick and Healthy Weekday Meals for the Hard-To-Please;Jean Rogers;1995;St Martins Pr;http://images.amazon.com/images/P/0875962564.01.THUMBZZZ.jpg;http://images.amazon.com/images/P/0875962564.01.MZZZZZZZ.jpg;http://images.amazon.com/images/P/0875962564.01.LZZZZZZZ.jpg
0439222338;Yeeps!: Secrets in the Statue (Abracadabra!, Book 4);Peter Lerangis;2002;Scholastic Paperbacks;http://images.amazon.com/images/P/0439222338.01.THUMBZZZ.jpg;http://images.amazon.com/images/P/0439222338.01.MZZZZZZZ.jpg;http://images.amazon.com/images/P/0439222338.01.LZZZZZZZ.jpg
8434877821;Yo Soy Mayor Que Mi Padre;Pedro Sorela;2001;Downtown Book Center Inc;http://images.amazon.com/images/P/8434877821.01.THUMBZZZ.jpg;http://images.amazon.com/images/P/8434877821.01.MZZZZZZZ.jpg;http://images.amazon.com/images/P/8434877821.01.LZZZZZZZ.jpg
0786001445;Yosemite/a Sweeping Epic Novel of the American Wilderness in the Bestselling Tradition of James Michener...: A Sweeping Epic Novel of the American Wil ... n the Bestselling Tradition of James Michener;Gary McCarthy;1995;Pinnacle Books;http://images.amazon.com/images/P/0786001445.01.THUMBZZZ.jpg;http://images.amazon.com/images/P/0786001445.01.MZZZZZZZ.jpg;http://images.amazon.com/images/P/0786001445.01.LZZZZZZZ.jpg
0310209854;Yes, You Can, Heather: The Story of Heather Whitestone, Miss America 1995;Daphne Gray;1996;Zondervan;http://images.amazon.com/images/P/0310209854.01.THUMBZZZ.jpg;http://images.amazon.com/images/P/0310209854.01.MZZZZZZZ.jpg;http://images.amazon.com/images/P/0310209854.01.LZZZZZZZ.jpg
0345374665;Yes! Another Simple Family Joke Book;Adam Bryan;1992;Ballantine Books;http://images.amazon.com/images/P/0345374665.01.THUMBZZZ.jpg;http://images.amazon.com/images/P/0345374665.01.MZZZZZZZ.jpg;http://images.amazon.com/images/P/0345374665.01.LZZZZZZZ.jpg
0671617591;YOU WERE BORN AGIN;Dick Sutphen;1985;Pocket;http://images.amazon.com/images/P/0671617591.01.THUMBZZZ.jpg;http://images.amazon.com/images/P/0671617591.01.MZZZZZZZ.jpg;http://images.amazon.com/images/P/0671617591.01.LZZZZZZZ.jpg
1555612563;Your Pregnancy Week by Week (Your Pregnancy);Glade B. Curtis;2000;Perseus Publishing;http://images.amazon.com/images/P/1555612563.01.THUMBZZZ.jpg;http://images.amazon.com/images/P/1555612563.01.MZZZZZZZ.jpg;http://images.amazon.com/images/P/1555612563.01.LZZZZZZZ.jpg
3596147379;Yeti. Legende und Wirklichkeit.;Reinhold Messner;2000;Fischer (Tb.), Frankfurt;http://images.amazon.com/images/P/3596147379.01.THUMBZZZ.jpg;http://images.amazon.com/images/P/3596147379.01.MZZZZZZZ.jpg;http://images.amazon.com/images/P/3596147379.01.LZZZZZZZ.jpg
0446671932;You Can Do It : How to Boost Your Child's Achievement in School;Michael E. Bernard;1997;Warner Books;http://images.amazon.com/images/P/0446671932.01.THUMBZZZ.jpg;http://images.amazon.com/images/P/0446671932.01.MZZZZZZZ.jpg;http://images.amazon.com/images/P/0446671932.01.LZZZZZZZ.jpg
0865471940;You Know What Is Right;Jim Heynen;1985;Daedalus Books;http://images.amazon.com/images/P/0865471940.01.THUMBZZZ.jpg;http://images.amazon.com/images/P/0865471940.01.MZZZZZZZ.jpg;http://images.amazon.com/images/P/0865471940.01.LZZZZZZZ.jpg
0932870015;Young, Gay and Proud!;Sasha Alyson;1985;Alyson Publications;http://images.amazon.com/images/P/0932870015.01.THUMBZZZ.jpg;http://images.amazon.com/images/P/0932870015.01.MZZZZZZZ.jpg;http://images.amazon.com/images/P/0932870015.01.LZZZZZZZ.jpg
0769604315;Yee Haw;Landoll;2001;Landoll;http://images.amazon.com/images/P/0769604315.01.THUMBZZZ.jpg;http://images.amazon.com/images/P/0769604315.01.MZZZZZZZ.jpg;http://images.amazon.com/images/P/0769604315.01.LZZZZZZZ.jpg
1894222776;You Can't Fall for Your Stepsister (Step-Chain);Ann Bryant;2004;Lobster Press;http://images.amazon.com/images/P/1894222776.01.THUMBZZZ.jpg;http://images.amazon.com/images/P/1894222776.01.MZZZZZZZ.jpg;http://images.amazon.com/images/P/1894222776.01.LZZZZZZZ.jpg
0875162878;Your Right Action Number;Juno Jordan;1980;DeVorss & Company;http://images.amazon.com/images/P/0875162878.01.THUMBZZZ.jpg;http://images.amazon.com/images/P/0875162878.01.MZZZZZZZ.jpg;http://images.amazon.com/images/P/0875162878.01.LZZZZZZZ.jpg
0771022565;You Had to Be There;ROBERT COLLINS;1999;McClelland & Stewart;http://images.amazon.com/images/P/0771022565.01.THUMBZZZ.jpg;http://images.amazon.com/images/P/0771022565.01.MZZZZZZZ.jpg;http://images.amazon.com/images/P/0771022565.01.LZZZZZZZ.jpg
0312275617;Your Life in Your Hands: Understanding, Preventing and Overcoming Breast Cancer;Jane A. Plant;2001;Thomas Dunne Books;http://images.amazon.com/images/P/0312275617.01.THUMBZZZ.jpg;http://images.amazon.com/images/P/0312275617.01.MZZZZZZZ.jpg;http://images.amazon.com/images/P/0312275617.01.LZZZZZZZ.jpg
039331829X;Yesterday Will Make You Cry;Chester Himes;1999;W.W. Norton & Company;http://images.amazon.com/images/P/039331829X.01.THUMBZZZ.jpg;http://images.amazon.com/images/P/039331829X.01.MZZZZZZZ.jpg;http://images.amazon.com/images/P/039331829X.01.LZZZZZZZ.jpg
0787105074;You'll Never Make Love in This Town Again;Jennie Louise Frankel;1996;Audio Literature;http://images.amazon.com/images/P/0787105074.01.THUMBZZZ.jpg;http://images.amazon.com/images/P/0787105074.01.MZZZZZZZ.jpg;http://images.amazon.com/images/P/0787105074.01.LZZZZZZZ.jpg
3442304970;Yin: Roman;Akif Pirinçci;1997;Goldmann;http://images.amazon.com/images/P/3442304970.01.THUMBZZZ.jpg;http://images.amazon.com/images/P/3442304970.01.MZZZZZZZ.jpg;http://images.amazon.com/images/P/3442304970.01.LZZZZZZZ.jpg
0553347292;YOUNG MEN/CAPITAL;JOEL ROSENMAN;1989;Bantam;http://images.amazon.com/images/P/0553347292.01.THUMBZZZ.jpg;http://images.amazon.com/images/P/0553347292.01.MZZZZZZZ.jpg;http://images.amazon.com/images/P/0553347292.01.LZZZZZZZ.jpg
0800714709;You never stop being a parent;Helen Kooiman Hosier;1986;F.H. Revell Co;http://images.amazon.com/images/P/0800714709.01.THUMBZZZ.jpg;http://images.amazon.com/images/P/0800714709.01.MZZZZZZZ.jpg;http://images.amazon.com/images/P/0800714709.01.LZZZZZZZ.jpg
0671001779;YOU READ MY MIND: SISTER, SISTER (Sister, Sister);Janet Quin-Harkin;1996;Aladdin;http://images.amazon.com/images/P/0671001779.01.THUMBZZZ.jpg;http://images.amazon.com/images/P/0671001779.01.MZZZZZZZ.jpg;http://images.amazon.com/images/P/0671001779.01.LZZZZZZZ.jpg
0679411658;Year of the Pearl: The Life of a New York Repertory Company;David Hapgood;1993;Random House Inc;http://images.amazon.com/images/P/0679411658.01.THUMBZZZ.jpg;http://images.amazon.com/images/P/0679411658.01.MZZZZZZZ.jpg;http://images.amazon.com/images/P/0679411658.01.LZZZZZZZ.jpg
0786805579;Young Naturalist's Pop-Up Handbook: Beetles - Book #1 (Young Naturalist's Pop-Up Handbooks);Matthew Reinhart;2001;Hyperion Books for Children;http://images.amazon.com/images/P/0786805579.01.THUMBZZZ.jpg;http://images.amazon.com/images/P/0786805579.01.MZZZZZZZ.jpg;http://images.amazon.com/images/P/0786805579.01.LZZZZZZZ.jpg
0786805587;Young Naturalist Pop-up Handbook: Butterflies;Matthew Reinhart;2001;Hyperion Books for Children;http://images.amazon.com/images/P/0786805587.01.THUMBZZZ.jpg;http://images.amazon.com/images/P/0786805587.01.MZZZZZZZ.jpg;http://images.amazon.com/images/P/0786805587.01.LZZZZZZZ.jpg
0854492364;Young Men at War;Noel Currer-Briggs;1996;Gay Men's Press;http://images.amazon.com/images/P/0854492364.01.THUMBZZZ.jpg;http://images.amazon.com/images/P/0854492364.01.MZZZZZZZ.jpg;http://images.amazon.com/images/P/0854492364.01.LZZZZZZZ.jpg
8484508935;Yo Puta;Isabel Pisano;2004;Debols!llo;http://images.amazon.com/images/P/8484508935.01.THUMBZZZ.jpg;http://images.amazon.com/images/P/8484508935.01.MZZZZZZZ.jpg;http://images.amazon.com/images/P/8484508935.01.LZZZZZZZ.jpg
0671634933;Young and Famous: Hollywood's Newest Superstars;Daniel Cohen;1987;Pocket Books;http://images.amazon.com/images/P/0671634933.01.THUMBZZZ.jpg;http://images.amazon.com/images/P/0671634933.01.MZZZZZZZ.jpg;http://images.amazon.com/images/P/0671634933.01.LZZZZZZZ.jpg
0060521805;Year's Best Fantasy 3 (Year's Best Fantasy);David Hartwell;2003;Eos;http://images.amazon.com/images/P/0060521805.01.THUMBZZZ.jpg;http://images.amazon.com/images/P/0060521805.01.MZZZZZZZ.jpg;http://images.amazon.com/images/P/0060521805.01.LZZZZZZZ.jpg
0137619669;Your Diet Coach;Barbara Debetz;1990;Prentice Hall;http://images.amazon.com/images/P/0137619669.01.THUMBZZZ.jpg;http://images.amazon.com/images/P/0137619669.01.MZZZZZZZ.jpg;http://images.amazon.com/images/P/0137619669.01.LZZZZZZZ.jpg
0345367847;Yvgenie;C.J. Cherryh;1991;Del Rey Books;http://images.amazon.com/images/P/0345367847.01.THUMBZZZ.jpg;http://images.amazon.com/images/P/0345367847.01.MZZZZZZZ.jpg;http://images.amazon.com/images/P/0345367847.01.LZZZZZZZ.jpg
0393008592;Yeats: The Man and the Masks;Richard Ellmann;2000;W. W. Norton & Company;http://images.amazon.com/images/P/0393008592.01.THUMBZZZ.jpg;http://images.amazon.com/images/P/0393008592.01.MZZZZZZZ.jpg;http://images.amazon.com/images/P/0393008592.01.LZZZZZZZ.jpg
0671552392;YOUVE GOT IT MADE;Marian Burros;1985;Pocket;http://images.amazon.com/images/P/0671552392.01.THUMBZZZ.jpg;http://images.amazon.com/images/P/0671552392.01.MZZZZZZZ.jpg;http://images.amazon.com/images/P/0671552392.01.LZZZZZZZ.jpg
0881844462;You and Your Child's Self-Esteem: Building for the Future;James M. Harris;1989;Pub Group West;http://images.amazon.com/images/P/0881844462.01.THUMBZZZ.jpg;http://images.amazon.com/images/P/0881844462.01.MZZZZZZZ.jpg;http://images.amazon.com/images/P/0881844462.01.LZZZZZZZ.jpg
1855855429;Yorkshire Villages: Travels Through Dales and Moors (Classic Country Companions);J. Birdsall;1999;Parkgate Books Ltd;http://images.amazon.com/images/P/1855855429.01.THUMBZZZ.jpg;http://images.amazon.com/images/P/1855855429.01.MZZZZZZZ.jpg;http://images.amazon.com/images/P/1855855429.01.LZZZZZZZ.jpg
0446912816;Yoga for Physical Fitness;Richard Hittleman;1960;Warner Books (Mm);http://images.amazon.com/images/P/0446912816.01.THUMBZZZ.jpg;http://images.amazon.com/images/P/0446912816.01.MZZZZZZZ.jpg;http://images.amazon.com/images/P/0446912816.01.LZZZZZZZ.jpg
1879730200;You Are Your Instrument: The Definitive Musician's Guide to Practice and Performance;Julie Lyonn Lieberman;1991;Huiksi Music;http://images.amazon.com/images/P/1879730200.01.THUMBZZZ.jpg;http://images.amazon.com/images/P/1879730200.01.MZZZZZZZ.jpg;http://images.amazon.com/images/P/1879730200.01.LZZZZZZZ.jpg
0316152676;You Never Can Tell;Ellen Conford;1984;Little Brown & Co;http://images.amazon.com/images/P/0316152676.01.THUMBZZZ.jpg;http://images.amazon.com/images/P/0316152676.01.MZZZZZZZ.jpg;http://images.amazon.com/images/P/0316152676.01.LZZZZZZZ.jpg
0870447890;Yosemite: An American Treasure;National Geographic Society;2000;National Geographic Society;http://images.amazon.com/images/P/0870447890.01.THUMBZZZ.jpg;http://images.amazon.com/images/P/0870447890.01.MZZZZZZZ.jpg;http://images.amazon.com/images/P/0870447890.01.LZZZZZZZ.jpg
0525239057;Yevtushenko Poems;Evtushenko                   E;2000;E P Dutton;http://images.amazon.com/images/P/0525239057.01.THUMBZZZ.jpg;http://images.amazon.com/images/P/0525239057.01.MZZZZZZZ.jpg;http://images.amazon.com/images/P/0525239057.01.LZZZZZZZ.jpg
0553084119;You and I Yesterday;Marjorie Holmes;0;Bantam Doubleday Dell;http://images.amazon.com/images/P/0553084119.01.THUMBZZZ.jpg;http://images.amazon.com/images/P/0553084119.01.MZZZZZZZ.jpg;http://images.amazon.com/images/P/0553084119.01.LZZZZZZZ.jpg
0892881976;Yellowstone Trails: A Hiking Guide;Mark Marschall;1999;Yellowstone Association for Natural Science &;http://images.amazon.com/images/P/0892881976.01.THUMBZZZ.jpg;http://images.amazon.com/images/P/0892881976.01.MZZZZZZZ.jpg;http://images.amazon.com/images/P/0892881976.01.LZZZZZZZ.jpg
0934803684;Your Future: An A-Z Index to Prophecy;Jack Van Impe;1989;Jack Van Impe Ministries;http://images.amazon.com/images/P/0934803684.01.THUMBZZZ.jpg;http://images.amazon.com/images/P/0934803684.01.MZZZZZZZ.jpg;http://images.amazon.com/images/P/0934803684.01.LZZZZZZZ.jpg
1562224549;You Can Teach Yourself Uke (You Can Teach Yourself);Wil Bay;1993;Mel Bay Publications;http://images.amazon.com/images/P/1562224549.01.THUMBZZZ.jpg;http://images.amazon.com/images/P/1562224549.01.MZZZZZZZ.jpg;http://images.amazon.com/images/P/1562224549.01.LZZZZZZZ.jpg
0671875914;Your Body Knows Best;Ann Louise Gittleman;1997;Pocket;http://images.amazon.com/images/P/0671875914.01.THUMBZZZ.jpg;http://images.amazon.com/images/P/0671875914.01.MZZZZZZZ.jpg;http://images.amazon.com/images/P/0671875914.01.LZZZZZZZ.jpg
0517161109;Yeats: Romantic Visionary (Illustrated Poetry Series);W. B. Yeats;1999;Random House Value Pub;http://images.amazon.com/images/P/0517161109.01.THUMBZZZ.jpg;http://images.amazon.com/images/P/0517161109.01.MZZZZZZZ.jpg;http://images.amazon.com/images/P/0517161109.01.LZZZZZZZ.jpg
0553236334;Yoga, 28 Day Exercise Plan;Richard Hittleman;1982;Bantam Books;http://images.amazon.com/images/P/0553236334.01.THUMBZZZ.jpg;http://images.amazon.com/images/P/0553236334.01.MZZZZZZZ.jpg;http://images.amazon.com/images/P/0553236334.01.LZZZZZZZ.jpg
0940279800;Youth Sports and Self Esteem: A Guide for Parents (Spalding Sports Library);Darrell J. Burnett;1993;McGraw-Hill;http://images.amazon.com/images/P/0940279800.01.THUMBZZZ.jpg;http://images.amazon.com/images/P/0940279800.01.MZZZZZZZ.jpg;http://images.amazon.com/images/P/0940279800.01.LZZZZZZZ.jpg
0688108261;Your Pregnancy: Reassuring Answers to the Questions of Mothers-To-Be;Ronald M. Caplan;1992;Harpercollins;http://images.amazon.com/images/P/0688108261.01.THUMBZZZ.jpg;http://images.amazon.com/images/P/0688108261.01.MZZZZZZZ.jpg;http://images.amazon.com/images/P/0688108261.01.LZZZZZZZ.jpg
1576750043;Your Signature Path: Gaining New Perspectives on Life and Work;Geoffrey M. Bellman;1996;Berrett-Koehler Publishers;http://images.amazon.com/images/P/1576750043.01.THUMBZZZ.jpg;http://images.amazon.com/images/P/1576750043.01.MZZZZZZZ.jpg;http://images.amazon.com/images/P/1576750043.01.LZZZZZZZ.jpg
0345334477;Your Thyroid: A Home Reference;Lawrence Wood;1990;Ballantine Books;http://images.amazon.com/images/P/0345334477.01.THUMBZZZ.jpg;http://images.amazon.com/images/P/0345334477.01.MZZZZZZZ.jpg;http://images.amazon.com/images/P/0345334477.01.LZZZZZZZ.jpg
1567184960;Yule: A Celebration of Light and Warmth;Dorothy Morrison;2000;Llewellyn Publications;http://images.amazon.com/images/P/1567184960.01.THUMBZZZ.jpg;http://images.amazon.com/images/P/1567184960.01.MZZZZZZZ.jpg;http://images.amazon.com/images/P/1567184960.01.LZZZZZZZ.jpg
1569800405;Younger Women-Older Men;Beliza Ann Furman;1995;Barricade Books, Inc.;http://images.amazon.com/images/P/1569800405.01.THUMBZZZ.jpg;http://images.amazon.com/images/P/1569800405.01.MZZZZZZZ.jpg;http://images.amazon.com/images/P/1569800405.01.LZZZZZZZ.jpg
0843114967;You Don't Have to Be Crazy to Work Here, but It Helps;Wayne B. Norris;1986;Putnam Pub Group;http://images.amazon.com/images/P/0843114967.01.THUMBZZZ.jpg;http://images.amazon.com/images/P/0843114967.01.MZZZZZZZ.jpg;http://images.amazon.com/images/P/0843114967.01.LZZZZZZZ.jpg
0582782880;York Notes on Selected Poems of Alexander Pope (York Notes);C. Mclachlan;1982;Pearson York Notes;http://images.amazon.com/images/P/0582782880.01.THUMBZZZ.jpg;http://images.amazon.com/images/P/0582782880.01.MZZZZZZZ.jpg;http://images.amazon.com/images/P/0582782880.01.LZZZZZZZ.jpg
0809234726;You're Pregnant!! : A Guide for the Longest Nine Months of Your Life;Kathryn  Hammer;1995;McGraw-Hill;http://images.amazon.com/images/P/0809234726.01.THUMBZZZ.jpg;http://images.amazon.com/images/P/0809234726.01.MZZZZZZZ.jpg;http://images.amazon.com/images/P/0809234726.01.LZZZZZZZ.jpg
0307029441;You Write Script-Batman;Golden Books;1992;Golden Books;http://images.amazon.com/images/P/0307029441.01.THUMBZZZ.jpg;http://images.amazon.com/images/P/0307029441.01.MZZZZZZZ.jpg;http://images.amazon.com/images/P/0307029441.01.LZZZZZZZ.jpg
0078821789;Young at Heart: Computing for Seniors;Mary Furlong;1996;Osborne Publishing;http://images.amazon.com/images/P/0078821789.01.THUMBZZZ.jpg;http://images.amazon.com/images/P/0078821789.01.MZZZZZZZ.jpg;http://images.amazon.com/images/P/0078821789.01.LZZZZZZZ.jpg
0345308077;You, and No Other;Cynthia Wright;1984;Ballantine Books;http://images.amazon.com/images/P/0345308077.01.THUMBZZZ.jpg;http://images.amazon.com/images/P/0345308077.01.MZZZZZZZ.jpg;http://images.amazon.com/images/P/0345308077.01.LZZZZZZZ.jpg
0590225936;You're Invited to Mary-Kate & Ashley's Birthday Party (You're Invited to Mary-Kate & Ashley's);Effin Older;1998;Scholastic;http://images.amazon.com/images/P/0590225936.01.THUMBZZZ.jpg;http://images.amazon.com/images/P/0590225936.01.MZZZZZZZ.jpg;http://images.amazon.com/images/P/0590225936.01.LZZZZZZZ.jpg
0874778972;Your Fat Is Not Your Fault: Overcome Your Body's Resistance to Permanent Weight Loss;Carol Simontacchi;1998;Jeremy P. Tarcher;http://images.amazon.com/images/P/0874778972.01.THUMBZZZ.jpg;http://images.amazon.com/images/P/0874778972.01.MZZZZZZZ.jpg;http://images.amazon.com/images/P/0874778972.01.LZZZZZZZ.jpg
0373121865;Yesterday And Forever (Harlequin Presents, No 2186);Sandra Marton;2001;Harlequin;http://images.amazon.com/images/P/0373121865.01.THUMBZZZ.jpg;http://images.amazon.com/images/P/0373121865.01.MZZZZZZZ.jpg;http://images.amazon.com/images/P/0373121865.01.LZZZZZZZ.jpg
0449203778;You've Got a Friend;Schulz M.;1983;Not Avail;http://images.amazon.com/images/P/0449203778.01.THUMBZZZ.jpg;http://images.amazon.com/images/P/0449203778.01.MZZZZZZZ.jpg;http://images.amazon.com/images/P/0449203778.01.LZZZZZZZ.jpg
0553281550;YOU ARE A GENIUS (Choose Your Own Adventure, No 95);EDWARD PACKARD;1989;Skylark;http://images.amazon.com/images/P/0553281550.01.THUMBZZZ.jpg;http://images.amazon.com/images/P/0553281550.01.MZZZZZZZ.jpg;http://images.amazon.com/images/P/0553281550.01.LZZZZZZZ.jpg
0553572474;Yosemite;Bill Hotchkiss;1995;Bantam Books;http://images.amazon.com/images/P/0553572474.01.THUMBZZZ.jpg;http://images.amazon.com/images/P/0553572474.01.MZZZZZZZ.jpg;http://images.amazon.com/images/P/0553572474.01.LZZZZZZZ.jpg
0786004312;You're Never Too Old to Laugh;Larry Wilde;1997;Pinnacle Books;http://images.amazon.com/images/P/0786004312.01.THUMBZZZ.jpg;http://images.amazon.com/images/P/0786004312.01.MZZZZZZZ.jpg;http://images.amazon.com/images/P/0786004312.01.LZZZZZZZ.jpg
0804103704;Young Mrs. Cavendish and the Kaiser's Men;K.K. Beck;1989;Ivy Books;http://images.amazon.com/images/P/0804103704.01.THUMBZZZ.jpg;http://images.amazon.com/images/P/0804103704.01.MZZZZZZZ.jpg;http://images.amazon.com/images/P/0804103704.01.LZZZZZZZ.jpg
0441942547;Year of the Unicorn;Andre Norton;0;Penguin Putnam~mass;http://images.amazon.com/images/P/0441942547.01.THUMBZZZ.jpg;http://images.amazon.com/images/P/0441942547.01.MZZZZZZZ.jpg;http://images.amazon.com/images/P/0441942547.01.LZZZZZZZ.jpg
0671724495;YESTERDAY'S SON - STAR TREK #11 (Star Trek Novel No. 11);A.C. Crispin;1990;Star Trek;http://images.amazon.com/images/P/0671724495.01.THUMBZZZ.jpg;http://images.amazon.com/images/P/0671724495.01.MZZZZZZZ.jpg;http://images.amazon.com/images/P/0671724495.01.LZZZZZZZ.jpg
0064408469;You're the Best, Hannah!;Mindy Warshaw Skolsky;2000;HarperTrophy;http://images.amazon.com/images/P/0064408469.01.THUMBZZZ.jpg;http://images.amazon.com/images/P/0064408469.01.MZZZZZZZ.jpg;http://images.amazon.com/images/P/0064408469.01.LZZZZZZZ.jpg
0582431964;"York Film Notes: \Double Indemnity\"" (York Film Notes)""";Malcolm Kirtley;2000;Longman Higher Education Division (a Pearson Education company);http://images.amazon.com/images/P/0582431964.01.THUMBZZZ.jpg;http://images.amazon.com/images/P/0582431964.01.MZZZZZZZ.jpg;http://images.amazon.com/images/P/0582431964.01.LZZZZZZZ.jpg
0861887751;Your Psychi Power and How to Develop It;Carl Rider;1988;Slawson Communications;http://images.amazon.com/images/P/0861887751.01.THUMBZZZ.jpg;http://images.amazon.com/images/P/0861887751.01.MZZZZZZZ.jpg;http://images.amazon.com/images/P/0861887751.01.LZZZZZZZ.jpg
067162668X;YAKUSA TATTOO;Jerry Ahern;1988;Pocket;http://images.amazon.com/images/P/067162668X.01.THUMBZZZ.jpg;http://images.amazon.com/images/P/067162668X.01.MZZZZZZZ.jpg;http://images.amazon.com/images/P/067162668X.01.LZZZZZZZ.jpg
4063346706;Your eyes only: Chii Photographics (Chobits Art Book);CLAMP;2003;Kodansha;http://images.amazon.com/images/P/4063346706.01.THUMBZZZ.jpg;http://images.amazon.com/images/P/4063346706.01.MZZZZZZZ.jpg;http://images.amazon.com/images/P/4063346706.01.LZZZZZZZ.jpg
0373760256;You'Re What?!  (Bachelors And Babies) (Silhouette Desires, No 1025);Anne Eames;1996;Silhouette;http://images.amazon.com/images/P/0373760256.01.THUMBZZZ.jpg;http://images.amazon.com/images/P/0373760256.01.MZZZZZZZ.jpg;http://images.amazon.com/images/P/0373760256.01.LZZZZZZZ.jpg
0515125350;Yesteryear's Love (Time Passages);Janet Quinn;1999;Jove Books;http://images.amazon.com/images/P/0515125350.01.THUMBZZZ.jpg;http://images.amazon.com/images/P/0515125350.01.MZZZZZZZ.jpg;http://images.amazon.com/images/P/0515125350.01.LZZZZZZZ.jpg
0553581678;Yours 2 Keep;Kay Hooper;1999;Bantam Books;http://images.amazon.com/images/P/0553581678.01.THUMBZZZ.jpg;http://images.amazon.com/images/P/0553581678.01.MZZZZZZZ.jpg;http://images.amazon.com/images/P/0553581678.01.LZZZZZZZ.jpg
0866220712;Your First Rabbit (Your First Series);Louise Vernier;1991;TFH Publications;http://images.amazon.com/images/P/0866220712.01.THUMBZZZ.jpg;http://images.amazon.com/images/P/0866220712.01.MZZZZZZZ.jpg;http://images.amazon.com/images/P/0866220712.01.LZZZZZZZ.jpg
1565074262;You're Never Alone;Marie Shropshire;1996;Harvest House Pub;http://images.amazon.com/images/P/1565074262.01.THUMBZZZ.jpg;http://images.amazon.com/images/P/1565074262.01.MZZZZZZZ.jpg;http://images.amazon.com/images/P/1565074262.01.LZZZZZZZ.jpg
0515055573;Yellow Rose;Shana Carrol;1982;Jove Books;http://images.amazon.com/images/P/0515055573.01.THUMBZZZ.jpg;http://images.amazon.com/images/P/0515055573.01.MZZZZZZZ.jpg;http://images.amazon.com/images/P/0515055573.01.LZZZZZZZ.jpg
1560524537;Your First Thirty Days: Building a Professional Image in a New Job (Fifty-Minute Series.);Elwood N. Chapman;1998;Crisp Publications;http://images.amazon.com/images/P/1560524537.01.THUMBZZZ.jpg;http://images.amazon.com/images/P/1560524537.01.MZZZZZZZ.jpg;http://images.amazon.com/images/P/1560524537.01.LZZZZZZZ.jpg
1591290910;Yellow Baby;Terrence Kopet;2002;PublishAmerica;http://images.amazon.com/images/P/1591290910.01.THUMBZZZ.jpg;http://images.amazon.com/images/P/1591290910.01.MZZZZZZZ.jpg;http://images.amazon.com/images/P/1591290910.01.LZZZZZZZ.jpg
1882606124;Yoga Made Easy: A Personal Yoga Program That Will Transform Your Daily Life;Howard Kent;1994;Peoples Medical Society;http://images.amazon.com/images/P/1882606124.01.THUMBZZZ.jpg;http://images.amazon.com/images/P/1882606124.01.MZZZZZZZ.jpg;http://images.amazon.com/images/P/1882606124.01.LZZZZZZZ.jpg
0789404478;Yoga Mind & Body;Sivananda Yoga Vedanta Center;1996;Dorling Kindersley Publishing;http://images.amazon.com/images/P/0789404478.01.THUMBZZZ.jpg;http://images.amazon.com/images/P/0789404478.01.MZZZZZZZ.jpg;http://images.amazon.com/images/P/0789404478.01.LZZZZZZZ.jpg
0590322613;You're Barking Up the Wrong Tree, Snoopy;Charles Schulz;1979;Scholastic;http://images.amazon.com/images/P/0590322613.01.THUMBZZZ.jpg;http://images.amazon.com/images/P/0590322613.01.MZZZZZZZ.jpg;http://images.amazon.com/images/P/0590322613.01.LZZZZZZZ.jpg
0380729008;Young Man from the Provinces: A Gay Life Before Stonewall;Alan Helms;1997;Avon Books;http://images.amazon.com/images/P/0380729008.01.THUMBZZZ.jpg;http://images.amazon.com/images/P/0380729008.01.MZZZZZZZ.jpg;http://images.amazon.com/images/P/0380729008.01.LZZZZZZZ.jpg
0590435388;Yukon Journey;Frank McLaughlin;1991;Scholastic Paperbacks (Mm);http://images.amazon.com/images/P/0590435388.01.THUMBZZZ.jpg;http://images.amazon.com/images/P/0590435388.01.MZZZZZZZ.jpg;http://images.amazon.com/images/P/0590435388.01.LZZZZZZZ.jpg
0911797246;Year at Elk Meadow;Jackie Gilmore;1986;Roberts Rinehart Publishers;http://images.amazon.com/images/P/0911797246.01.THUMBZZZ.jpg;http://images.amazon.com/images/P/0911797246.01.MZZZZZZZ.jpg;http://images.amazon.com/images/P/0911797246.01.LZZZZZZZ.jpg
0786882662;Your Life is Your Message : Finding Harmony With Yourself, Others, and the Earth;Eknath Easwaran;1997;Hyperion;http://images.amazon.com/images/P/0786882662.01.THUMBZZZ.jpg;http://images.amazon.com/images/P/0786882662.01.MZZZZZZZ.jpg;http://images.amazon.com/images/P/0786882662.01.LZZZZZZZ.jpg
0671638483;You May Plow Here: The Narrative of Sara Brooks (Touchstone Book);Sara Brooks;1987;Simon & Schuster;http://images.amazon.com/images/P/0671638483.01.THUMBZZZ.jpg;http://images.amazon.com/images/P/0671638483.01.MZZZZZZZ.jpg;http://images.amazon.com/images/P/0671638483.01.LZZZZZZZ.jpg
0890871205;Your Many Faces;Virginia M. Satir;1978;Celestial Arts;http://images.amazon.com/images/P/0890871205.01.THUMBZZZ.jpg;http://images.amazon.com/images/P/0890871205.01.MZZZZZZZ.jpg;http://images.amazon.com/images/P/0890871205.01.LZZZZZZZ.jpg
0966689402;Yogi Bare: Naked Truth from America's Leading Yoga Teachers;Philip Self;1998;Cypress Moon Press;http://images.amazon.com/images/P/0966689402.01.THUMBZZZ.jpg;http://images.amazon.com/images/P/0966689402.01.MZZZZZZZ.jpg;http://images.amazon.com/images/P/0966689402.01.LZZZZZZZ.jpg
1882663233;Your Flight Questions Answered: By a Jetliner Pilot;John Cronin;1998;Plymouth Press, Ltd;http://images.amazon.com/images/P/1882663233.01.THUMBZZZ.jpg;http://images.amazon.com/images/P/1882663233.01.MZZZZZZZ.jpg;http://images.amazon.com/images/P/1882663233.01.LZZZZZZZ.jpg
1557043167;You've Earned It, Don't Lose It : Mistakes You Can't Afford to Make When You Retire;Suze Orman;1997;Newmarket Press;http://images.amazon.com/images/P/1557043167.01.THUMBZZZ.jpg;http://images.amazon.com/images/P/1557043167.01.MZZZZZZZ.jpg;http://images.amazon.com/images/P/1557043167.01.LZZZZZZZ.jpg
0595231543;You are the Winner;Theo Mueller;2002;Writers Club Press;http://images.amazon.com/images/P/0595231543.01.THUMBZZZ.jpg;http://images.amazon.com/images/P/0595231543.01.MZZZZZZZ.jpg;http://images.amazon.com/images/P/0595231543.01.LZZZZZZZ.jpg
006445102X;Your Skin and Mine (Let's Read-And-Find-Out Books);Paul Showers;1991;HarperCollins Publishers;http://images.amazon.com/images/P/006445102X.01.THUMBZZZ.jpg;http://images.amazon.com/images/P/006445102X.01.MZZZZZZZ.jpg;http://images.amazon.com/images/P/006445102X.01.LZZZZZZZ.jpg
0385292694;Young Hearts Crying;Richard Yates;1986;Horizon Book Promotions;http://images.amazon.com/images/P/0385292694.01.THUMBZZZ.jpg;http://images.amazon.com/images/P/0385292694.01.MZZZZZZZ.jpg;http://images.amazon.com/images/P/0385292694.01.LZZZZZZZ.jpg
0821227173;Yowl : Selected Poems About Cats;Ferris Cook;2001;Bulfinch;http://images.amazon.com/images/P/0821227173.01.THUMBZZZ.jpg;http://images.amazon.com/images/P/0821227173.01.MZZZZZZZ.jpg;http://images.amazon.com/images/P/0821227173.01.LZZZZZZZ.jpg
1555613454;Your Pregnancy For The Father-To-Be: Everything You Need To Know About Pregnancy, Childbirth, And Getting Ready For Your New Baby;Glade B., Md. Curtis;2003;Perseus Publishing;http://images.amazon.com/images/P/1555613454.01.THUMBZZZ.jpg;http://images.amazon.com/images/P/1555613454.01.MZZZZZZZ.jpg;http://images.amazon.com/images/P/1555613454.01.LZZZZZZZ.jpg
0881846791;You're All Alone;Fritz Leiber;1990;Pub Group West;http://images.amazon.com/images/P/0881846791.01.THUMBZZZ.jpg;http://images.amazon.com/images/P/0881846791.01.MZZZZZZZ.jpg;http://images.amazon.com/images/P/0881846791.01.LZZZZZZZ.jpg
0843127953;You'Ve Been Married Too Long When;Joy Grdnic;1990;Putnam Pub Group;http://images.amazon.com/images/P/0843127953.01.THUMBZZZ.jpg;http://images.amazon.com/images/P/0843127953.01.MZZZZZZZ.jpg;http://images.amazon.com/images/P/0843127953.01.LZZZZZZZ.jpg
0880885947;You're a Fabulous Fifty!;Lois L. Kaufman;1996;Peter Pauper Press;http://images.amazon.com/images/P/0880885947.01.THUMBZZZ.jpg;http://images.amazon.com/images/P/0880885947.01.MZZZZZZZ.jpg;http://images.amazon.com/images/P/0880885947.01.LZZZZZZZ.jpg
1564767299;Your Fabulous Fifties;Mike Yorkey;2000;Chariot Victor Publishing;http://images.amazon.com/images/P/1564767299.01.THUMBZZZ.jpg;http://images.amazon.com/images/P/1564767299.01.MZZZZZZZ.jpg;http://images.amazon.com/images/P/1564767299.01.LZZZZZZZ.jpg
0575061316;Your Mother's Tongue: A Book of European Invective;Stephen Burgen;1997;Trafalgar Square;http://images.amazon.com/images/P/0575061316.01.THUMBZZZ.jpg;http://images.amazon.com/images/P/0575061316.01.MZZZZZZZ.jpg;http://images.amazon.com/images/P/0575061316.01.LZZZZZZZ.jpg
0801590493;You Can Become the Person You Want to Be;Robert H Schuller;0;Hawthorn Books;http://images.amazon.com/images/P/0801590493.01.THUMBZZZ.jpg;http://images.amazon.com/images/P/0801590493.01.MZZZZZZZ.jpg;http://images.amazon.com/images/P/0801590493.01.LZZZZZZZ.jpg
0590402056;Yearbook;Melissa Davis;1987;Scholastic;http://images.amazon.com/images/P/0590402056.01.THUMBZZZ.jpg;http://images.amazon.com/images/P/0590402056.01.MZZZZZZZ.jpg;http://images.amazon.com/images/P/0590402056.01.LZZZZZZZ.jpg
0553271318;Year of the Gopher;Phyllis Reynolds Naylor;1988;Starfire;http://images.amazon.com/images/P/0553271318.01.THUMBZZZ.jpg;http://images.amazon.com/images/P/0553271318.01.MZZZZZZZ.jpg;http://images.amazon.com/images/P/0553271318.01.LZZZZZZZ.jpg
0553263862;You Are a Shark (Choose Your Own Adventure #45);Edward Packard;1985;Skylark Books;http://images.amazon.com/images/P/0553263862.01.THUMBZZZ.jpg;http://images.amazon.com/images/P/0553263862.01.MZZZZZZZ.jpg;http://images.amazon.com/images/P/0553263862.01.LZZZZZZZ.jpg
0898798639;You Can Write a Mystery (You Can Write It);Gillian Roberts;1999;Writer's Digest Books;http://images.amazon.com/images/P/0898798639.01.THUMBZZZ.jpg;http://images.amazon.com/images/P/0898798639.01.MZZZZZZZ.jpg;http://images.amazon.com/images/P/0898798639.01.LZZZZZZZ.jpg
0192817469;Young Goodman Brown and Other Tales (World's Classics);Nathaniel Hawthorne;1988;Oxford University Press;http://images.amazon.com/images/P/0192817469.01.THUMBZZZ.jpg;http://images.amazon.com/images/P/0192817469.01.MZZZZZZZ.jpg;http://images.amazon.com/images/P/0192817469.01.LZZZZZZZ.jpg
0688131964;You're Grounded Till You're Thirty!: What Works - And What Doesn't - In Parenting Today's Teens (Good Housekeeping Parent Guide);Judith E. Craig;1996;Sterling Pub Co Inc;http://images.amazon.com/images/P/0688131964.01.THUMBZZZ.jpg;http://images.amazon.com/images/P/0688131964.01.MZZZZZZZ.jpg;http://images.amazon.com/images/P/0688131964.01.LZZZZZZZ.jpg
0449216799;Your Past Lives: A Reincarnation Handbook;Michael Talbot;1990;Fawcett Books;http://images.amazon.com/images/P/0449216799.01.THUMBZZZ.jpg;http://images.amazon.com/images/P/0449216799.01.MZZZZZZZ.jpg;http://images.amazon.com/images/P/0449216799.01.LZZZZZZZ.jpg
0836279417;Yesterday, Today, and Forever;Jeane Dixon;1987;Andrews McMeel Pub;http://images.amazon.com/images/P/0836279417.01.THUMBZZZ.jpg;http://images.amazon.com/images/P/0836279417.01.MZZZZZZZ.jpg;http://images.amazon.com/images/P/0836279417.01.LZZZZZZZ.jpg
087877033X;"Your Psychic Powers and How to Develop Them (Newcastle Occult Book ; P-33)";Hereward Carrington;1975;Newcastle Publishing Company;http://images.amazon.com/images/P/087877033X.01.THUMBZZZ.jpg;http://images.amazon.com/images/P/087877033X.01.MZZZZZZZ.jpg;http://images.amazon.com/images/P/087877033X.01.LZZZZZZZ.jpg
093512764X;Your Magical Child;Kay Maria Simms;1998;ACS Publications;http://images.amazon.com/images/P/093512764X.01.THUMBZZZ.jpg;http://images.amazon.com/images/P/093512764X.01.MZZZZZZZ.jpg;http://images.amazon.com/images/P/093512764X.01.LZZZZZZZ.jpg
0373077688;Yesterday'S Bride (Silhouette Intimate Moments, No 768);John N. Walker;1997;Silhouette;http://images.amazon.com/images/P/0373077688.01.THUMBZZZ.jpg;http://images.amazon.com/images/P/0373077688.01.MZZZZZZZ.jpg;http://images.amazon.com/images/P/0373077688.01.LZZZZZZZ.jpg
0373106955;Yesterday'S Shadow;Author Unknown;1984;Harlequin;http://images.amazon.com/images/P/0373106955.01.THUMBZZZ.jpg;http://images.amazon.com/images/P/0373106955.01.MZZZZZZZ.jpg;http://images.amazon.com/images/P/0373106955.01.LZZZZZZZ.jpg
1852791578;Your First Kitten (Your First...series);Marianne Mays;0;TFH Publications;http://images.amazon.com/images/P/1852791578.01.THUMBZZZ.jpg;http://images.amazon.com/images/P/1852791578.01.MZZZZZZZ.jpg;http://images.amazon.com/images/P/1852791578.01.LZZZZZZZ.jpg
0864420064;Yemen--A Travel Survival Kit (Lonely Planet Yemen);Pertti Hamalainen;1988;Lonely Planet Publications;http://images.amazon.com/images/P/0864420064.01.THUMBZZZ.jpg;http://images.amazon.com/images/P/0864420064.01.MZZZZZZZ.jpg;http://images.amazon.com/images/P/0864420064.01.LZZZZZZZ.jpg
0821768492;Yankee Wife (Precious Gem Historical Romance, 53);Pat Pritchard;2000;"Zebra Books; Kensington Publishing Corp.";http://images.amazon.com/images/P/0821768492.01.THUMBZZZ.jpg;http://images.amazon.com/images/P/0821768492.01.MZZZZZZZ.jpg;http://images.amazon.com/images/P/0821768492.01.LZZZZZZZ.jpg
014009797X;Yankees in the Land of the Gods: Commodore Perry and the Opening of Japan;Peter Booth Wiley;1991;Penguin USA;http://images.amazon.com/images/P/014009797X.01.THUMBZZZ.jpg;http://images.amazon.com/images/P/014009797X.01.MZZZZZZZ.jpg;http://images.amazon.com/images/P/014009797X.01.LZZZZZZZ.jpg
1405300566;Yoga for Pregnancy, Birth and Beyond;Francoise Barbira Freedman;2004;Dorling Kindersley;http://images.amazon.com/images/P/1405300566.01.THUMBZZZ.jpg;http://images.amazon.com/images/P/1405300566.01.MZZZZZZZ.jpg;http://images.amazon.com/images/P/1405300566.01.LZZZZZZZ.jpg
0880012412;Yeats at Work;Curtis B. Bradford;1990;Ecco Press;http://images.amazon.com/images/P/0880012412.01.THUMBZZZ.jpg;http://images.amazon.com/images/P/0880012412.01.MZZZZZZZ.jpg;http://images.amazon.com/images/P/0880012412.01.LZZZZZZZ.jpg
000637610X;You Got an Ology;Maureen Lipman;1990;HarperCollins Publishers;http://images.amazon.com/images/P/000637610X.01.THUMBZZZ.jpg;http://images.amazon.com/images/P/000637610X.01.MZZZZZZZ.jpg;http://images.amazon.com/images/P/000637610X.01.LZZZZZZZ.jpg
